tracker,sequence,frame,track_id,anchor_gt_id,inside_verified_internal_gt_gap,gt_prev,gt_next,max_iou_any_scoreable_gt,max_iou_gt_id,bucket,another_gt_identity_overlaps,intended_reference_identity_present_at_frame,n_scoreable_gt_in_frame
ByteTrack,dancetrack0004,1029,11,3,1,1028,1030,0.586799,2,GE_GATE,1,0,3
ByteTrack,dancetrack0005,422,20,1,1,421,425,0.403899,0,BETWEEN_0_AND_GATE,1,0,3
ByteTrack,dancetrack0005,423,20,1,1,421,425,0.384777,0,BETWEEN_0_AND_GATE,1,0,3
ByteTrack,dancetrack0005,424,20,1,1,421,425,0.348249,0,BETWEEN_0_AND_GATE,1,0,3
ByteTrack,dancetrack0005,587,20,1,1,586,589,0.367581,2,BETWEEN_0_AND_GATE,1,0,3
ByteTrack,dancetrack0005,588,20,1,1,586,589,0.473712,2,BETWEEN_0_AND_GATE,1,0,3
ByteTrack,dancetrack0005,674,20,1,1,673,675,0.242356,2,BETWEEN_0_AND_GATE,1,0,3
ByteTrack,dancetrack0005,675,17,3,1,674,676,0.27867,0,BETWEEN_0_AND_GATE,1,0,3
ByteTrack,dancetrack0005,688,20,1,1,687,692,0.141498,0,BETWEEN_0_AND_GATE,1,0,3
ByteTrack,dancetrack0005,689,20,1,1,687,692,0.15465,0,BETWEEN_0_AND_GATE,1,0,3
ByteTrack,dancetrack0005,690,20,1,1,687,692,0.192555,0,BETWEEN_0_AND_GATE,1,0,3
ByteTrack,dancetrack0005,691,20,1,1,687,692,0.229017,0,BETWEEN_0_AND_GATE,1,0,3
ByteTrack,dancetrack0005,764,17,3,1,763,768,0.65774,1,GE_GATE,1,0,3
ByteTrack,dancetrack0005,765,17,3,1,763,768,0.728335,1,GE_GATE,1,0,3
ByteTrack,dancetrack0005,766,17,3,1,763,768,0.752398,1,GE_GATE,1,0,3
ByteTrack,dancetrack0005,767,17,3,1,763,768,0.676441,1,GE_GATE,1,0,3
ByteTrack,dancetrack0007,140,35,2,1,139,142,0.782185,5,GE_GATE,1,0,7
ByteTrack,dancetrack0007,141,35,2,1,139,142,0.629468,5,GE_GATE,1,0,7
ByteTrack,dancetrack0007,375,31,0,1,374,377,0.553171,5,GE_GATE,1,0,7
ByteTrack,dancetrack0007,376,31,0,1,374,377,0.440815,5,BETWEEN_0_AND_GATE,1,0,7
ByteTrack,dancetrack0007,739,34,4,1,738,740,0.779381,6,GE_GATE,1,0,7
ByteTrack,dancetrack0007,887,27,3,1,886,888,0.586151,4,GE_GATE,1,0,7
ByteTrack,dancetrack0007,895,29,1,1,894,896,0.433495,4,BETWEEN_0_AND_GATE,1,0,7
ByteTrack,dancetrack0007,896,27,3,1,895,898,0.649566,2,GE_GATE,1,0,7
ByteTrack,dancetrack0007,897,27,3,1,895,898,0.686473,2,GE_GATE,1,0,7
ByteTrack,dancetrack0007,911,29,1,1,910,915,0.672259,3,GE_GATE,1,0,7
ByteTrack,dancetrack0007,912,29,1,1,910,915,0.701246,3,GE_GATE,1,0,7
ByteTrack,dancetrack0007,913,29,1,1,910,915,0.7113,3,GE_GATE,1,0,7
ByteTrack,dancetrack0007,914,29,1,1,910,915,0.728376,3,GE_GATE,1,0,7
ByteTrack,dancetrack0007,1000,29,1,1,999,1001,0.451722,3,BETWEEN_0_AND_GATE,1,0,7
ByteTrack,dancetrack0007,1097,33,2,1,1096,1098,0.783832,7,GE_GATE,1,0,7
ByteTrack,dancetrack0010,214,44,0,1,213,216,0.650563,1,GE_GATE,1,0,5
ByteTrack,dancetrack0010,215,44,0,1,213,216,0.732109,1,GE_GATE,1,0,5
ByteTrack,dancetrack0010,258,48,2,1,257,259,0.47085,3,BETWEEN_0_AND_GATE,1,0,4
ByteTrack,dancetrack0010,710,54,3,1,709,712,0.591883,2,GE_GATE,1,0,5
ByteTrack,dancetrack0010,711,54,3,1,709,712,0.575646,2,GE_GATE,1,0,5
ByteTrack,dancetrack0010,814,49,5,1,813,815,0.712295,4,GE_GATE,1,0,5
ByteTrack,dancetrack0010,1055,49,5,1,1054,1057,0.396789,0,BETWEEN_0_AND_GATE,1,0,5
ByteTrack,dancetrack0010,1056,49,5,1,1054,1057,0.5704,0,GE_GATE,1,0,5
ByteTrack,dancetrack0014,188,64,3,1,187,193,0.336596,9,BETWEEN_0_AND_GATE,1,0,10
ByteTrack,dancetrack0014,189,64,3,1,187,193,0.335399,9,BETWEEN_0_AND_GATE,1,0,10
ByteTrack,dancetrack0014,190,64,3,1,187,193,0.401448,9,BETWEEN_0_AND_GATE,1,0,10
ByteTrack,dancetrack0014,191,64,3,1,187,193,0.41662,9,BETWEEN_0_AND_GATE,1,0,10
ByteTrack,dancetrack0014,192,64,3,1,187,193,0.357503,9,BETWEEN_0_AND_GATE,1,0,11
ByteTrack,dancetrack0014,194,64,3,1,193,195,0.319666,9,BETWEEN_0_AND_GATE,1,0,11
ByteTrack,dancetrack0014,265,64,3,1,264,269,0.492997,1,BETWEEN_0_AND_GATE,1,0,10
ByteTrack,dancetrack0014,266,64,3,1,264,269,0.557262,1,GE_GATE,1,0,10
ByteTrack,dancetrack0014,267,64,3,1,264,269,0.703461,1,GE_GATE,1,0,10
ByteTrack,dancetrack0014,268,64,3,1,264,269,0.429421,1,BETWEEN_0_AND_GATE,1,0,10
ByteTrack,dancetrack0014,271,65,1,1,270,272,0.677039,9,GE_GATE,1,0,10
ByteTrack,dancetrack0014,477,58,5,1,476,479,0.525685,1,GE_GATE,1,0,9
ByteTrack,dancetrack0014,478,58,5,1,476,479,0.576228,1,GE_GATE,1,0,9
ByteTrack,dancetrack0014,738,77,0,1,737,741,0.545844,1,GE_GATE,1,0,10
ByteTrack,dancetrack0014,739,77,0,1,737,741,0.65827,1,GE_GATE,1,0,10
ByteTrack,dancetrack0014,740,77,0,1,737,741,0.669774,1,GE_GATE,1,0,10
ByteTrack,dancetrack0014,917,88,3,1,916,918,0.392597,5,BETWEEN_0_AND_GATE,1,0,11
ByteTrack,dancetrack0014,927,80,7,1,926,929,0.37667,10,BETWEEN_0_AND_GATE,1,0,11
ByteTrack,dancetrack0014,928,80,7,1,926,929,0.389581,10,BETWEEN_0_AND_GATE,1,0,10
ByteTrack,dancetrack0014,981,66,9,1,980,983,0.461842,7,BETWEEN_0_AND_GATE,1,0,9
ByteTrack,dancetrack0014,982,66,9,1,980,983,0.474108,7,BETWEEN_0_AND_GATE,1,0,10
ByteTrack,dancetrack0014,989,89,2,1,988,990,0.530422,7,GE_GATE,1,0,11
ByteTrack,dancetrack0014,1098,66,9,1,1097,1099,0.678559,2,GE_GATE,1,0,10
ByteTrack,dancetrack0014,1099,92,3,1,1098,1100,0.545897,4,GE_GATE,1,0,11
ByteTrack,dancetrack0019,1316,114,0,1,1315,1318,0.629655,5,GE_GATE,1,0,6
ByteTrack,dancetrack0019,1317,114,0,1,1315,1318,0.599229,5,GE_GATE,1,0,6
ByteTrack,dancetrack0019,1534,138,4,1,1533,1535,0.623301,1,GE_GATE,1,0,6
ByteTrack,dancetrack0025,287,187,6,1,286,289,0.594406,0,GE_GATE,1,0,8
ByteTrack,dancetrack0025,288,187,6,1,286,289,0.668963,0,GE_GATE,1,0,8
ByteTrack,dancetrack0025,397,167,4,1,396,406,0.374283,3,BETWEEN_0_AND_GATE,1,0,8
ByteTrack,dancetrack0025,398,167,4,1,396,406,0.374097,3,BETWEEN_0_AND_GATE,1,0,8
ByteTrack,dancetrack0025,399,167,4,1,396,406,0.402063,3,BETWEEN_0_AND_GATE,1,0,8
ByteTrack,dancetrack0025,400,167,4,1,396,406,0.423475,3,BETWEEN_0_AND_GATE,1,0,8
ByteTrack,dancetrack0025,401,167,4,1,396,406,0.506786,3,GE_GATE,1,0,8
ByteTrack,dancetrack0025,402,167,4,1,396,406,0.553042,3,GE_GATE,1,0,8
ByteTrack,dancetrack0025,403,167,4,1,396,406,0.678249,3,GE_GATE,1,0,8
ByteTrack,dancetrack0025,404,167,4,1,396,406,0.604836,3,GE_GATE,1,0,8
ByteTrack,dancetrack0025,405,167,4,1,396,406,0.56584,3,GE_GATE,1,0,8
ByteTrack,dancetrack0026,40,208,0,1,39,43,0.552071,4,GE_GATE,1,0,15
ByteTrack,dancetrack0026,41,208,0,1,39,43,0.5802,4,GE_GATE,1,0,15
ByteTrack,dancetrack0026,42,208,0,1,39,43,0.614628,4,GE_GATE,1,0,14
ByteTrack,dancetrack0026,52,220,15,1,51,54,0.436403,16,BETWEEN_0_AND_GATE,1,0,13
ByteTrack,dancetrack0026,53,220,15,1,51,54,0.43221,16,BETWEEN_0_AND_GATE,1,0,14
ByteTrack,dancetrack0026,61,219,10,1,60,63,0.581332,6,GE_GATE,1,0,13
ByteTrack,dancetrack0026,62,219,10,1,60,63,0.626141,3,GE_GATE,1,0,13
ByteTrack,dancetrack0026,76,213,4,1,75,81,0.618466,17,GE_GATE,1,0,13
ByteTrack,dancetrack0026,77,213,4,1,75,81,0.647706,17,GE_GATE,1,0,14
ByteTrack,dancetrack0026,78,213,4,1,75,81,0.68093,17,GE_GATE,1,0,15
ByteTrack,dancetrack0026,79,213,4,1,75,81,0.699939,17,GE_GATE,1,0,14
ByteTrack,dancetrack0026,80,213,4,1,75,81,0.673492,17,GE_GATE,1,0,14
ByteTrack,dancetrack0026,106,215,12,1,105,108,0.582065,9,GE_GATE,1,0,11
ByteTrack,dancetrack0026,107,215,12,1,105,108,0.556264,9,GE_GATE,1,0,12
ByteTrack,dancetrack0026,128,231,11,1,127,130,0.317782,5,BETWEEN_0_AND_GATE,1,0,15
ByteTrack,dancetrack0026,129,231,11,1,127,130,0.37463,5,BETWEEN_0_AND_GATE,1,0,15
ByteTrack,dancetrack0026,132,231,11,1,131,133,0.501216,5,GE_GATE,1,0,16
ByteTrack,dancetrack0026,136,210,13,1,135,140,0.355348,5,BETWEEN_0_AND_GATE,1,0,16
ByteTrack,dancetrack0026,137,210,13,1,135,140,0.445046,5,BETWEEN_0_AND_GATE,1,0,15
ByteTrack,dancetrack0026,138,210,13,1,135,140,0.754768,5,GE_GATE,1,0,14
ByteTrack,dancetrack0026,139,210,13,1,135,140,0.868511,5,GE_GATE,1,0,15
ByteTrack,dancetrack0026,143,215,2,1,142,148,0.673623,18,GE_GATE,1,0,16
ByteTrack,dancetrack0026,144,215,2,1,142,148,0.537947,18,GE_GATE,1,0,16
ByteTrack,dancetrack0026,145,215,2,1,142,148,0.524881,18,GE_GATE,1,0,16
ByteTrack,dancetrack0026,146,215,2,1,142,148,0.38811,11,BETWEEN_0_AND_GATE,1,0,16
ByteTrack,dancetrack0026,147,215,2,1,142,148,0.348151,11,BETWEEN_0_AND_GATE,1,0,16
ByteTrack,dancetrack0026,149,228,8,1,148,150,0.4858,6,BETWEEN_0_AND_GATE,1,0,15
ByteTrack,dancetrack0026,192,210,0,1,191,209,0.422534,9,BETWEEN_0_AND_GATE,1,0,13
ByteTrack,dancetrack0026,193,210,0,1,191,209,0.429969,9,BETWEEN_0_AND_GATE,1,0,13
ByteTrack,dancetrack0026,194,210,0,1,191,209,0.45861,9,BETWEEN_0_AND_GATE,1,0,15
ByteTrack,dancetrack0026,195,210,0,1,191,209,0.351742,13,BETWEEN_0_AND_GATE,1,0,13
ByteTrack,dancetrack0026,196,210,0,1,191,209,0.458033,13,BETWEEN_0_AND_GATE,1,0,15
ByteTrack,dancetrack0026,197,210,0,1,191,209,0.562002,13,GE_GATE,1,0,12
ByteTrack,dancetrack0026,198,210,0,1,191,209,0.647051,13,GE_GATE,1,0,13
ByteTrack,dancetrack0026,199,210,0,1,191,209,0.627802,13,GE_GATE,1,0,13
ByteTrack,dancetrack0026,200,210,0,1,191,209,0.669055,13,GE_GATE,1,0,13
ByteTrack,dancetrack0026,200,231,2,1,199,202,0.568233,1,GE_GATE,1,0,13
ByteTrack,dancetrack0026,201,210,0,1,191,209,0.672531,13,GE_GATE,1,0,13
ByteTrack,dancetrack0026,201,231,2,1,199,202,0.519936,1,GE_GATE,1,0,13
ByteTrack,dancetrack0026,202,210,0,1,191,209,0.575194,13,GE_GATE,1,0,15
ByteTrack,dancetrack0026,203,210,0,1,191,209,0.545166,13,GE_GATE,1,0,14
ByteTrack,dancetrack0026,204,210,0,1,191,209,0.462627,13,BETWEEN_0_AND_GATE,1,0,14
ByteTrack,dancetrack0026,205,210,0,1,191,209,0.380056,13,BETWEEN_0_AND_GATE,1,0,15
ByteTrack,dancetrack0026,206,210,0,1,191,209,0.387646,8,BETWEEN_0_AND_GATE,1,0,15
ByteTrack,dancetrack0026,207,210,0,1,191,209,0.407089,8,BETWEEN_0_AND_GATE,1,0,15
ByteTrack,dancetrack0026,208,210,0,1,191,209,0.381173,8,BETWEEN_0_AND_GATE,1,0,15
ByteTrack,dancetrack0026,212,213,12,1,211,216,0.482139,14,BETWEEN_0_AND_GATE,1,0,13
ByteTrack,dancetrack0026,213,213,12,1,211,216,0.46891,14,BETWEEN_0_AND_GATE,1,0,14
ByteTrack,dancetrack0026,214,213,12,1,211,216,0.623808,11,GE_GATE,1,0,13
ByteTrack,dancetrack0026,215,213,12,1,211,216,0.622221,11,GE_GATE,1,0,15
ByteTrack,dancetrack0026,233,223,3,1,232,235,0.306531,8,BETWEEN_0_AND_GATE,1,0,9
ByteTrack,dancetrack0026,234,223,3,1,232,235,0.285344,8,BETWEEN_0_AND_GATE,1,0,11
ByteTrack,dancetrack0026,251,239,7,1,250,253,0.419066,5,BETWEEN_0_AND_GATE,1,0,12
ByteTrack,dancetrack0026,252,239,7,1,250,253,0.251385,5,BETWEEN_0_AND_GATE,1,0,12
ByteTrack,dancetrack0026,254,239,7,1,253,255,0.147367,18,BETWEEN_0_AND_GATE,1,0,11
ByteTrack,dancetrack0026,269,215,9,1,268,272,0.465764,18,BETWEEN_0_AND_GATE,1,0,8
ByteTrack,dancetrack0026,269,216,13,1,268,272,0.637857,11,GE_GATE,1,0,8
ByteTrack,dancetrack0026,270,215,9,1,268,272,0.517058,18,GE_GATE,1,0,8
ByteTrack,dancetrack0026,270,216,13,1,268,272,0.748354,11,GE_GATE,1,0,8
ByteTrack,dancetrack0026,271,215,9,1,268,272,0.487213,18,BETWEEN_0_AND_GATE,1,0,8
ByteTrack,dancetrack0026,271,216,13,1,268,272,0.665374,11,GE_GATE,1,0,8
ByteTrack,dancetrack0030,1232,248,0,1,1231,1234,0.457195,5,BETWEEN_0_AND_GATE,1,0,5
ByteTrack,dancetrack0030,1233,248,0,1,1231,1234,0.446982,5,BETWEEN_0_AND_GATE,1,0,5
ByteTrack,dancetrack0034,218,275,12,1,217,220,0.60183,5,GE_GATE,1,0,11
ByteTrack,dancetrack0034,219,275,12,1,217,220,0.615421,5,GE_GATE,1,0,11
ByteTrack,dancetrack0034,239,257,8,1,238,241,0.519058,3,GE_GATE,1,0,12
ByteTrack,dancetrack0034,240,257,8,1,238,241,0.565965,3,GE_GATE,1,0,12
ByteTrack,dancetrack0034,243,275,12,1,242,246,0.277149,7,BETWEEN_0_AND_GATE,1,0,12
ByteTrack,dancetrack0034,244,275,12,1,242,246,0.276601,7,BETWEEN_0_AND_GATE,1,0,12
ByteTrack,dancetrack0034,245,275,12,1,242,246,0.285213,7,BETWEEN_0_AND_GATE,1,0,12
ByteTrack,dancetrack0034,250,263,9,1,249,251,0.626032,5,GE_GATE,1,0,10
ByteTrack,dancetrack0034,343,260,13,1,342,348,0.539969,9,GE_GATE,1,0,11
ByteTrack,dancetrack0034,344,260,13,1,342,348,0.638795,9,GE_GATE,1,0,11
ByteTrack,dancetrack0034,345,260,13,1,342,348,0.685486,9,GE_GATE,1,0,11
ByteTrack,dancetrack0034,346,260,13,1,342,348,0.670598,9,GE_GATE,1,0,11
ByteTrack,dancetrack0034,347,260,13,1,342,348,0.603017,9,GE_GATE,1,0,11
ByteTrack,dancetrack0034,482,263,7,1,481,486,0.619036,9,GE_GATE,1,0,10
ByteTrack,dancetrack0034,483,263,7,1,481,486,0.597607,9,GE_GATE,1,0,10
ByteTrack,dancetrack0034,484,263,7,1,481,486,0.578099,9,GE_GATE,1,0,9
ByteTrack,dancetrack0034,484,287,13,1,483,487,0.727294,0,GE_GATE,1,0,9
ByteTrack,dancetrack0034,485,263,7,1,481,486,0.534632,9,GE_GATE,1,0,9
ByteTrack,dancetrack0034,485,287,13,1,483,487,0.732406,0,GE_GATE,1,0,9
ByteTrack,dancetrack0034,486,287,13,1,483,487,0.680097,0,GE_GATE,1,0,10
ByteTrack,dancetrack0034,488,278,5,1,487,489,0.71609,2,GE_GATE,1,0,11
ByteTrack,dancetrack0034,512,287,13,1,511,515,0.613385,9,GE_GATE,1,0,10
ByteTrack,dancetrack0034,513,287,13,1,511,515,0.670282,9,GE_GATE,1,0,10
ByteTrack,dancetrack0034,514,287,13,1,511,515,0.653972,9,GE_GATE,1,0,11
ByteTrack,dancetrack0034,668,298,12,1,667,677,0.538686,13,GE_GATE,1,0,12
ByteTrack,dancetrack0034,669,298,12,1,667,677,0.538522,13,GE_GATE,1,0,12
ByteTrack,dancetrack0034,670,298,12,1,667,677,0.543021,13,GE_GATE,1,0,12
ByteTrack,dancetrack0034,671,298,12,1,667,677,0.535958,13,GE_GATE,1,0,12
ByteTrack,dancetrack0034,672,298,12,1,667,677,0.523296,13,GE_GATE,1,0,13
ByteTrack,dancetrack0034,673,298,12,1,667,677,0.505285,13,GE_GATE,1,0,13
ByteTrack,dancetrack0034,674,298,12,1,667,677,0.504703,13,GE_GATE,1,0,13
ByteTrack,dancetrack0034,675,298,12,1,667,677,0.510463,13,GE_GATE,1,0,13
ByteTrack,dancetrack0034,676,298,12,1,667,677,0.512501,13,GE_GATE,1,0,13
ByteTrack,dancetrack0034,729,279,9,1,728,731,0.453972,5,BETWEEN_0_AND_GATE,1,0,11
ByteTrack,dancetrack0034,730,279,9,1,728,731,0.457619,5,BETWEEN_0_AND_GATE,1,0,11
ByteTrack,dancetrack0034,733,288,13,1,732,736,0.626012,12,GE_GATE,1,0,12
ByteTrack,dancetrack0034,734,288,13,1,732,736,0.61665,12,GE_GATE,1,0,11
ByteTrack,dancetrack0034,735,288,13,1,732,736,0.608498,12,GE_GATE,1,0,12
ByteTrack,dancetrack0034,793,257,6,1,792,797,0.649455,4,GE_GATE,1,0,12
ByteTrack,dancetrack0034,794,257,6,1,792,797,0.67605,4,GE_GATE,1,0,12
ByteTrack,dancetrack0034,795,257,6,1,792,797,0.707198,4,GE_GATE,1,0,12
ByteTrack,dancetrack0034,796,257,6,1,792,797,0.73145,4,GE_GATE,1,0,12
ByteTrack,dancetrack0035,221,321,1,1,220,224,0.603116,0,GE_GATE,1,0,7
ByteTrack,dancetrack0035,222,321,1,1,220,224,0.649258,0,GE_GATE,1,0,7
ByteTrack,dancetrack0035,223,321,1,1,220,224,0.714216,0,GE_GATE,1,0,7
ByteTrack,dancetrack0035,419,314,3,1,418,422,0.497348,5,BETWEEN_0_AND_GATE,1,0,7
ByteTrack,dancetrack0035,420,314,3,1,418,422,0.502464,5,GE_GATE,1,0,7
ByteTrack,dancetrack0035,421,314,3,1,418,422,0.489203,5,BETWEEN_0_AND_GATE,1,0,7
ByteTrack,dancetrack0035,604,313,6,1,603,613,0.576284,2,GE_GATE,1,0,5
ByteTrack,dancetrack0035,605,313,6,1,603,613,0.573133,2,GE_GATE,1,0,5
ByteTrack,dancetrack0035,606,313,6,1,603,613,0.552434,2,GE_GATE,1,0,5
ByteTrack,dancetrack0035,607,313,6,1,603,613,0.559029,2,GE_GATE,1,0,5
ByteTrack,dancetrack0035,608,313,6,1,603,613,0.51265,2,GE_GATE,1,0,5
ByteTrack,dancetrack0035,609,313,6,1,603,613,0.493851,2,BETWEEN_0_AND_GATE,1,0,5
ByteTrack,dancetrack0035,610,313,6,1,603,613,0.480044,2,BETWEEN_0_AND_GATE,1,0,6
ByteTrack,dancetrack0035,611,313,6,1,603,613,0.460654,2,BETWEEN_0_AND_GATE,1,0,6
ByteTrack,dancetrack0035,612,313,6,1,603,613,0.467431,5,BETWEEN_0_AND_GATE,1,0,6
ByteTrack,dancetrack0041,55,334,14,1,54,56,0.838627,18,GE_GATE,1,0,10
ByteTrack,dancetrack0041,59,339,16,1,58,62,0.754222,1,GE_GATE,1,0,8
ByteTrack,dancetrack0041,60,339,16,1,58,62,0.678284,1,GE_GATE,1,0,10
ByteTrack,dancetrack0041,61,339,16,1,58,62,0.5699,1,GE_GATE,1,0,10
ByteTrack,dancetrack0041,107,343,15,1,106,110,0.733935,18,GE_GATE,1,0,9
ByteTrack,dancetrack0041,108,343,15,1,106,110,0.823332,18,GE_GATE,1,0,9
ByteTrack,dancetrack0041,109,343,15,1,106,110,0.619958,18,GE_GATE,1,0,10
ByteTrack,dancetrack0041,116,346,17,1,115,118,0.634776,21,GE_GATE,1,0,11
ByteTrack,dancetrack0041,117,346,17,1,115,118,0.641725,21,GE_GATE,1,0,12
ByteTrack,dancetrack0041,124,338,1,1,123,126,0.622863,0,GE_GATE,1,0,10
ByteTrack,dancetrack0041,125,338,1,1,123,126,0.804229,0,GE_GATE,1,0,10
ByteTrack,dancetrack0041,130,335,7,1,129,132,0.841803,21,GE_GATE,1,0,9
ByteTrack,dancetrack0041,131,335,7,1,129,132,0.764862,21,GE_GATE,1,0,10
ByteTrack,dancetrack0041,132,341,18,1,131,134,0.494681,0,BETWEEN_0_AND_GATE,1,0,11
ByteTrack,dancetrack0041,133,341,18,1,131,134,0.670732,0,GE_GATE,1,0,11
ByteTrack,dancetrack0041,141,343,15,1,140,143,0.753542,21,GE_GATE,1,0,10
ByteTrack,dancetrack0041,142,335,7,1,141,144,0.784166,16,GE_GATE,1,0,9
ByteTrack,dancetrack0041,142,343,15,1,140,143,0.704235,21,GE_GATE,1,0,9
ByteTrack,dancetrack0041,143,335,7,1,141,144,0.777022,16,GE_GATE,1,0,9
ByteTrack,dancetrack0041,154,336,21,1,153,156,0.427539,0,BETWEEN_0_AND_GATE,1,0,11
ByteTrack,dancetrack0041,155,336,21,1,153,156,0.311138,0,BETWEEN_0_AND_GATE,1,0,11
ByteTrack,dancetrack0041,253,335,7,1,252,256,0.533338,0,GE_GATE,1,0,14
ByteTrack,dancetrack0041,254,335,7,1,252,256,0.490414,0,BETWEEN_0_AND_GATE,1,0,15
ByteTrack,dancetrack0041,255,335,7,1,252,256,0.46061,0,BETWEEN_0_AND_GATE,1,0,15
ByteTrack,dancetrack0041,275,353,2,1,274,277,0.597132,0,GE_GATE,1,0,14
ByteTrack,dancetrack0041,276,353,2,1,274,277,0.515161,0,GE_GATE,1,0,14
ByteTrack,dancetrack0041,285,353,2,1,284,287,0.586309,19,GE_GATE,1,0,15
ByteTrack,dancetrack0041,286,353,2,1,284,287,0.617105,19,GE_GATE,1,0,15
ByteTrack,dancetrack0041,291,355,10,1,290,293,0.506966,0,GE_GATE,1,0,13
ByteTrack,dancetrack0041,292,355,10,1,290,293,0.455408,0,BETWEEN_0_AND_GATE,1,0,13
ByteTrack,dancetrack0041,293,353,2,1,292,295,0.612024,1,GE_GATE,1,0,13
ByteTrack,dancetrack0041,294,353,2,1,292,295,0.585322,1,GE_GATE,1,0,13
ByteTrack,dancetrack0041,310,343,10,1,309,312,0.408082,1,BETWEEN_0_AND_GATE,1,0,14
ByteTrack,dancetrack0041,311,343,10,1,309,312,0.469347,1,BETWEEN_0_AND_GATE,1,0,14
ByteTrack,dancetrack0041,314,336,2,1,313,317,0.768143,7,GE_GATE,1,0,15
ByteTrack,dancetrack0041,315,336,2,1,313,317,0.733262,14,GE_GATE,1,0,14
ByteTrack,dancetrack0041,316,336,2,1,313,317,0.701517,7,GE_GATE,1,0,14
ByteTrack,dancetrack0041,325,336,2,1,324,328,0.700257,21,GE_GATE,1,0,13
ByteTrack,dancetrack0041,326,336,2,1,324,328,0.753882,21,GE_GATE,1,0,14
ByteTrack,dancetrack0041,327,336,2,1,324,328,0.730426,21,GE_GATE,1,0,12
ByteTrack,dancetrack0041,333,356,11,1,332,334,0.502156,18,GE_GATE,1,0,14
ByteTrack,dancetrack0041,363,336,10,1,362,365,0.690359,2,GE_GATE,1,0,18
ByteTrack,dancetrack0041,364,336,10,1,362,365,0.763247,2,GE_GATE,1,0,17
ByteTrack,dancetrack0041,389,355,4,1,388,393,0.713917,2,GE_GATE,1,0,19
ByteTrack,dancetrack0041,390,355,4,1,388,393,0.700168,2,GE_GATE,1,0,18
ByteTrack,dancetrack0041,391,355,4,1,388,393,0.566835,2,GE_GATE,1,0,18
ByteTrack,dancetrack0041,392,355,4,1,388,393,0.483757,2,BETWEEN_0_AND_GATE,1,0,19
ByteTrack,dancetrack0041,409,364,7,1,408,417,0.578161,10,GE_GATE,1,0,21
ByteTrack,dancetrack0041,410,364,7,1,408,417,0.554755,10,GE_GATE,1,0,21
ByteTrack,dancetrack0041,411,364,7,1,408,417,0.510171,10,GE_GATE,1,0,20
ByteTrack,dancetrack0041,412,364,7,1,408,417,0.528684,10,GE_GATE,1,0,20
ByteTrack,dancetrack0041,413,364,7,1,408,417,0.465488,10,BETWEEN_0_AND_GATE,1,0,20
ByteTrack,dancetrack0041,414,364,7,1,408,417,0.42526,10,BETWEEN_0_AND_GATE,1,0,20
ByteTrack,dancetrack0041,415,364,7,1,408,417,0.416787,10,BETWEEN_0_AND_GATE,1,0,20
ByteTrack,dancetrack0041,416,364,7,1,408,417,0.419378,10,BETWEEN_0_AND_GATE,1,0,20
ByteTrack,dancetrack0041,487,378,8,1,486,490,0.550178,9,GE_GATE,1,0,18
ByteTrack,dancetrack0041,488,378,8,1,486,490,0.569915,9,GE_GATE,1,0,18
ByteTrack,dancetrack0041,489,378,8,1,486,490,0.583766,9,GE_GATE,1,0,18
ByteTrack,dancetrack0041,568,375,10,1,567,572,0.540962,9,GE_GATE,1,0,20
ByteTrack,dancetrack0041,569,375,10,1,567,572,0.595588,9,GE_GATE,1,0,20
ByteTrack,dancetrack0041,570,375,10,1,567,572,0.586915,9,GE_GATE,1,0,20
ByteTrack,dancetrack0041,571,375,10,1,567,572,0.610061,9,GE_GATE,1,0,20
ByteTrack,dancetrack0041,602,367,15,1,601,611,0.430021,10,BETWEEN_0_AND_GATE,1,0,16
ByteTrack,dancetrack0041,603,367,15,1,601,611,0.425125,10,BETWEEN_0_AND_GATE,1,0,16
ByteTrack,dancetrack0041,604,367,15,1,601,611,0.464784,10,BETWEEN_0_AND_GATE,1,0,16
ByteTrack,dancetrack0041,605,367,15,1,601,611,0.476983,10,BETWEEN_0_AND_GATE,1,0,16
ByteTrack,dancetrack0041,606,367,15,1,601,611,0.505237,10,GE_GATE,1,0,16
ByteTrack,dancetrack0041,607,367,15,1,601,611,0.503164,10,GE_GATE,1,0,18
ByteTrack,dancetrack0041,608,367,15,1,601,611,0.609794,10,GE_GATE,1,0,17
ByteTrack,dancetrack0041,609,367,15,1,601,611,0.556321,10,GE_GATE,1,0,18
ByteTrack,dancetrack0041,610,367,15,1,601,611,0.589626,10,GE_GATE,1,0,18
ByteTrack,dancetrack0041,613,356,13,1,612,616,0.741768,9,GE_GATE,1,0,19
ByteTrack,dancetrack0041,614,356,13,1,612,616,0.677929,9,GE_GATE,1,0,20
ByteTrack,dancetrack0041,615,356,13,1,612,616,0.637414,9,GE_GATE,1,0,20
ByteTrack,dancetrack0041,627,367,15,1,626,633,0.63883,8,GE_GATE,1,0,19
ByteTrack,dancetrack0041,628,367,15,1,626,633,0.684486,8,GE_GATE,1,0,19
ByteTrack,dancetrack0041,629,367,15,1,626,633,0.675347,8,GE_GATE,1,0,20
ByteTrack,dancetrack0041,630,367,15,1,626,633,0.596325,8,GE_GATE,1,0,19
ByteTrack,dancetrack0041,631,367,15,1,626,633,0.578694,8,GE_GATE,1,0,19
ByteTrack,dancetrack0041,632,367,15,1,626,633,0.483825,8,BETWEEN_0_AND_GATE,1,0,19
ByteTrack,dancetrack0041,633,336,7,1,632,638,0.727109,6,GE_GATE,1,0,19
ByteTrack,dancetrack0041,634,336,7,1,632,638,0.664548,6,GE_GATE,1,0,18
ByteTrack,dancetrack0041,634,386,4,1,633,644,0.642826,5,GE_GATE,1,0,18
ByteTrack,dancetrack0041,635,336,7,1,632,638,0.606535,6,GE_GATE,1,0,18
ByteTrack,dancetrack0041,635,386,4,1,633,644,0.705978,5,GE_GATE,1,0,18
ByteTrack,dancetrack0041,636,336,7,1,632,638,0.43327,6,BETWEEN_0_AND_GATE,1,0,18
ByteTrack,dancetrack0041,636,386,4,1,633,644,0.69887,5,GE_GATE,1,0,18
ByteTrack,dancetrack0041,637,336,7,1,632,638,0.427871,6,BETWEEN_0_AND_GATE,1,0,19
ByteTrack,dancetrack0041,637,386,4,1,633,644,0.766564,5,GE_GATE,1,0,19
ByteTrack,dancetrack0041,638,386,4,1,633,644,0.758317,5,GE_GATE,1,0,20
ByteTrack,dancetrack0041,639,386,4,1,633,644,0.704399,5,GE_GATE,1,0,20
ByteTrack,dancetrack0041,640,386,4,1,633,644,0.643389,5,GE_GATE,1,0,20
ByteTrack,dancetrack0041,641,386,4,1,633,644,0.628138,5,GE_GATE,1,0,20
ByteTrack,dancetrack0041,642,386,4,1,633,644,0.528438,5,GE_GATE,1,0,20
ByteTrack,dancetrack0041,643,367,15,1,642,650,0.628994,11,GE_GATE,1,0,19
ByteTrack,dancetrack0041,643,386,4,1,633,644,0.521585,5,GE_GATE,1,0,19
ByteTrack,dancetrack0041,644,367,15,1,642,650,0.707117,11,GE_GATE,1,0,19
ByteTrack,dancetrack0041,645,367,15,1,642,650,0.728042,11,GE_GATE,1,0,19
ByteTrack,dancetrack0041,646,367,15,1,642,650,0.752379,11,GE_GATE,1,0,20
ByteTrack,dancetrack0041,647,367,15,1,642,650,0.728642,11,GE_GATE,1,0,20
ByteTrack,dancetrack0041,648,367,15,1,642,650,0.601995,11,GE_GATE,1,0,19
ByteTrack,dancetrack0041,649,367,15,1,642,650,0.541812,11,GE_GATE,1,0,20
ByteTrack,dancetrack0041,661,374,16,1,660,663,0.494716,0,BETWEEN_0_AND_GATE,1,0,20
ByteTrack,dancetrack0041,662,374,16,1,660,663,0.50416,0,GE_GATE,1,0,19
ByteTrack,dancetrack0041,664,357,21,1,663,666,0.504399,19,GE_GATE,1,0,18
ByteTrack,dancetrack0041,664,367,15,1,663,667,0.710842,6,GE_GATE,1,0,18
ByteTrack,dancetrack0041,665,357,21,1,663,666,0.441205,19,BETWEEN_0_AND_GATE,1,0,18
ByteTrack,dancetrack0041,665,367,15,1,663,667,0.721014,6,GE_GATE,1,0,18
ByteTrack,dancetrack0041,666,347,14,1,665,671,0.431232,1,BETWEEN_0_AND_GATE,1,0,19
ByteTrack,dancetrack0041,666,367,15,1,663,667,0.605627,6,GE_GATE,1,0,19
ByteTrack,dancetrack0041,667,347,14,1,665,671,0.409964,1,BETWEEN_0_AND_GATE,1,0,20
ByteTrack,dancetrack0041,668,347,14,1,665,671,0.469773,1,BETWEEN_0_AND_GATE,1,0,19
ByteTrack,dancetrack0041,669,347,14,1,665,671,0.587193,1,GE_GATE,1,0,18
ByteTrack,dancetrack0041,670,347,14,1,665,671,0.625896,1,GE_GATE,1,0,16
ByteTrack,dancetrack0041,681,367,15,1,680,683,0.774801,5,GE_GATE,1,0,21
ByteTrack,dancetrack0041,682,367,15,1,680,683,0.743944,5,GE_GATE,1,0,20
ByteTrack,dancetrack0041,682,374,16,1,681,684,0.542181,18,GE_GATE,1,0,20
ByteTrack,dancetrack0041,683,374,16,1,681,684,0.734066,18,GE_GATE,1,0,21
ByteTrack,dancetrack0041,688,389,2,1,687,690,0.600196,18,GE_GATE,1,0,20
ByteTrack,dancetrack0041,689,389,2,1,687,690,0.619594,18,GE_GATE,1,0,20
ByteTrack,dancetrack0041,692,356,13,1,691,693,0.627167,6,GE_GATE,1,0,19
ByteTrack,dancetrack0041,706,367,15,1,705,714,0.684375,3,GE_GATE,1,0,19
ByteTrack,dancetrack0041,707,367,15,1,705,714,0.677483,3,GE_GATE,1,0,19
ByteTrack,dancetrack0041,708,367,15,1,705,714,0.672504,3,GE_GATE,1,0,19
ByteTrack,dancetrack0041,709,367,15,1,705,714,0.671301,3,GE_GATE,1,0,19
ByteTrack,dancetrack0041,710,367,15,1,705,714,0.717743,3,GE_GATE,1,0,18
ByteTrack,dancetrack0041,711,367,15,1,705,714,0.718104,3,GE_GATE,1,0,18
ByteTrack,dancetrack0041,712,367,15,1,705,714,0.649337,3,GE_GATE,1,0,17
ByteTrack,dancetrack0041,713,367,15,1,705,714,0.606353,3,GE_GATE,1,0,16
ByteTrack,dancetrack0041,715,364,9,1,714,716,0.682882,14,GE_GATE,1,0,18
ByteTrack,dancetrack0041,753,371,8,1,752,756,0.494385,21,BETWEEN_0_AND_GATE,1,0,20
ByteTrack,dancetrack0041,754,371,8,1,752,756,0.463394,21,BETWEEN_0_AND_GATE,1,0,20
ByteTrack,dancetrack0041,755,371,8,1,752,756,0.445403,21,BETWEEN_0_AND_GATE,1,0,20
ByteTrack,dancetrack0041,760,386,3,1,759,761,0.428672,18,BETWEEN_0_AND_GATE,1,0,19
ByteTrack,dancetrack0041,791,395,10,1,790,793,0.440218,1,BETWEEN_0_AND_GATE,1,0,17
ByteTrack,dancetrack0041,792,395,10,1,790,793,0.420991,1,BETWEEN_0_AND_GATE,1,0,17
ByteTrack,dancetrack0041,816,365,6,1,815,819,0.510263,0,GE_GATE,1,0,19
ByteTrack,dancetrack0041,817,365,6,1,815,819,0.453157,0,BETWEEN_0_AND_GATE,1,0,19
ByteTrack,dancetrack0041,818,365,6,1,815,819,0.370238,0,BETWEEN_0_AND_GATE,1,0,19
ByteTrack,dancetrack0041,837,389,8,1,836,844,0.681355,1,GE_GATE,1,0,18
ByteTrack,dancetrack0041,838,389,8,1,836,844,0.635244,1,GE_GATE,1,0,17
ByteTrack,dancetrack0041,839,389,8,1,836,844,0.610401,1,GE_GATE,1,0,17
ByteTrack,dancetrack0041,840,389,8,1,836,844,0.575219,1,GE_GATE,1,0,18
ByteTrack,dancetrack0041,841,389,8,1,836,844,0.566581,1,GE_GATE,1,0,18
ByteTrack,dancetrack0041,842,389,8,1,836,844,0.496138,1,BETWEEN_0_AND_GATE,1,0,18
ByteTrack,dancetrack0041,843,389,8,1,836,844,0.431163,1,BETWEEN_0_AND_GATE,1,0,18
ByteTrack,dancetrack0041,860,402,7,1,859,864,0.449691,14,BETWEEN_0_AND_GATE,1,0,20
ByteTrack,dancetrack0041,861,402,7,1,859,864,0.447661,14,BETWEEN_0_AND_GATE,1,0,20
ByteTrack,dancetrack0041,862,402,7,1,859,864,0.420644,14,BETWEEN_0_AND_GATE,1,0,21
ByteTrack,dancetrack0041,863,402,7,1,859,864,0.426383,14,BETWEEN_0_AND_GATE,1,0,21
ByteTrack,dancetrack0041,866,402,7,1,865,870,0.45064,14,BETWEEN_0_AND_GATE,1,0,21
ByteTrack,dancetrack0041,867,402,7,1,865,870,0.485637,14,BETWEEN_0_AND_GATE,1,0,21
ByteTrack,dancetrack0041,868,402,7,1,865,870,0.478273,14,BETWEEN_0_AND_GATE,1,0,20
ByteTrack,dancetrack0041,869,402,7,1,865,870,0.483268,14,BETWEEN_0_AND_GATE,1,0,20
ByteTrack,dancetrack0041,879,397,5,1,878,881,0.591898,0,GE_GATE,1,0,18
ByteTrack,dancetrack0041,880,397,5,1,878,881,0.54827,0,GE_GATE,1,0,19
ByteTrack,dancetrack0041,925,365,6,1,924,929,0.021085,20,BETWEEN_0_AND_GATE,1,0,11
ByteTrack,dancetrack0041,926,365,6,1,924,929,0.026864,20,BETWEEN_0_AND_GATE,1,0,12
ByteTrack,dancetrack0041,927,365,6,1,924,929,0.022908,20,BETWEEN_0_AND_GATE,1,0,13
ByteTrack,dancetrack0041,928,365,6,1,924,929,0.007807,20,BETWEEN_0_AND_GATE,1,0,16
ByteTrack,dancetrack0041,933,420,8,1,932,936,0.50952,19,GE_GATE,1,0,17
ByteTrack,dancetrack0041,934,420,8,1,932,936,0.534532,19,GE_GATE,1,0,16
ByteTrack,dancetrack0041,935,420,8,1,932,936,0.454304,19,BETWEEN_0_AND_GATE,1,0,14
ByteTrack,dancetrack0043,128,430,5,1,127,132,0.379422,7,BETWEEN_0_AND_GATE,1,0,10
ByteTrack,dancetrack0043,129,430,5,1,127,132,0.397555,7,BETWEEN_0_AND_GATE,1,0,10
ByteTrack,dancetrack0043,130,430,5,1,127,132,0.410232,7,BETWEEN_0_AND_GATE,1,0,10
ByteTrack,dancetrack0043,131,430,5,1,127,132,0.41999,7,BETWEEN_0_AND_GATE,1,0,9
ByteTrack,dancetrack0043,137,430,5,1,136,140,0.734517,4,GE_GATE,1,0,9
ByteTrack,dancetrack0043,138,430,5,1,136,140,0.68998,4,GE_GATE,1,0,9
ByteTrack,dancetrack0043,139,430,5,1,136,140,0.636294,4,GE_GATE,1,0,9
ByteTrack,dancetrack0043,162,428,3,1,161,164,0.397161,4,BETWEEN_0_AND_GATE,1,0,9
ByteTrack,dancetrack0043,163,428,3,1,161,164,0.3849,4,BETWEEN_0_AND_GATE,1,0,9
ByteTrack,dancetrack0043,172,427,1,1,171,176,0.415086,4,BETWEEN_0_AND_GATE,1,0,9
ByteTrack,dancetrack0043,173,427,1,1,171,176,0.450449,4,BETWEEN_0_AND_GATE,1,0,9
ByteTrack,dancetrack0043,174,427,1,1,171,176,0.43222,11,BETWEEN_0_AND_GATE,1,0,9
ByteTrack,dancetrack0043,175,427,1,1,171,176,0.481654,11,BETWEEN_0_AND_GATE,1,0,9
ByteTrack,dancetrack0058,24,497,1,1,23,31,0.576334,6,GE_GATE,1,0,6
ByteTrack,dancetrack0058,25,497,1,1,23,31,0.569732,6,GE_GATE,1,0,6
ByteTrack,dancetrack0058,26,497,1,1,23,31,0.506456,6,GE_GATE,1,0,6
ByteTrack,dancetrack0058,27,497,1,1,23,31,0.519729,3,GE_GATE,1,0,6
ByteTrack,dancetrack0058,28,497,1,1,23,31,0.601855,3,GE_GATE,1,0,6
ByteTrack,dancetrack0058,29,497,1,1,23,31,0.697584,3,GE_GATE,1,0,6
ByteTrack,dancetrack0058,30,497,1,1,23,31,0.740018,3,GE_GATE,1,0,6
ByteTrack,dancetrack0058,222,496,1,1,221,224,0.521237,6,GE_GATE,1,0,6
ByteTrack,dancetrack0058,223,496,1,1,221,224,0.571186,6,GE_GATE,1,0,6
ByteTrack,dancetrack0058,277,494,3,1,276,278,0.72956,6,GE_GATE,1,0,6
ByteTrack,dancetrack0058,622,499,5,1,621,625,0.545272,0,GE_GATE,1,0,6
ByteTrack,dancetrack0058,623,499,5,1,621,625,0.528314,0,GE_GATE,1,0,6
ByteTrack,dancetrack0058,624,499,5,1,621,625,0.547169,0,GE_GATE,1,0,6
ByteTrack,dancetrack0065,47,730,4,1,46,49,0.48867,1,BETWEEN_0_AND_GATE,1,0,4
ByteTrack,dancetrack0065,48,730,4,1,46,49,0.498878,2,BETWEEN_0_AND_GATE,1,0,4
ByteTrack,dancetrack0081,78,870,4,1,77,82,0.704573,9,GE_GATE,1,0,18
ByteTrack,dancetrack0081,79,870,4,1,77,82,0.769969,9,GE_GATE,1,0,18
ByteTrack,dancetrack0081,80,870,4,1,77,82,0.85227,9,GE_GATE,1,0,18
ByteTrack,dancetrack0081,81,870,4,1,77,82,0.74144,9,GE_GATE,1,0,19
ByteTrack,dancetrack0081,192,857,19,1,191,193,0.45569,15,BETWEEN_0_AND_GATE,1,0,18
ByteTrack,dancetrack0081,210,885,14,1,209,212,0.500187,17,GE_GATE,1,0,18
ByteTrack,dancetrack0081,211,885,14,1,209,212,0.492246,17,BETWEEN_0_AND_GATE,1,0,18
ByteTrack,dancetrack0081,223,857,8,1,222,224,0.590031,6,GE_GATE,1,0,17
ByteTrack,dancetrack0081,539,889,9,1,538,541,0.644753,8,GE_GATE,1,0,19
ByteTrack,dancetrack0081,540,889,9,1,538,541,0.600984,8,GE_GATE,1,0,19
ByteTrack,dancetrack0081,541,858,5,1,540,545,0.74772,10,GE_GATE,1,0,19
ByteTrack,dancetrack0081,542,858,5,1,540,545,0.741849,10,GE_GATE,1,0,19
ByteTrack,dancetrack0081,543,858,5,1,540,545,0.773686,10,GE_GATE,1,0,19
ByteTrack,dancetrack0081,544,858,5,1,540,545,0.726342,10,GE_GATE,1,0,18
ByteTrack,dancetrack0081,544,893,16,1,543,545,0.614514,14,GE_GATE,1,0,18
ByteTrack,dancetrack0081,666,892,7,1,665,668,0.483701,17,BETWEEN_0_AND_GATE,1,0,18
ByteTrack,dancetrack0081,667,892,7,1,665,668,0.50651,17,GE_GATE,1,0,18
ByteTrack,dancetrack0081,676,877,7,1,675,678,0.559353,17,GE_GATE,1,0,18
ByteTrack,dancetrack0081,677,877,7,1,675,678,0.58893,17,GE_GATE,1,0,18
ByteTrack,dancetrack0081,720,891,4,1,719,721,0.604633,6,GE_GATE,1,0,15
ByteTrack,dancetrack0081,729,895,14,1,728,730,0.623309,12,GE_GATE,1,0,19
ByteTrack,dancetrack0081,735,892,17,1,734,737,0.676512,14,GE_GATE,1,0,19
ByteTrack,dancetrack0081,736,892,17,1,734,737,0.634495,14,GE_GATE,1,0,19
ByteTrack,dancetrack0081,756,878,15,1,755,757,0.730932,12,GE_GATE,1,0,17
ByteTrack,dancetrack0090,65,920,13,1,64,80,0.446701,0,BETWEEN_0_AND_GATE,1,0,9
ByteTrack,dancetrack0090,66,920,13,1,64,80,0.440645,0,BETWEEN_0_AND_GATE,1,0,9
ByteTrack,dancetrack0090,67,920,13,1,64,80,0.433957,0,BETWEEN_0_AND_GATE,1,0,9
ByteTrack,dancetrack0090,68,920,13,1,64,80,0.446644,0,BETWEEN_0_AND_GATE,1,0,9
ByteTrack,dancetrack0090,69,920,13,1,64,80,0.385841,0,BETWEEN_0_AND_GATE,1,0,11
ByteTrack,dancetrack0090,70,920,13,1,64,80,0.317383,0,BETWEEN_0_AND_GATE,1,0,11
ByteTrack,dancetrack0090,71,920,13,1,64,80,0.281891,0,BETWEEN_0_AND_GATE,1,0,11
ByteTrack,dancetrack0090,72,920,13,1,64,80,0.280831,1,BETWEEN_0_AND_GATE,1,0,11
ByteTrack,dancetrack0090,73,920,13,1,64,80,0.302873,1,BETWEEN_0_AND_GATE,1,0,11
ByteTrack,dancetrack0090,74,920,13,1,64,80,0.311978,1,BETWEEN_0_AND_GATE,1,0,11
ByteTrack,dancetrack0090,75,920,13,1,64,80,0.313672,1,BETWEEN_0_AND_GATE,1,0,10
ByteTrack,dancetrack0090,76,920,13,1,64,80,0.317523,1,BETWEEN_0_AND_GATE,1,0,10
ByteTrack,dancetrack0090,77,920,13,1,64,80,0.320128,1,BETWEEN_0_AND_GATE,1,0,10
ByteTrack,dancetrack0090,78,920,13,1,64,80,0.302858,1,BETWEEN_0_AND_GATE,1,0,10
ByteTrack,dancetrack0090,79,920,13,1,64,80,0.282929,1,BETWEEN_0_AND_GATE,1,0,10
ByteTrack,dancetrack0090,120,938,11,1,119,124,0.213881,9,BETWEEN_0_AND_GATE,1,0,13
ByteTrack,dancetrack0090,121,938,11,1,119,124,0.213174,9,BETWEEN_0_AND_GATE,1,0,13
ByteTrack,dancetrack0090,122,938,11,1,119,124,0.207794,9,BETWEEN_0_AND_GATE,1,0,13
ByteTrack,dancetrack0090,123,938,11,1,119,124,0.199616,9,BETWEEN_0_AND_GATE,1,0,13
ByteTrack,dancetrack0090,152,924,9,1,151,156,0.365393,4,BETWEEN_0_AND_GATE,1,0,12
ByteTrack,dancetrack0090,153,924,9,1,151,156,0.351851,4,BETWEEN_0_AND_GATE,1,0,11
ByteTrack,dancetrack0090,154,924,9,1,151,156,0.338473,4,BETWEEN_0_AND_GATE,1,0,11
ByteTrack,dancetrack0090,155,924,9,1,151,156,0.318461,4,BETWEEN_0_AND_GATE,1,0,11
ByteTrack,dancetrack0090,193,924,9,1,192,197,0.297908,4,BETWEEN_0_AND_GATE,1,0,13
ByteTrack,dancetrack0090,194,924,9,1,192,197,0.229463,4,BETWEEN_0_AND_GATE,1,0,13
ByteTrack,dancetrack0090,195,924,9,1,192,197,0.22078,4,BETWEEN_0_AND_GATE,1,0,13
ByteTrack,dancetrack0090,196,924,9,1,192,197,0.230098,4,BETWEEN_0_AND_GATE,1,0,13
ByteTrack,dancetrack0090,319,945,12,1,318,327,0.388811,4,BETWEEN_0_AND_GATE,1,0,13
ByteTrack,dancetrack0090,320,945,12,1,318,327,0.399414,4,BETWEEN_0_AND_GATE,1,0,12
ByteTrack,dancetrack0090,321,945,12,1,318,327,0.414352,4,BETWEEN_0_AND_GATE,1,0,12
ByteTrack,dancetrack0090,322,945,12,1,318,327,0.421948,4,BETWEEN_0_AND_GATE,1,0,12
ByteTrack,dancetrack0090,323,945,12,1,318,327,0.426452,4,BETWEEN_0_AND_GATE,1,0,12
ByteTrack,dancetrack0090,324,945,12,1,318,327,0.433288,4,BETWEEN_0_AND_GATE,1,0,12
ByteTrack,dancetrack0090,325,945,12,1,318,327,0.437345,4,BETWEEN_0_AND_GATE,1,0,12
ByteTrack,dancetrack0090,326,945,12,1,318,327,0.454847,4,BETWEEN_0_AND_GATE,1,0,12
ByteTrack,dancetrack0090,412,924,5,1,411,414,0.492056,6,BETWEEN_0_AND_GATE,1,0,13
ByteTrack,dancetrack0090,413,924,5,1,411,414,0.383281,6,BETWEEN_0_AND_GATE,1,0,13
ByteTrack,dancetrack0090,524,922,3,1,523,530,0.552933,4,GE_GATE,1,0,12
ByteTrack,dancetrack0090,525,922,3,1,523,530,0.571308,4,GE_GATE,1,0,13
ByteTrack,dancetrack0090,526,922,3,1,523,530,0.590842,4,GE_GATE,1,0,13
ByteTrack,dancetrack0090,527,922,3,1,523,530,0.507644,4,GE_GATE,1,0,13
ByteTrack,dancetrack0090,528,922,3,1,523,530,0.526785,4,GE_GATE,1,0,13
ByteTrack,dancetrack0090,529,922,3,1,523,530,0.5348,4,GE_GATE,1,0,13
ByteTrack,dancetrack0090,870,965,1,1,869,874,0.621417,12,GE_GATE,1,0,12
ByteTrack,dancetrack0090,871,965,1,1,869,874,0.595735,12,GE_GATE,1,0,12
ByteTrack,dancetrack0090,872,965,1,1,869,874,0.641537,12,GE_GATE,1,0,12
ByteTrack,dancetrack0090,873,965,1,1,869,874,0.636995,12,GE_GATE,1,0,12
ByteTrack,dancetrack0090,899,927,9,1,898,902,0.68555,6,GE_GATE,1,0,12
ByteTrack,dancetrack0090,900,927,9,1,898,902,0.667874,6,GE_GATE,1,0,11
ByteTrack,dancetrack0090,901,927,9,1,898,902,0.658657,6,GE_GATE,1,0,12
ByteTrack,dancetrack0090,903,956,7,1,902,905,0.565333,2,GE_GATE,1,0,11
ByteTrack,dancetrack0090,904,956,7,1,902,905,0.493688,2,BETWEEN_0_AND_GATE,1,0,12
ByteTrack,dancetrack0090,910,948,4,1,909,912,0.561091,9,GE_GATE,1,0,13
ByteTrack,dancetrack0090,911,948,4,1,909,912,0.568303,9,GE_GATE,1,0,13
ByteTrack,dancetrack0090,915,927,9,1,914,919,0.445835,2,BETWEEN_0_AND_GATE,1,0,12
ByteTrack,dancetrack0090,916,927,9,1,914,919,0.433085,5,BETWEEN_0_AND_GATE,1,0,12
ByteTrack,dancetrack0090,917,927,9,1,914,919,0.508124,5,GE_GATE,1,0,11
ByteTrack,dancetrack0090,918,927,9,1,914,919,0.559659,5,GE_GATE,1,0,10
ByteTrack,dancetrack0090,922,927,9,1,921,924,0.827921,5,GE_GATE,1,0,12
ByteTrack,dancetrack0090,923,927,9,1,921,924,0.808831,5,GE_GATE,1,0,12
ByteTrack,dancetrack0090,956,970,10,1,955,963,0.355504,12,BETWEEN_0_AND_GATE,1,0,12
ByteTrack,dancetrack0090,957,970,10,1,955,963,0.357951,12,BETWEEN_0_AND_GATE,1,0,12
ByteTrack,dancetrack0090,958,970,10,1,955,963,0.360413,12,BETWEEN_0_AND_GATE,1,0,12
ByteTrack,dancetrack0090,959,970,10,1,955,963,0.357956,12,BETWEEN_0_AND_GATE,1,0,12
ByteTrack,dancetrack0090,960,970,10,1,955,963,0.365376,12,BETWEEN_0_AND_GATE,1,0,12
ByteTrack,dancetrack0090,961,970,10,1,955,963,0.361243,12,BETWEEN_0_AND_GATE,1,0,12
ByteTrack,dancetrack0090,962,970,10,1,955,963,0.369542,12,BETWEEN_0_AND_GATE,1,0,12
ByteTrack,dancetrack0094,53,979,18,1,52,57,0.688373,9,GE_GATE,1,0,16
ByteTrack,dancetrack0094,54,979,18,1,52,57,0.689506,9,GE_GATE,1,0,17
ByteTrack,dancetrack0094,55,979,18,1,52,57,0.602684,9,GE_GATE,1,0,16
ByteTrack,dancetrack0094,56,979,18,1,52,57,0.574781,9,GE_GATE,1,0,15
ByteTrack,dancetrack0094,215,1002,20,1,214,220,0.508835,15,GE_GATE,1,0,20
ByteTrack,dancetrack0094,216,1002,20,1,214,220,0.505338,15,GE_GATE,1,0,20
ByteTrack,dancetrack0094,217,1002,20,1,214,220,0.511459,15,GE_GATE,1,0,21
ByteTrack,dancetrack0094,218,1002,20,1,214,220,0.507992,15,GE_GATE,1,0,21
ByteTrack,dancetrack0094,219,1002,20,1,214,220,0.518242,15,GE_GATE,1,0,20
ByteTrack,dancetrack0094,220,1008,14,1,219,224,0.670752,24,GE_GATE,1,0,21
ByteTrack,dancetrack0094,221,1008,14,1,219,224,0.727291,24,GE_GATE,1,0,21
ByteTrack,dancetrack0094,222,1008,14,1,219,224,0.596541,24,GE_GATE,1,0,21
ByteTrack,dancetrack0094,223,1008,14,1,219,224,0.417849,24,BETWEEN_0_AND_GATE,1,0,21
ByteTrack,dancetrack0094,230,981,19,1,229,234,0.230893,1,BETWEEN_0_AND_GATE,1,0,21
ByteTrack,dancetrack0094,231,981,19,1,229,234,0.237301,1,BETWEEN_0_AND_GATE,1,0,21
ByteTrack,dancetrack0094,232,981,19,1,229,234,0.244398,1,BETWEEN_0_AND_GATE,1,0,21
ByteTrack,dancetrack0094,233,981,19,1,229,234,0.254937,1,BETWEEN_0_AND_GATE,1,0,21
ByteTrack,dancetrack0094,348,1015,20,1,347,349,0.493041,17,BETWEEN_0_AND_GATE,1,0,19
ByteTrack,dancetrack0094,350,1011,24,1,349,352,0.56619,14,GE_GATE,1,0,19
ByteTrack,dancetrack0094,351,1011,24,1,349,352,0.492038,14,BETWEEN_0_AND_GATE,1,0,20
ByteTrack,dancetrack0094,379,1012,5,1,378,382,0.423736,23,BETWEEN_0_AND_GATE,1,0,20
ByteTrack,dancetrack0094,380,1012,5,1,378,382,0.432841,23,BETWEEN_0_AND_GATE,1,0,20
ByteTrack,dancetrack0094,381,1012,5,1,378,382,0.40886,23,BETWEEN_0_AND_GATE,1,0,19
ByteTrack,dancetrack0094,387,1009,8,1,386,391,0.458551,3,BETWEEN_0_AND_GATE,1,0,20
ByteTrack,dancetrack0094,388,1009,8,1,386,391,0.503652,3,GE_GATE,1,0,21
ByteTrack,dancetrack0094,389,1009,8,1,386,391,0.544092,3,GE_GATE,1,0,21
ByteTrack,dancetrack0094,390,1009,8,1,386,391,0.542209,3,GE_GATE,1,0,21
ByteTrack,dancetrack0094,391,978,15,1,390,392,0.459826,7,BETWEEN_0_AND_GATE,1,0,21
ByteTrack,dancetrack0094,391,987,9,1,390,398,0.266984,14,BETWEEN_0_AND_GATE,1,0,21
ByteTrack,dancetrack0094,392,987,9,1,390,398,0.297979,14,BETWEEN_0_AND_GATE,1,0,22
ByteTrack,dancetrack0094,393,987,9,1,390,398,0.313368,14,BETWEEN_0_AND_GATE,1,0,21
ByteTrack,dancetrack0094,394,987,9,1,390,398,0.305088,14,BETWEEN_0_AND_GATE,1,0,21
ByteTrack,dancetrack0094,395,987,9,1,390,398,0.306925,14,BETWEEN_0_AND_GATE,1,0,22
ByteTrack,dancetrack0094,396,987,9,1,390,398,0.317624,14,BETWEEN_0_AND_GATE,1,0,19
ByteTrack,dancetrack0094,397,987,9,1,390,398,0.293168,14,BETWEEN_0_AND_GATE,1,0,19
ByteTrack,dancetrack0097,340,1050,3,1,339,342,0.439249,2,BETWEEN_0_AND_GATE,1,0,3
ByteTrack,dancetrack0097,341,1050,3,1,339,342,0.490559,2,BETWEEN_0_AND_GATE,1,0,3
ByteTrack,dancetrack0097,356,1050,3,1,355,364,0.519592,1,GE_GATE,1,0,3
ByteTrack,dancetrack0097,357,1050,3,1,355,364,0.571735,1,GE_GATE,1,0,3
ByteTrack,dancetrack0097,358,1050,3,1,355,364,0.615045,1,GE_GATE,1,0,3
ByteTrack,dancetrack0097,359,1050,3,1,355,364,0.572899,1,GE_GATE,1,0,3
ByteTrack,dancetrack0097,360,1050,3,1,355,364,0.535211,1,GE_GATE,1,0,3
ByteTrack,dancetrack0097,361,1050,3,1,355,364,0.587985,1,GE_GATE,1,0,3
ByteTrack,dancetrack0097,362,1050,3,1,355,364,0.597201,1,GE_GATE,1,0,3
ByteTrack,dancetrack0097,363,1050,3,1,355,364,0.627567,1,GE_GATE,1,0,3
ByteTrack,dancetrack0097,567,1049,1,1,566,569,0.644448,2,GE_GATE,1,0,3
ByteTrack,dancetrack0097,568,1049,1,1,566,569,0.670741,2,GE_GATE,1,0,3
OC-SORT,dancetrack0004,435,3,2,1,434,436,0.674016,0,GE_GATE,1,0,3
OC-SORT,dancetrack0004,1017,1,3,1,1016,1018,0.295348,0,BETWEEN_0_AND_GATE,1,0,3
OC-SORT,dancetrack0004,1029,1,3,1,1028,1030,0.564576,2,GE_GATE,1,0,3
OC-SORT,dancetrack0005,587,2,1,1,586,589,0.386542,2,BETWEEN_0_AND_GATE,1,0,3
OC-SORT,dancetrack0005,588,2,1,1,586,589,0.486565,2,BETWEEN_0_AND_GATE,1,0,3
OC-SORT,dancetrack0005,674,2,1,1,673,675,0.191772,2,BETWEEN_0_AND_GATE,1,0,3
OC-SORT,dancetrack0005,675,1,3,1,674,676,0.213409,0,BETWEEN_0_AND_GATE,1,0,3
OC-SORT,dancetrack0005,688,2,1,1,687,692,0.170696,0,BETWEEN_0_AND_GATE,1,0,3
OC-SORT,dancetrack0005,689,2,1,1,687,692,0.174658,0,BETWEEN_0_AND_GATE,1,0,3
OC-SORT,dancetrack0005,690,2,1,1,687,692,0.203898,0,BETWEEN_0_AND_GATE,1,0,3
OC-SORT,dancetrack0005,691,2,1,1,687,692,0.227678,0,BETWEEN_0_AND_GATE,1,0,3
OC-SORT,dancetrack0005,764,1,3,1,763,768,0.616915,1,GE_GATE,1,0,3
OC-SORT,dancetrack0005,765,1,3,1,763,768,0.656478,1,GE_GATE,1,0,3
OC-SORT,dancetrack0005,766,1,3,1,763,768,0.695815,1,GE_GATE,1,0,3
OC-SORT,dancetrack0005,767,1,3,1,763,768,0.652179,1,GE_GATE,1,0,3
OC-SORT,dancetrack0007,375,5,0,1,374,377,0.587517,5,GE_GATE,1,0,7
OC-SORT,dancetrack0007,376,5,0,1,374,377,0.48891,5,BETWEEN_0_AND_GATE,1,0,7
OC-SORT,dancetrack0007,739,6,4,1,738,740,0.750835,6,GE_GATE,1,0,7
OC-SORT,dancetrack0007,887,4,3,1,886,888,0.494697,4,BETWEEN_0_AND_GATE,1,0,7
OC-SORT,dancetrack0007,895,3,1,1,894,896,0.385352,4,BETWEEN_0_AND_GATE,1,0,7
OC-SORT,dancetrack0007,896,4,3,1,895,898,0.685286,2,GE_GATE,1,0,7
OC-SORT,dancetrack0007,897,4,3,1,895,898,0.715883,2,GE_GATE,1,0,7
OC-SORT,dancetrack0007,911,3,1,1,910,915,0.692183,3,GE_GATE,1,0,7
OC-SORT,dancetrack0007,912,3,1,1,910,915,0.770378,3,GE_GATE,1,0,7
OC-SORT,dancetrack0007,913,3,1,1,910,915,0.815001,3,GE_GATE,1,0,7
OC-SORT,dancetrack0007,914,3,1,1,910,915,0.754045,3,GE_GATE,1,0,7
OC-SORT,dancetrack0007,1097,7,2,1,1096,1098,0.771393,7,GE_GATE,1,0,7
OC-SORT,dancetrack0010,214,1,0,1,213,216,0.685938,1,GE_GATE,1,0,5
OC-SORT,dancetrack0010,215,1,0,1,213,216,0.685176,1,GE_GATE,1,0,5
OC-SORT,dancetrack0010,258,5,2,1,257,259,0.505926,3,GE_GATE,1,0,4
OC-SORT,dancetrack0010,710,11,3,1,709,712,0.624956,2,GE_GATE,1,0,5
OC-SORT,dancetrack0010,711,11,3,1,709,712,0.657019,2,GE_GATE,1,0,5
OC-SORT,dancetrack0010,814,10,5,1,813,815,0.748539,4,GE_GATE,1,0,5
OC-SORT,dancetrack0014,183,5,8,1,182,186,0.499362,2,BETWEEN_0_AND_GATE,1,0,10
OC-SORT,dancetrack0014,184,5,8,1,182,186,0.704496,2,GE_GATE,1,0,10
OC-SORT,dancetrack0014,185,5,8,1,182,186,0.549514,2,GE_GATE,1,0,9
OC-SORT,dancetrack0014,189,19,10,1,188,192,0.895411,11,GE_GATE,1,0,10
OC-SORT,dancetrack0014,190,19,10,1,188,192,0.799162,11,GE_GATE,1,0,10
OC-SORT,dancetrack0014,191,19,10,1,188,192,0.713488,11,GE_GATE,1,0,10
OC-SORT,dancetrack0014,259,21,11,1,258,265,0.527536,9,GE_GATE,1,0,11
OC-SORT,dancetrack0014,260,21,11,1,258,265,0.506071,9,GE_GATE,1,0,11
OC-SORT,dancetrack0014,261,21,11,1,258,265,0.455468,9,BETWEEN_0_AND_GATE,1,0,11
OC-SORT,dancetrack0014,262,21,11,1,258,265,0.393464,9,BETWEEN_0_AND_GATE,1,0,11
OC-SORT,dancetrack0014,263,21,11,1,258,265,0.34818,9,BETWEEN_0_AND_GATE,1,0,11
OC-SORT,dancetrack0014,264,21,11,1,258,265,0.33482,9,BETWEEN_0_AND_GATE,1,0,10
OC-SORT,dancetrack0014,271,11,1,1,270,272,0.55402,9,GE_GATE,1,0,10
OC-SORT,dancetrack0014,331,23,10,1,330,339,0.596582,7,GE_GATE,1,0,10
OC-SORT,dancetrack0014,332,23,10,1,330,339,0.582655,7,GE_GATE,1,0,10
OC-SORT,dancetrack0014,333,23,10,1,330,339,0.490276,7,BETWEEN_0_AND_GATE,1,0,10
OC-SORT,dancetrack0014,334,23,10,1,330,339,0.440642,7,BETWEEN_0_AND_GATE,1,0,10
OC-SORT,dancetrack0014,335,23,10,1,330,339,0.363978,7,BETWEEN_0_AND_GATE,1,0,10
OC-SORT,dancetrack0014,336,23,10,1,330,339,0.353982,7,BETWEEN_0_AND_GATE,1,0,10
OC-SORT,dancetrack0014,337,23,10,1,330,339,0.358447,7,BETWEEN_0_AND_GATE,1,0,10
OC-SORT,dancetrack0014,338,23,10,1,330,339,0.356238,7,BETWEEN_0_AND_GATE,1,0,10
OC-SORT,dancetrack0014,453,23,10,1,452,455,0.456576,7,BETWEEN_0_AND_GATE,1,0,11
OC-SORT,dancetrack0014,454,23,10,1,452,455,0.438408,7,BETWEEN_0_AND_GATE,1,0,11
OC-SORT,dancetrack0014,469,22,6,1,468,472,0.749945,1,GE_GATE,1,0,9
OC-SORT,dancetrack0014,470,22,6,1,468,472,0.685049,1,GE_GATE,1,0,9
OC-SORT,dancetrack0014,471,22,6,1,468,472,0.470896,1,BETWEEN_0_AND_GATE,1,0,9
OC-SORT,dancetrack0014,477,4,5,1,476,479,0.397668,1,BETWEEN_0_AND_GATE,1,0,9
OC-SORT,dancetrack0014,478,4,5,1,476,479,0.448767,1,BETWEEN_0_AND_GATE,1,0,9
OC-SORT,dancetrack0014,480,16,3,1,479,483,0.395733,1,BETWEEN_0_AND_GATE,1,0,10
OC-SORT,dancetrack0014,481,16,3,1,479,483,0.562169,1,GE_GATE,1,0,10
OC-SORT,dancetrack0014,482,16,3,1,479,483,0.607673,1,GE_GATE,1,0,10
OC-SORT,dancetrack0014,483,23,10,1,482,485,0.449911,11,BETWEEN_0_AND_GATE,1,0,10
OC-SORT,dancetrack0014,484,23,10,1,482,485,0.40534,11,BETWEEN_0_AND_GATE,1,0,10
OC-SORT,dancetrack0014,487,17,4,1,486,488,0.487086,1,BETWEEN_0_AND_GATE,1,0,10
OC-SORT,dancetrack0014,636,4,4,1,635,638,0.404525,6,BETWEEN_0_AND_GATE,1,0,10
OC-SORT,dancetrack0014,637,4,4,1,635,638,0.389421,6,BETWEEN_0_AND_GATE,1,0,10
OC-SORT,dancetrack0014,638,24,8,1,637,641,0.465689,3,BETWEEN_0_AND_GATE,1,0,11
OC-SORT,dancetrack0014,639,24,8,1,637,641,0.39288,9,BETWEEN_0_AND_GATE,1,0,11
OC-SORT,dancetrack0014,640,24,8,1,637,641,0.357662,9,BETWEEN_0_AND_GATE,1,0,10
OC-SORT,dancetrack0014,642,28,3,1,641,645,0.347203,9,BETWEEN_0_AND_GATE,1,0,10
OC-SORT,dancetrack0014,643,28,3,1,641,645,0.426553,9,BETWEEN_0_AND_GATE,1,0,10
OC-SORT,dancetrack0014,644,28,3,1,641,645,0.492938,9,BETWEEN_0_AND_GATE,1,0,10
OC-SORT,dancetrack0014,738,16,0,1,737,741,0.425626,1,BETWEEN_0_AND_GATE,1,0,10
OC-SORT,dancetrack0014,739,16,0,1,737,741,0.506915,1,GE_GATE,1,0,10
OC-SORT,dancetrack0014,740,16,0,1,737,741,0.53802,1,GE_GATE,1,0,10
OC-SORT,dancetrack0014,917,35,3,1,916,918,0.483907,5,BETWEEN_0_AND_GATE,1,0,11
OC-SORT,dancetrack0014,923,19,5,1,922,925,0.633581,4,GE_GATE,1,0,11
OC-SORT,dancetrack0014,924,19,5,1,922,925,0.697,4,GE_GATE,1,0,11
OC-SORT,dancetrack0014,927,22,7,1,926,929,0.38437,10,BETWEEN_0_AND_GATE,1,0,11
OC-SORT,dancetrack0014,928,22,7,1,926,929,0.435708,10,BETWEEN_0_AND_GATE,1,0,10
OC-SORT,dancetrack0014,933,31,9,1,932,939,0.412306,10,BETWEEN_0_AND_GATE,1,0,9
OC-SORT,dancetrack0014,934,31,9,1,932,939,0.455404,10,BETWEEN_0_AND_GATE,1,0,9
OC-SORT,dancetrack0014,935,31,9,1,932,939,0.575449,10,GE_GATE,1,0,9
OC-SORT,dancetrack0014,936,31,9,1,932,939,0.585653,10,GE_GATE,1,0,9
OC-SORT,dancetrack0014,937,31,9,1,932,939,0.501791,10,GE_GATE,1,0,9
OC-SORT,dancetrack0014,938,31,9,1,932,939,0.476672,10,BETWEEN_0_AND_GATE,1,0,9
OC-SORT,dancetrack0014,973,31,9,1,972,976,0.317987,10,BETWEEN_0_AND_GATE,1,0,10
OC-SORT,dancetrack0014,974,31,9,1,972,976,0.285444,10,BETWEEN_0_AND_GATE,1,0,9
OC-SORT,dancetrack0014,975,31,9,1,972,976,0.269942,7,BETWEEN_0_AND_GATE,1,0,9
OC-SORT,dancetrack0014,981,31,9,1,980,983,0.352269,7,BETWEEN_0_AND_GATE,1,0,9
OC-SORT,dancetrack0014,982,31,9,1,980,983,0.367721,7,BETWEEN_0_AND_GATE,1,0,10
OC-SORT,dancetrack0014,989,39,2,1,988,990,0.639759,7,GE_GATE,1,0,11
OC-SORT,dancetrack0014,1021,32,6,1,1020,1025,0.48459,1,BETWEEN_0_AND_GATE,1,0,10
OC-SORT,dancetrack0014,1021,40,3,1,1020,1025,0.371179,4,BETWEEN_0_AND_GATE,1,0,10
OC-SORT,dancetrack0014,1022,32,6,1,1020,1025,0.441266,1,BETWEEN_0_AND_GATE,1,0,10
OC-SORT,dancetrack0014,1022,40,3,1,1020,1025,0.413465,4,BETWEEN_0_AND_GATE,1,0,10
OC-SORT,dancetrack0014,1023,32,6,1,1020,1025,0.406061,1,BETWEEN_0_AND_GATE,1,0,10
OC-SORT,dancetrack0014,1023,40,3,1,1020,1025,0.46031,4,BETWEEN_0_AND_GATE,1,0,10
OC-SORT,dancetrack0014,1024,32,6,1,1020,1025,0.405347,1,BETWEEN_0_AND_GATE,1,0,10
OC-SORT,dancetrack0014,1024,40,3,1,1020,1025,0.469055,4,BETWEEN_0_AND_GATE,1,0,10
OC-SORT,dancetrack0014,1031,22,7,1,1030,1035,0.519041,10,GE_GATE,1,0,11
OC-SORT,dancetrack0014,1032,22,7,1,1030,1035,0.553403,10,GE_GATE,1,0,11
OC-SORT,dancetrack0014,1033,22,7,1,1030,1035,0.551075,10,GE_GATE,1,0,11
OC-SORT,dancetrack0014,1034,22,7,1,1030,1035,0.60957,10,GE_GATE,1,0,11
OC-SORT,dancetrack0014,1035,34,5,1,1034,1038,0.601831,0,GE_GATE,1,0,11
OC-SORT,dancetrack0014,1036,34,5,1,1034,1038,0.616739,0,GE_GATE,1,0,11
OC-SORT,dancetrack0014,1037,34,5,1,1034,1038,0.55847,0,GE_GATE,1,0,11
OC-SORT,dancetrack0014,1098,39,9,1,1097,1099,0.650278,2,GE_GATE,1,0,10
OC-SORT,dancetrack0014,1099,40,3,1,1098,1100,0.737117,4,GE_GATE,1,0,11
OC-SORT,dancetrack0014,1105,30,8,1,1104,1108,0.348288,4,BETWEEN_0_AND_GATE,1,0,11
OC-SORT,dancetrack0014,1106,30,8,1,1104,1108,0.364741,4,BETWEEN_0_AND_GATE,1,0,11
OC-SORT,dancetrack0014,1107,30,8,1,1104,1108,0.418118,4,BETWEEN_0_AND_GATE,1,0,9
OC-SORT,dancetrack0014,1107,39,9,1,1106,1110,0.562985,10,GE_GATE,1,0,9
OC-SORT,dancetrack0014,1108,39,9,1,1106,1110,0.621602,10,GE_GATE,1,0,10
OC-SORT,dancetrack0014,1109,39,9,1,1106,1110,0.545217,10,GE_GATE,1,0,9
OC-SORT,dancetrack0014,1157,22,7,1,1156,1162,0.598054,1,GE_GATE,1,0,11
OC-SORT,dancetrack0014,1158,22,7,1,1156,1162,0.607366,1,GE_GATE,1,0,11
OC-SORT,dancetrack0014,1159,22,7,1,1156,1162,0.527465,1,GE_GATE,1,0,11
OC-SORT,dancetrack0014,1160,22,7,1,1156,1162,0.535211,1,GE_GATE,1,0,11
OC-SORT,dancetrack0014,1161,22,7,1,1156,1162,0.545738,1,GE_GATE,1,0,11
OC-SORT,dancetrack0014,1171,22,7,1,1170,1175,0.550456,1,GE_GATE,1,0,11
OC-SORT,dancetrack0014,1172,22,7,1,1170,1175,0.538116,1,GE_GATE,1,0,11
OC-SORT,dancetrack0014,1173,22,7,1,1170,1175,0.531592,1,GE_GATE,1,0,11
OC-SORT,dancetrack0014,1174,22,7,1,1170,1175,0.558688,1,GE_GATE,1,0,11
OC-SORT,dancetrack0014,1193,30,8,1,1192,1196,0.713194,5,GE_GATE,1,0,10
OC-SORT,dancetrack0014,1193,39,9,1,1192,1194,0.394484,6,BETWEEN_0_AND_GATE,1,0,10
OC-SORT,dancetrack0014,1194,30,8,1,1192,1196,0.613945,5,GE_GATE,1,0,11
OC-SORT,dancetrack0014,1195,30,8,1,1192,1196,0.515502,5,GE_GATE,1,0,11
OC-SORT,dancetrack0019,810,15,4,1,809,811,0.460165,2,BETWEEN_0_AND_GATE,1,0,5
OC-SORT,dancetrack0019,916,36,6,1,915,925,0.475401,0,BETWEEN_0_AND_GATE,1,0,6
OC-SORT,dancetrack0019,917,36,6,1,915,925,0.436203,0,BETWEEN_0_AND_GATE,1,0,6
OC-SORT,dancetrack0019,918,36,6,1,915,925,0.413695,0,BETWEEN_0_AND_GATE,1,0,6
OC-SORT,dancetrack0019,919,36,6,1,915,925,0.396652,0,BETWEEN_0_AND_GATE,1,0,6
OC-SORT,dancetrack0019,920,36,6,1,915,925,0.384166,0,BETWEEN_0_AND_GATE,1,0,6
OC-SORT,dancetrack0019,921,36,6,1,915,925,0.379095,0,BETWEEN_0_AND_GATE,1,0,6
OC-SORT,dancetrack0019,922,36,6,1,915,925,0.37519,0,BETWEEN_0_AND_GATE,1,0,6
OC-SORT,dancetrack0019,923,36,6,1,915,925,0.367198,0,BETWEEN_0_AND_GATE,1,0,6
OC-SORT,dancetrack0019,924,36,6,1,915,925,0.395488,0,BETWEEN_0_AND_GATE,1,0,6
OC-SORT,dancetrack0019,1169,36,6,1,1168,1173,0.734498,0,GE_GATE,1,0,6
OC-SORT,dancetrack0019,1170,36,6,1,1168,1173,0.70694,0,GE_GATE,1,0,6
OC-SORT,dancetrack0019,1171,36,6,1,1168,1173,0.737473,0,GE_GATE,1,0,6
OC-SORT,dancetrack0019,1172,36,6,1,1168,1173,0.635388,0,GE_GATE,1,0,6
OC-SORT,dancetrack0019,1316,5,0,1,1315,1318,0.597939,5,GE_GATE,1,0,6
OC-SORT,dancetrack0019,1317,5,0,1,1315,1318,0.598198,5,GE_GATE,1,0,6
OC-SORT,dancetrack0019,1534,41,4,1,1533,1535,0.713736,1,GE_GATE,1,0,6
OC-SORT,dancetrack0019,1823,29,6,1,1822,1827,0.576263,2,GE_GATE,1,0,6
OC-SORT,dancetrack0019,1824,29,6,1,1822,1827,0.571852,2,GE_GATE,1,0,6
OC-SORT,dancetrack0019,1825,29,6,1,1822,1827,0.580934,2,GE_GATE,1,0,6
OC-SORT,dancetrack0019,1826,29,6,1,1822,1827,0.447602,2,BETWEEN_0_AND_GATE,1,0,6
OC-SORT,dancetrack0019,1849,58,1,1,1848,1851,0.828927,2,GE_GATE,1,0,6
OC-SORT,dancetrack0019,1850,58,1,1,1848,1851,0.782411,2,GE_GATE,1,0,6
OC-SORT,dancetrack0019,1944,46,5,1,1943,1948,0.66785,2,GE_GATE,1,0,6
OC-SORT,dancetrack0019,1945,46,5,1,1943,1948,0.61759,2,GE_GATE,1,0,6
OC-SORT,dancetrack0019,1946,46,5,1,1943,1948,0.553436,2,GE_GATE,1,0,6
OC-SORT,dancetrack0019,1947,46,5,1,1943,1948,0.752013,2,GE_GATE,1,0,6
OC-SORT,dancetrack0019,2042,5,0,1,2041,2045,0.618851,6,GE_GATE,1,0,6
OC-SORT,dancetrack0019,2043,5,0,1,2041,2045,0.587444,6,GE_GATE,1,0,6
OC-SORT,dancetrack0019,2044,5,0,1,2041,2045,0.634318,6,GE_GATE,1,0,6
OC-SORT,dancetrack0025,397,17,4,1,396,406,0.398627,3,BETWEEN_0_AND_GATE,1,0,8
OC-SORT,dancetrack0025,398,17,4,1,396,406,0.400238,3,BETWEEN_0_AND_GATE,1,0,8
OC-SORT,dancetrack0025,399,17,4,1,396,406,0.430072,3,BETWEEN_0_AND_GATE,1,0,8
OC-SORT,dancetrack0025,400,17,4,1,396,406,0.454043,3,BETWEEN_0_AND_GATE,1,0,8
OC-SORT,dancetrack0025,401,17,4,1,396,406,0.540761,3,GE_GATE,1,0,8
OC-SORT,dancetrack0025,402,17,4,1,396,406,0.591005,3,GE_GATE,1,0,8
OC-SORT,dancetrack0025,403,17,4,1,396,406,0.668632,3,GE_GATE,1,0,8
OC-SORT,dancetrack0025,404,17,4,1,396,406,0.648565,3,GE_GATE,1,0,8
OC-SORT,dancetrack0025,405,17,4,1,396,406,0.589269,3,GE_GATE,1,0,8
OC-SORT,dancetrack0025,519,7,8,1,518,521,0.39055,7,BETWEEN_0_AND_GATE,1,0,8
OC-SORT,dancetrack0025,520,7,8,1,518,521,0.354299,7,BETWEEN_0_AND_GATE,1,0,8
OC-SORT,dancetrack0025,624,7,8,1,623,626,0.693578,7,GE_GATE,1,0,8
OC-SORT,dancetrack0025,625,7,8,1,623,626,0.671283,7,GE_GATE,1,0,8
OC-SORT,dancetrack0026,17,15,12,1,16,21,0.580703,18,GE_GATE,1,0,16
OC-SORT,dancetrack0026,18,15,12,1,16,21,0.444853,17,BETWEEN_0_AND_GATE,1,0,16
OC-SORT,dancetrack0026,19,15,12,1,16,21,0.477677,17,BETWEEN_0_AND_GATE,1,0,16
OC-SORT,dancetrack0026,20,6,8,1,19,22,0.365372,5,BETWEEN_0_AND_GATE,1,0,15
OC-SORT,dancetrack0026,20,15,12,1,16,21,0.369902,17,BETWEEN_0_AND_GATE,1,0,15
OC-SORT,dancetrack0026,21,6,8,1,19,22,0.374931,5,BETWEEN_0_AND_GATE,1,0,16
OC-SORT,dancetrack0026,23,13,10,1,22,24,0.53093,14,GE_GATE,1,0,15
OC-SORT,dancetrack0026,24,3,2,1,23,29,0.653249,0,GE_GATE,1,0,15
OC-SORT,dancetrack0026,24,6,8,1,23,26,0.366019,5,BETWEEN_0_AND_GATE,1,0,15
OC-SORT,dancetrack0026,25,3,2,1,23,29,0.647417,0,GE_GATE,1,0,14
OC-SORT,dancetrack0026,25,6,8,1,23,26,0.389838,5,BETWEEN_0_AND_GATE,1,0,14
OC-SORT,dancetrack0026,26,3,2,1,23,29,0.667326,0,GE_GATE,1,0,16
OC-SORT,dancetrack0026,27,3,2,1,23,29,0.679679,0,GE_GATE,1,0,17
OC-SORT,dancetrack0026,28,3,2,1,23,29,0.692598,0,GE_GATE,1,0,16
OC-SORT,dancetrack0026,30,3,2,1,29,36,0.503081,0,GE_GATE,1,0,15
OC-SORT,dancetrack0026,31,3,2,1,29,36,0.450266,0,BETWEEN_0_AND_GATE,1,0,15
OC-SORT,dancetrack0026,32,3,2,1,29,36,0.404475,0,BETWEEN_0_AND_GATE,1,0,15
OC-SORT,dancetrack0026,33,3,2,1,29,36,0.384812,0,BETWEEN_0_AND_GATE,1,0,14
OC-SORT,dancetrack0026,33,18,6,1,32,34,0.408557,14,BETWEEN_0_AND_GATE,1,0,14
OC-SORT,dancetrack0026,34,3,2,1,29,36,0.376371,0,BETWEEN_0_AND_GATE,1,0,15
OC-SORT,dancetrack0026,35,3,2,1,29,36,0.339385,0,BETWEEN_0_AND_GATE,1,0,16
OC-SORT,dancetrack0026,40,2,0,1,39,43,0.649361,4,GE_GATE,1,0,15
OC-SORT,dancetrack0026,41,2,0,1,39,43,0.63731,4,GE_GATE,1,0,15
OC-SORT,dancetrack0026,42,2,0,1,39,43,0.628986,4,GE_GATE,1,0,14
OC-SORT,dancetrack0026,47,18,6,1,46,50,0.449048,16,BETWEEN_0_AND_GATE,1,0,14
OC-SORT,dancetrack0026,48,18,6,1,46,50,0.517504,16,GE_GATE,1,0,14
OC-SORT,dancetrack0026,49,18,6,1,46,50,0.517645,16,GE_GATE,1,0,13
OC-SORT,dancetrack0026,51,16,9,1,50,53,0.557264,18,GE_GATE,1,0,13
OC-SORT,dancetrack0026,52,5,15,1,51,54,0.368292,16,BETWEEN_0_AND_GATE,1,0,13
OC-SORT,dancetrack0026,52,16,9,1,50,53,0.55999,18,GE_GATE,1,0,13
OC-SORT,dancetrack0026,53,5,15,1,51,54,0.367941,16,BETWEEN_0_AND_GATE,1,0,14
OC-SORT,dancetrack0026,54,16,9,1,53,59,0.334606,18,BETWEEN_0_AND_GATE,1,0,15
OC-SORT,dancetrack0026,55,16,9,1,53,59,0.413244,14,BETWEEN_0_AND_GATE,1,0,15
OC-SORT,dancetrack0026,56,16,9,1,53,59,0.51366,12,GE_GATE,1,0,15
OC-SORT,dancetrack0026,57,16,9,1,53,59,0.559198,12,GE_GATE,1,0,14
OC-SORT,dancetrack0026,58,16,9,1,53,59,0.561994,12,GE_GATE,1,0,13
OC-SORT,dancetrack0026,60,19,8,1,59,62,0.264336,16,BETWEEN_0_AND_GATE,1,0,13
OC-SORT,dancetrack0026,61,13,10,1,60,63,0.525766,3,GE_GATE,1,0,13
OC-SORT,dancetrack0026,61,19,8,1,59,62,0.250643,16,BETWEEN_0_AND_GATE,1,0,13
OC-SORT,dancetrack0026,62,13,10,1,60,63,0.536369,3,GE_GATE,1,0,13
OC-SORT,dancetrack0026,66,5,15,1,65,69,0.32014,3,BETWEEN_0_AND_GATE,1,0,13
OC-SORT,dancetrack0026,67,5,15,1,65,69,0.404046,3,BETWEEN_0_AND_GATE,1,0,14
OC-SORT,dancetrack0026,68,5,15,1,65,69,0.431239,3,BETWEEN_0_AND_GATE,1,0,15
OC-SORT,dancetrack0026,74,15,5,1,73,78,0.620335,11,GE_GATE,1,0,14
OC-SORT,dancetrack0026,75,15,5,1,73,78,0.623984,11,GE_GATE,1,0,14
OC-SORT,dancetrack0026,76,7,4,1,75,81,0.621809,17,GE_GATE,1,0,13
OC-SORT,dancetrack0026,76,15,5,1,73,78,0.510439,11,GE_GATE,1,0,13
OC-SORT,dancetrack0026,77,7,4,1,75,81,0.663162,17,GE_GATE,1,0,14
OC-SORT,dancetrack0026,77,15,5,1,73,78,0.40479,11,BETWEEN_0_AND_GATE,1,0,14
OC-SORT,dancetrack0026,78,7,4,1,75,81,0.705012,17,GE_GATE,1,0,15
OC-SORT,dancetrack0026,79,7,4,1,75,81,0.712215,17,GE_GATE,1,0,14
OC-SORT,dancetrack0026,80,7,4,1,75,81,0.687377,17,GE_GATE,1,0,14
OC-SORT,dancetrack0026,84,19,8,1,83,86,0.286246,3,BETWEEN_0_AND_GATE,1,0,12
OC-SORT,dancetrack0026,85,19,8,1,83,86,0.284965,3,BETWEEN_0_AND_GATE,1,0,12
OC-SORT,dancetrack0026,99,7,4,1,98,111,0.428502,14,BETWEEN_0_AND_GATE,1,0,13
OC-SORT,dancetrack0026,100,7,4,1,98,111,0.460186,14,BETWEEN_0_AND_GATE,1,0,13
OC-SORT,dancetrack0026,101,7,4,1,98,111,0.451237,14,BETWEEN_0_AND_GATE,1,0,13
OC-SORT,dancetrack0026,102,7,4,1,98,111,0.447508,14,BETWEEN_0_AND_GATE,1,0,13
OC-SORT,dancetrack0026,103,7,4,1,98,111,0.440946,14,BETWEEN_0_AND_GATE,1,0,13
OC-SORT,dancetrack0026,104,7,4,1,98,111,0.433612,14,BETWEEN_0_AND_GATE,1,0,12
OC-SORT,dancetrack0026,105,7,4,1,98,111,0.435621,14,BETWEEN_0_AND_GATE,1,0,12
OC-SORT,dancetrack0026,106,3,12,1,105,108,0.590017,9,GE_GATE,1,0,11
OC-SORT,dancetrack0026,106,7,4,1,98,111,0.429169,14,BETWEEN_0_AND_GATE,1,0,11
OC-SORT,dancetrack0026,107,3,12,1,105,108,0.553232,9,GE_GATE,1,0,12
OC-SORT,dancetrack0026,107,7,4,1,98,111,0.429004,14,BETWEEN_0_AND_GATE,1,0,12
OC-SORT,dancetrack0026,108,7,4,1,98,111,0.417246,14,BETWEEN_0_AND_GATE,1,0,13
OC-SORT,dancetrack0026,109,7,4,1,98,111,0.402365,14,BETWEEN_0_AND_GATE,1,0,13
OC-SORT,dancetrack0026,110,7,4,1,98,111,0.406473,14,BETWEEN_0_AND_GATE,1,0,14
OC-SORT,dancetrack0026,113,25,1,1,112,117,0.333671,3,BETWEEN_0_AND_GATE,1,0,15
OC-SORT,dancetrack0026,114,25,1,1,112,117,0.35825,3,BETWEEN_0_AND_GATE,1,0,15
OC-SORT,dancetrack0026,115,25,1,1,112,117,0.347493,3,BETWEEN_0_AND_GATE,1,0,15
OC-SORT,dancetrack0026,116,22,11,1,115,118,0.662999,9,GE_GATE,1,0,14
OC-SORT,dancetrack0026,116,25,1,1,112,117,0.312279,3,BETWEEN_0_AND_GATE,1,0,14
OC-SORT,dancetrack0026,117,22,11,1,115,118,0.690725,9,GE_GATE,1,0,15
OC-SORT,dancetrack0026,118,15,18,1,117,124,0.376728,3,BETWEEN_0_AND_GATE,1,0,14
OC-SORT,dancetrack0026,119,2,0,1,118,124,0.347909,16,BETWEEN_0_AND_GATE,1,0,13
OC-SORT,dancetrack0026,119,15,18,1,117,124,0.37422,3,BETWEEN_0_AND_GATE,1,0,13
OC-SORT,dancetrack0026,120,2,0,1,118,124,0.280273,16,BETWEEN_0_AND_GATE,1,0,13
OC-SORT,dancetrack0026,120,15,18,1,117,124,0.360646,1,BETWEEN_0_AND_GATE,1,0,13
OC-SORT,dancetrack0026,121,2,0,1,118,124,0.259067,16,BETWEEN_0_AND_GATE,1,0,13
OC-SORT,dancetrack0026,121,15,18,1,117,124,0.351177,1,BETWEEN_0_AND_GATE,1,0,13
OC-SORT,dancetrack0026,122,2,0,1,118,124,0.220276,16,BETWEEN_0_AND_GATE,1,0,13
OC-SORT,dancetrack0026,122,15,18,1,117,124,0.336766,1,BETWEEN_0_AND_GATE,1,0,13
OC-SORT,dancetrack0026,123,2,0,1,118,124,0.202523,16,BETWEEN_0_AND_GATE,1,0,13
OC-SORT,dancetrack0026,123,15,18,1,117,124,0.439462,1,BETWEEN_0_AND_GATE,1,0,13
OC-SORT,dancetrack0026,128,22,11,1,127,130,0.377991,5,BETWEEN_0_AND_GATE,1,0,15
OC-SORT,dancetrack0026,129,22,11,1,127,130,0.415257,5,BETWEEN_0_AND_GATE,1,0,15
OC-SORT,dancetrack0026,132,22,11,1,131,133,0.495113,5,BETWEEN_0_AND_GATE,1,0,16
OC-SORT,dancetrack0026,136,23,13,1,135,140,0.363233,5,BETWEEN_0_AND_GATE,1,0,16
OC-SORT,dancetrack0026,137,4,17,1,136,142,0.497146,16,BETWEEN_0_AND_GATE,1,0,15
OC-SORT,dancetrack0026,137,23,13,1,135,140,0.431075,5,BETWEEN_0_AND_GATE,1,0,15
OC-SORT,dancetrack0026,138,4,17,1,136,142,0.491423,16,BETWEEN_0_AND_GATE,1,0,14
OC-SORT,dancetrack0026,138,23,13,1,135,140,0.705055,5,GE_GATE,1,0,14
OC-SORT,dancetrack0026,139,4,17,1,136,142,0.47519,16,BETWEEN_0_AND_GATE,1,0,15
OC-SORT,dancetrack0026,139,23,13,1,135,140,0.804613,5,GE_GATE,1,0,15
OC-SORT,dancetrack0026,140,4,17,1,136,142,0.476997,16,BETWEEN_0_AND_GATE,1,0,17
OC-SORT,dancetrack0026,141,4,17,1,136,142,0.48127,16,BETWEEN_0_AND_GATE,1,0,16
OC-SORT,dancetrack0026,149,29,8,1,148,150,0.442662,6,BETWEEN_0_AND_GATE,1,0,15
OC-SORT,dancetrack0026,156,4,17,1,155,158,0.295117,3,BETWEEN_0_AND_GATE,1,0,13
OC-SORT,dancetrack0026,157,4,17,1,155,158,0.321511,3,BETWEEN_0_AND_GATE,1,0,12
OC-SORT,dancetrack0026,165,2,12,1,164,166,0.311665,13,BETWEEN_0_AND_GATE,1,0,15
OC-SORT,dancetrack0026,168,29,8,1,167,172,0.764568,15,GE_GATE,1,0,13
OC-SORT,dancetrack0026,169,29,8,1,167,172,0.724185,15,GE_GATE,1,0,13
OC-SORT,dancetrack0026,170,25,1,1,169,176,0.41353,15,BETWEEN_0_AND_GATE,1,0,11
OC-SORT,dancetrack0026,170,29,8,1,167,172,0.659015,15,GE_GATE,1,0,11
OC-SORT,dancetrack0026,171,25,1,1,169,176,0.434989,15,BETWEEN_0_AND_GATE,1,0,12
OC-SORT,dancetrack0026,171,29,8,1,167,172,0.675408,15,GE_GATE,1,0,12
OC-SORT,dancetrack0026,172,25,1,1,169,176,0.65285,8,GE_GATE,1,0,11
OC-SORT,dancetrack0026,173,25,1,1,169,176,0.768049,8,GE_GATE,1,0,11
OC-SORT,dancetrack0026,174,25,1,1,169,176,0.834988,8,GE_GATE,1,0,12
OC-SORT,dancetrack0026,175,25,1,1,169,176,0.838485,8,GE_GATE,1,0,13
OC-SORT,dancetrack0026,182,2,9,1,181,188,0.333913,6,BETWEEN_0_AND_GATE,1,0,13
OC-SORT,dancetrack0026,183,2,9,1,181,188,0.304955,6,BETWEEN_0_AND_GATE,1,0,14
OC-SORT,dancetrack0026,184,2,9,1,181,188,0.367181,11,BETWEEN_0_AND_GATE,1,0,14
OC-SORT,dancetrack0026,185,2,9,1,181,188,0.46775,11,BETWEEN_0_AND_GATE,1,0,14
OC-SORT,dancetrack0026,186,2,9,1,181,188,0.659832,11,GE_GATE,1,0,14
OC-SORT,dancetrack0026,187,2,9,1,181,188,0.734483,11,GE_GATE,1,0,14
OC-SORT,dancetrack0026,197,7,5,1,196,204,0.610837,11,GE_GATE,1,0,12
OC-SORT,dancetrack0026,198,7,5,1,196,204,0.625867,11,GE_GATE,1,0,13
OC-SORT,dancetrack0026,199,7,5,1,196,204,0.579184,11,GE_GATE,1,0,13
OC-SORT,dancetrack0026,200,7,5,1,196,204,0.424054,11,BETWEEN_0_AND_GATE,1,0,13
OC-SORT,dancetrack0026,200,23,2,1,199,202,0.783499,1,GE_GATE,1,0,13
OC-SORT,dancetrack0026,201,7,5,1,196,204,0.311537,11,BETWEEN_0_AND_GATE,1,0,13
OC-SORT,dancetrack0026,201,23,2,1,199,202,0.694226,1,GE_GATE,1,0,13
OC-SORT,dancetrack0026,202,7,5,1,196,204,0.224064,15,BETWEEN_0_AND_GATE,1,0,15
OC-SORT,dancetrack0026,203,7,5,1,196,204,0.219335,15,BETWEEN_0_AND_GATE,1,0,14
OC-SORT,dancetrack0026,203,33,14,1,202,205,0.203387,6,BETWEEN_0_AND_GATE,1,0,14
OC-SORT,dancetrack0026,204,33,14,1,202,205,0.265316,12,BETWEEN_0_AND_GATE,1,0,14
OC-SORT,dancetrack0026,220,15,13,1,219,226,0.489768,8,BETWEEN_0_AND_GATE,1,0,13
OC-SORT,dancetrack0026,221,15,13,1,219,226,0.469482,8,BETWEEN_0_AND_GATE,1,0,15
OC-SORT,dancetrack0026,222,15,13,1,219,226,0.455761,8,BETWEEN_0_AND_GATE,1,0,12
OC-SORT,dancetrack0026,223,15,13,1,219,226,0.437429,8,BETWEEN_0_AND_GATE,1,0,12
OC-SORT,dancetrack0026,224,15,13,1,219,226,0.452748,8,BETWEEN_0_AND_GATE,1,0,11
OC-SORT,dancetrack0026,225,15,13,1,219,226,0.660727,12,GE_GATE,1,0,12
OC-SORT,dancetrack0026,227,16,11,1,226,228,0.375701,8,BETWEEN_0_AND_GATE,1,0,13
OC-SORT,dancetrack0026,231,17,7,1,230,232,0.233399,8,BETWEEN_0_AND_GATE,1,0,11
OC-SORT,dancetrack0026,232,16,11,1,231,236,0.743484,13,GE_GATE,1,0,11
OC-SORT,dancetrack0026,233,8,3,1,232,235,0.288249,8,BETWEEN_0_AND_GATE,1,0,9
OC-SORT,dancetrack0026,233,16,11,1,231,236,0.419588,9,BETWEEN_0_AND_GATE,1,0,9
OC-SORT,dancetrack0026,234,8,3,1,232,235,0.250735,8,BETWEEN_0_AND_GATE,1,0,11
OC-SORT,dancetrack0026,234,16,11,1,231,236,0.349293,9,BETWEEN_0_AND_GATE,1,0,11
OC-SORT,dancetrack0026,235,16,11,1,231,236,0.210989,1,BETWEEN_0_AND_GATE,1,0,11
OC-SORT,dancetrack0026,237,17,7,1,236,238,0.282474,9,BETWEEN_0_AND_GATE,1,0,14
OC-SORT,dancetrack0026,239,8,3,1,238,243,0.177551,1,BETWEEN_0_AND_GATE,1,0,10
OC-SORT,dancetrack0026,239,17,7,1,238,240,0.197337,1,BETWEEN_0_AND_GATE,1,0,10
OC-SORT,dancetrack0026,240,8,3,1,238,243,0.328214,9,BETWEEN_0_AND_GATE,1,0,12
OC-SORT,dancetrack0026,241,8,3,1,238,243,0.319952,9,BETWEEN_0_AND_GATE,1,0,12
OC-SORT,dancetrack0026,242,8,3,1,238,243,0.33701,9,BETWEEN_0_AND_GATE,1,0,11
OC-SORT,dancetrack0026,242,16,11,1,241,243,0.629987,5,GE_GATE,1,0,11
OC-SORT,dancetrack0026,246,16,11,1,245,247,0.638669,18,GE_GATE,1,0,14
OC-SORT,dancetrack0026,251,17,7,1,250,253,0.468956,5,BETWEEN_0_AND_GATE,1,0,12
OC-SORT,dancetrack0026,252,17,7,1,250,253,0.363601,5,BETWEEN_0_AND_GATE,1,0,12
OC-SORT,dancetrack0026,254,17,7,1,253,255,0.244079,18,BETWEEN_0_AND_GATE,1,0,11
OC-SORT,dancetrack0026,257,8,3,1,256,260,0.443211,5,BETWEEN_0_AND_GATE,1,0,11
OC-SORT,dancetrack0026,258,8,3,1,256,260,0.442206,5,BETWEEN_0_AND_GATE,1,0,11
OC-SORT,dancetrack0026,259,8,3,1,256,260,0.442284,5,BETWEEN_0_AND_GATE,1,0,10
OC-SORT,dancetrack0026,269,37,9,1,268,272,0.422211,18,BETWEEN_0_AND_GATE,1,0,8
OC-SORT,dancetrack0026,270,37,9,1,268,272,0.47589,18,BETWEEN_0_AND_GATE,1,0,8
OC-SORT,dancetrack0026,271,37,9,1,268,272,0.466435,18,BETWEEN_0_AND_GATE,1,0,8
OC-SORT,dancetrack0030,1232,2,0,1,1231,1234,0.568666,5,GE_GATE,1,0,5
OC-SORT,dancetrack0030,1233,2,0,1,1231,1234,0.533348,5,GE_GATE,1,0,5
OC-SORT,dancetrack0034,211,15,9,1,210,213,0.333982,10,BETWEEN_0_AND_GATE,1,0,13
OC-SORT,dancetrack0034,212,15,9,1,210,213,0.338345,10,BETWEEN_0_AND_GATE,1,0,12
OC-SORT,dancetrack0034,218,19,12,1,217,220,0.442701,5,BETWEEN_0_AND_GATE,1,0,11
OC-SORT,dancetrack0034,218,20,8,1,217,220,0.363228,10,BETWEEN_0_AND_GATE,1,0,11
OC-SORT,dancetrack0034,219,19,12,1,217,220,0.557392,5,GE_GATE,1,0,11
OC-SORT,dancetrack0034,219,20,8,1,217,220,0.385731,10,BETWEEN_0_AND_GATE,1,0,11
OC-SORT,dancetrack0034,239,20,8,1,238,241,0.576315,3,GE_GATE,1,0,12
OC-SORT,dancetrack0034,240,20,8,1,238,241,0.548384,3,GE_GATE,1,0,12
OC-SORT,dancetrack0034,243,19,12,1,242,246,0.347635,7,BETWEEN_0_AND_GATE,1,0,12
OC-SORT,dancetrack0034,244,19,12,1,242,246,0.325106,7,BETWEEN_0_AND_GATE,1,0,12
OC-SORT,dancetrack0034,245,19,12,1,242,246,0.31397,7,BETWEEN_0_AND_GATE,1,0,12
OC-SORT,dancetrack0034,250,9,9,1,249,251,0.712837,5,GE_GATE,1,0,10
OC-SORT,dancetrack0034,250,19,12,1,249,251,0.584625,13,GE_GATE,1,0,10
OC-SORT,dancetrack0034,251,20,8,1,250,257,0.648241,4,GE_GATE,1,0,11
OC-SORT,dancetrack0034,252,20,8,1,250,257,0.624198,4,GE_GATE,1,0,11
OC-SORT,dancetrack0034,253,20,8,1,250,257,0.631034,4,GE_GATE,1,0,11
OC-SORT,dancetrack0034,254,20,8,1,250,257,0.638297,4,GE_GATE,1,0,11
OC-SORT,dancetrack0034,255,20,8,1,250,257,0.649729,4,GE_GATE,1,0,11
OC-SORT,dancetrack0034,256,20,8,1,250,257,0.690295,4,GE_GATE,1,0,11
OC-SORT,dancetrack0034,343,23,13,1,342,348,0.445407,9,BETWEEN_0_AND_GATE,1,0,11
OC-SORT,dancetrack0034,344,23,13,1,342,348,0.56646,9,GE_GATE,1,0,11
OC-SORT,dancetrack0034,345,23,13,1,342,348,0.694371,9,GE_GATE,1,0,11
OC-SORT,dancetrack0034,346,23,13,1,342,348,0.678293,9,GE_GATE,1,0,11
OC-SORT,dancetrack0034,347,23,13,1,342,348,0.601179,9,GE_GATE,1,0,11
OC-SORT,dancetrack0034,396,9,7,1,395,404,0.39564,9,BETWEEN_0_AND_GATE,1,0,9
OC-SORT,dancetrack0034,397,9,7,1,395,404,0.387199,9,BETWEEN_0_AND_GATE,1,0,9
OC-SORT,dancetrack0034,398,9,7,1,395,404,0.386459,9,BETWEEN_0_AND_GATE,1,0,9
OC-SORT,dancetrack0034,399,9,7,1,395,404,0.389822,9,BETWEEN_0_AND_GATE,1,0,8
OC-SORT,dancetrack0034,400,9,7,1,395,404,0.403531,9,BETWEEN_0_AND_GATE,1,0,8
OC-SORT,dancetrack0034,401,9,7,1,395,404,0.429586,9,BETWEEN_0_AND_GATE,1,0,7
OC-SORT,dancetrack0034,401,30,10,1,400,405,0.647997,1,GE_GATE,1,0,7
OC-SORT,dancetrack0034,402,9,7,1,395,404,0.441562,9,BETWEEN_0_AND_GATE,1,0,7
OC-SORT,dancetrack0034,402,30,10,1,400,405,0.647062,1,GE_GATE,1,0,7
OC-SORT,dancetrack0034,403,9,7,1,395,404,0.453698,9,BETWEEN_0_AND_GATE,1,0,7
OC-SORT,dancetrack0034,403,30,10,1,400,405,0.639414,1,GE_GATE,1,0,7
OC-SORT,dancetrack0034,404,30,10,1,400,405,0.642815,1,GE_GATE,1,0,8
OC-SORT,dancetrack0034,482,9,7,1,481,486,0.685287,9,GE_GATE,1,0,10
OC-SORT,dancetrack0034,483,9,7,1,481,486,0.684986,9,GE_GATE,1,0,10
OC-SORT,dancetrack0034,484,9,7,1,481,486,0.686535,9,GE_GATE,1,0,9
OC-SORT,dancetrack0034,484,33,13,1,483,487,0.771821,0,GE_GATE,1,0,9
OC-SORT,dancetrack0034,485,9,7,1,481,486,0.658273,9,GE_GATE,1,0,9
OC-SORT,dancetrack0034,485,33,13,1,483,487,0.737258,0,GE_GATE,1,0,9
OC-SORT,dancetrack0034,486,33,13,1,483,487,0.650753,0,GE_GATE,1,0,10
OC-SORT,dancetrack0034,488,6,5,1,487,489,0.730382,2,GE_GATE,1,0,11
OC-SORT,dancetrack0034,492,35,11,1,491,494,0.529879,0,GE_GATE,1,0,11
OC-SORT,dancetrack0034,493,35,11,1,491,494,0.737544,0,GE_GATE,1,0,11
OC-SORT,dancetrack0034,512,33,13,1,511,515,0.509308,9,GE_GATE,1,0,10
OC-SORT,dancetrack0034,513,33,13,1,511,515,0.558517,9,GE_GATE,1,0,10
OC-SORT,dancetrack0034,514,33,13,1,511,515,0.466396,9,BETWEEN_0_AND_GATE,1,0,11
OC-SORT,dancetrack0034,517,35,11,1,516,522,0.436069,0,BETWEEN_0_AND_GATE,1,0,11
OC-SORT,dancetrack0034,518,35,11,1,516,522,0.446991,0,BETWEEN_0_AND_GATE,1,0,11
OC-SORT,dancetrack0034,519,35,11,1,516,522,0.46358,0,BETWEEN_0_AND_GATE,1,0,11
OC-SORT,dancetrack0034,520,35,11,1,516,522,0.473918,0,BETWEEN_0_AND_GATE,1,0,11
OC-SORT,dancetrack0034,521,35,11,1,516,522,0.48266,0,BETWEEN_0_AND_GATE,1,0,11
OC-SORT,dancetrack0034,537,25,5,1,536,540,0.501282,2,GE_GATE,1,0,12
OC-SORT,dancetrack0034,538,25,5,1,536,540,0.492794,2,BETWEEN_0_AND_GATE,1,0,12
OC-SORT,dancetrack0034,539,25,5,1,536,540,0.502447,2,GE_GATE,1,0,12
OC-SORT,dancetrack0034,543,33,13,1,542,547,0.6619,0,GE_GATE,1,0,12
OC-SORT,dancetrack0034,544,33,13,1,542,547,0.819562,0,GE_GATE,1,0,12
OC-SORT,dancetrack0034,545,33,13,1,542,547,0.614577,0,GE_GATE,1,0,12
OC-SORT,dancetrack0034,546,33,13,1,542,547,0.471341,0,BETWEEN_0_AND_GATE,1,0,12
OC-SORT,dancetrack0034,550,35,12,1,549,554,0.758113,13,GE_GATE,1,0,11
OC-SORT,dancetrack0034,551,35,12,1,549,554,0.670259,13,GE_GATE,1,0,11
OC-SORT,dancetrack0034,552,35,12,1,549,554,0.607657,13,GE_GATE,1,0,11
OC-SORT,dancetrack0034,553,35,12,1,549,554,0.575328,13,GE_GATE,1,0,11
OC-SORT,dancetrack0034,668,45,12,1,667,677,0.658057,13,GE_GATE,1,0,12
OC-SORT,dancetrack0034,669,45,12,1,667,677,0.65652,13,GE_GATE,1,0,12
OC-SORT,dancetrack0034,670,45,12,1,667,677,0.66066,13,GE_GATE,1,0,12
OC-SORT,dancetrack0034,671,45,12,1,667,677,0.650745,13,GE_GATE,1,0,12
OC-SORT,dancetrack0034,672,45,12,1,667,677,0.634084,13,GE_GATE,1,0,13
OC-SORT,dancetrack0034,673,45,12,1,667,677,0.61102,13,GE_GATE,1,0,13
OC-SORT,dancetrack0034,674,45,12,1,667,677,0.609082,13,GE_GATE,1,0,13
OC-SORT,dancetrack0034,675,45,12,1,667,677,0.61479,13,GE_GATE,1,0,13
OC-SORT,dancetrack0034,676,45,12,1,667,677,0.615999,13,GE_GATE,1,0,13
OC-SORT,dancetrack0034,728,11,3,1,727,735,0.380798,6,BETWEEN_0_AND_GATE,1,0,13
OC-SORT,dancetrack0034,729,11,3,1,727,735,0.384246,6,BETWEEN_0_AND_GATE,1,0,11
OC-SORT,dancetrack0034,730,11,3,1,727,735,0.367158,4,BETWEEN_0_AND_GATE,1,0,11
OC-SORT,dancetrack0034,731,11,3,1,727,735,0.420089,4,BETWEEN_0_AND_GATE,1,0,12
OC-SORT,dancetrack0034,732,11,3,1,727,735,0.413961,6,BETWEEN_0_AND_GATE,1,0,13
OC-SORT,dancetrack0034,733,11,3,1,727,735,0.412979,6,BETWEEN_0_AND_GATE,1,0,12
OC-SORT,dancetrack0034,733,34,13,1,732,736,0.654869,12,GE_GATE,1,0,12
OC-SORT,dancetrack0034,734,11,3,1,727,735,0.416036,6,BETWEEN_0_AND_GATE,1,0,11
OC-SORT,dancetrack0034,734,34,13,1,732,736,0.651027,12,GE_GATE,1,0,11
OC-SORT,dancetrack0034,735,34,13,1,732,736,0.656596,12,GE_GATE,1,0,12
OC-SORT,dancetrack0034,884,11,3,1,883,891,0.619501,6,GE_GATE,1,0,11
OC-SORT,dancetrack0034,885,11,3,1,883,891,0.589369,6,GE_GATE,1,0,11
OC-SORT,dancetrack0034,886,11,3,1,883,891,0.586942,4,GE_GATE,1,0,11
OC-SORT,dancetrack0034,887,11,3,1,883,891,0.69179,4,GE_GATE,1,0,11
OC-SORT,dancetrack0034,888,11,3,1,883,891,0.664438,4,GE_GATE,1,0,12
OC-SORT,dancetrack0034,889,11,3,1,883,891,0.770904,10,GE_GATE,1,0,10
OC-SORT,dancetrack0034,890,11,3,1,883,891,0.821009,10,GE_GATE,1,0,10
OC-SORT,dancetrack0034,904,41,12,1,903,905,0.468505,0,BETWEEN_0_AND_GATE,1,0,11
OC-SORT,dancetrack0035,21,7,2,1,20,22,0.691902,6,GE_GATE,1,0,6
OC-SORT,dancetrack0035,64,3,0,1,63,74,0.598294,1,GE_GATE,1,0,7
OC-SORT,dancetrack0035,65,3,0,1,63,74,0.653043,1,GE_GATE,1,0,7
OC-SORT,dancetrack0035,66,3,0,1,63,74,0.680839,1,GE_GATE,1,0,7
OC-SORT,dancetrack0035,67,3,0,1,63,74,0.687354,1,GE_GATE,1,0,7
OC-SORT,dancetrack0035,68,3,0,1,63,74,0.679166,1,GE_GATE,1,0,7
OC-SORT,dancetrack0035,69,3,0,1,63,74,0.572401,1,GE_GATE,1,0,7
OC-SORT,dancetrack0035,70,3,0,1,63,74,0.571649,1,GE_GATE,1,0,7
OC-SORT,dancetrack0035,71,3,0,1,63,74,0.58748,1,GE_GATE,1,0,7
OC-SORT,dancetrack0035,72,3,0,1,63,74,0.560979,1,GE_GATE,1,0,7
OC-SORT,dancetrack0035,73,3,0,1,63,74,0.5771,1,GE_GATE,1,0,7
OC-SORT,dancetrack0035,75,3,0,1,74,77,0.602311,1,GE_GATE,1,0,7
OC-SORT,dancetrack0035,76,3,0,1,74,77,0.574911,1,GE_GATE,1,0,7
OC-SORT,dancetrack0035,349,12,3,1,348,352,0.64017,5,GE_GATE,1,0,7
OC-SORT,dancetrack0035,350,12,3,1,348,352,0.628263,5,GE_GATE,1,0,7
OC-SORT,dancetrack0035,351,12,3,1,348,352,0.61636,5,GE_GATE,1,0,7
OC-SORT,dancetrack0035,361,12,3,1,360,364,0.552391,5,GE_GATE,1,0,7
OC-SORT,dancetrack0035,362,12,3,1,360,364,0.609315,5,GE_GATE,1,0,7
OC-SORT,dancetrack0035,363,12,3,1,360,364,0.516045,5,GE_GATE,1,0,7
OC-SORT,dancetrack0035,419,12,3,1,418,422,0.496523,5,BETWEEN_0_AND_GATE,1,0,7
OC-SORT,dancetrack0035,420,12,3,1,418,422,0.508297,5,GE_GATE,1,0,7
OC-SORT,dancetrack0035,421,12,3,1,418,422,0.521252,5,GE_GATE,1,0,7
OC-SORT,dancetrack0041,48,6,16,1,47,50,0.603929,19,GE_GATE,1,0,9
OC-SORT,dancetrack0041,49,6,16,1,47,50,0.719778,19,GE_GATE,1,0,9
OC-SORT,dancetrack0041,58,2,17,1,57,60,0.513762,19,GE_GATE,1,0,10
OC-SORT,dancetrack0041,59,2,17,1,57,60,0.61486,19,GE_GATE,1,0,8
OC-SORT,dancetrack0041,59,6,16,1,58,62,0.783378,1,GE_GATE,1,0,8
OC-SORT,dancetrack0041,60,6,16,1,58,62,0.67188,1,GE_GATE,1,0,10
OC-SORT,dancetrack0041,61,6,16,1,58,62,0.56137,1,GE_GATE,1,0,10
OC-SORT,dancetrack0041,63,3,21,1,62,65,0.815527,18,GE_GATE,1,0,10
OC-SORT,dancetrack0041,64,3,21,1,62,65,0.798666,18,GE_GATE,1,0,10
OC-SORT,dancetrack0041,69,2,17,1,68,71,0.713188,1,GE_GATE,1,0,9
OC-SORT,dancetrack0041,70,2,17,1,68,71,0.660449,1,GE_GATE,1,0,10
OC-SORT,dancetrack0041,72,6,16,1,71,74,0.820959,18,GE_GATE,1,0,10
OC-SORT,dancetrack0041,73,6,16,1,71,74,0.809264,18,GE_GATE,1,0,10
OC-SORT,dancetrack0041,80,3,21,1,79,82,0.597543,14,GE_GATE,1,0,10
OC-SORT,dancetrack0041,81,3,21,1,79,82,0.589493,14,GE_GATE,1,0,10
OC-SORT,dancetrack0041,83,2,17,1,82,86,0.869708,18,GE_GATE,1,0,10
OC-SORT,dancetrack0041,83,14,13,1,82,87,0.695165,0,GE_GATE,1,0,10
OC-SORT,dancetrack0041,84,2,17,1,82,86,0.704672,18,GE_GATE,1,0,10
OC-SORT,dancetrack0041,84,14,13,1,82,87,0.733902,0,GE_GATE,1,0,10
OC-SORT,dancetrack0041,85,2,17,1,82,86,0.610748,18,GE_GATE,1,0,10
OC-SORT,dancetrack0041,85,14,13,1,82,87,0.662267,0,GE_GATE,1,0,10
OC-SORT,dancetrack0041,86,14,13,1,82,87,0.549724,0,GE_GATE,1,0,11
OC-SORT,dancetrack0041,90,6,16,1,89,93,0.587752,14,GE_GATE,1,0,11
OC-SORT,dancetrack0041,91,6,16,1,89,93,0.625912,14,GE_GATE,1,0,11
OC-SORT,dancetrack0041,92,6,16,1,89,93,0.566389,14,GE_GATE,1,0,11
OC-SORT,dancetrack0041,93,12,15,1,92,94,0.726848,1,GE_GATE,1,0,11
OC-SORT,dancetrack0041,102,2,17,1,101,104,0.707762,14,GE_GATE,1,0,9
OC-SORT,dancetrack0041,102,6,16,1,101,108,0.681903,21,GE_GATE,1,0,9
OC-SORT,dancetrack0041,103,2,17,1,101,104,0.644013,14,GE_GATE,1,0,9
OC-SORT,dancetrack0041,103,6,16,1,101,108,0.718169,21,GE_GATE,1,0,9
OC-SORT,dancetrack0041,104,6,16,1,101,108,0.734395,21,GE_GATE,1,0,10
OC-SORT,dancetrack0041,105,6,16,1,101,108,0.788712,21,GE_GATE,1,0,10
OC-SORT,dancetrack0041,106,6,16,1,101,108,0.786658,21,GE_GATE,1,0,10
OC-SORT,dancetrack0041,107,6,16,1,101,108,0.722032,21,GE_GATE,1,0,9
OC-SORT,dancetrack0041,107,12,15,1,106,110,0.65825,18,GE_GATE,1,0,9
OC-SORT,dancetrack0041,108,12,15,1,106,110,0.819526,18,GE_GATE,1,0,9
OC-SORT,dancetrack0041,109,12,15,1,106,110,0.759752,18,GE_GATE,1,0,10
OC-SORT,dancetrack0041,114,9,19,1,113,116,0.582208,0,GE_GATE,1,0,11
OC-SORT,dancetrack0041,114,11,7,1,113,117,0.806063,14,GE_GATE,1,0,11
OC-SORT,dancetrack0041,115,9,19,1,113,116,0.581242,0,GE_GATE,1,0,11
OC-SORT,dancetrack0041,115,11,7,1,113,117,0.810875,14,GE_GATE,1,0,11
OC-SORT,dancetrack0041,116,2,17,1,115,118,0.66408,21,GE_GATE,1,0,11
OC-SORT,dancetrack0041,116,11,7,1,113,117,0.612546,14,GE_GATE,1,0,11
OC-SORT,dancetrack0041,117,2,17,1,115,118,0.65369,21,GE_GATE,1,0,12
OC-SORT,dancetrack0041,120,14,13,1,119,123,0.639975,18,GE_GATE,1,0,11
OC-SORT,dancetrack0041,121,14,13,1,119,123,0.636773,18,GE_GATE,1,0,11
OC-SORT,dancetrack0041,122,14,13,1,119,123,0.664893,18,GE_GATE,1,0,11
OC-SORT,dancetrack0041,124,5,1,1,123,126,0.665258,0,GE_GATE,1,0,10
OC-SORT,dancetrack0041,124,12,15,1,123,127,0.848224,14,GE_GATE,1,0,10
OC-SORT,dancetrack0041,125,5,1,1,123,126,0.708608,0,GE_GATE,1,0,10
OC-SORT,dancetrack0041,125,12,15,1,123,127,0.71923,14,GE_GATE,1,0,10
OC-SORT,dancetrack0041,126,12,15,1,123,127,0.641161,14,GE_GATE,1,0,11
OC-SORT,dancetrack0041,130,11,7,1,129,132,0.804701,21,GE_GATE,1,0,9
OC-SORT,dancetrack0041,131,11,7,1,129,132,0.661945,21,GE_GATE,1,0,10
OC-SORT,dancetrack0041,134,5,1,1,133,137,0.641673,19,GE_GATE,1,0,12
OC-SORT,dancetrack0041,135,5,1,1,133,137,0.81548,19,GE_GATE,1,0,11
OC-SORT,dancetrack0041,136,5,1,1,133,137,0.800118,19,GE_GATE,1,0,11
OC-SORT,dancetrack0041,141,12,15,1,140,143,0.741468,21,GE_GATE,1,0,10
OC-SORT,dancetrack0041,142,12,15,1,140,143,0.663546,21,GE_GATE,1,0,9
OC-SORT,dancetrack0041,152,7,18,1,151,154,0.832161,1,GE_GATE,1,0,10
OC-SORT,dancetrack0041,153,7,18,1,151,154,0.724286,1,GE_GATE,1,0,11
OC-SORT,dancetrack0041,154,3,21,1,153,156,0.430276,0,BETWEEN_0_AND_GATE,1,0,11
OC-SORT,dancetrack0041,155,3,21,1,153,156,0.312381,0,BETWEEN_0_AND_GATE,1,0,11
OC-SORT,dancetrack0041,163,1,13,1,162,168,0.571575,0,GE_GATE,1,0,12
OC-SORT,dancetrack0041,164,1,13,1,162,168,0.628747,16,GE_GATE,1,0,11
OC-SORT,dancetrack0041,165,1,13,1,162,168,0.656854,16,GE_GATE,1,0,11
OC-SORT,dancetrack0041,166,1,13,1,162,168,0.745216,16,GE_GATE,1,0,12
OC-SORT,dancetrack0041,167,1,13,1,162,168,0.909935,16,GE_GATE,1,0,11
OC-SORT,dancetrack0041,168,14,16,1,167,170,0.568417,0,GE_GATE,1,0,11
OC-SORT,dancetrack0041,169,14,16,1,167,170,0.547026,0,GE_GATE,1,0,11
OC-SORT,dancetrack0041,253,11,7,1,252,256,0.497386,0,BETWEEN_0_AND_GATE,1,0,14
OC-SORT,dancetrack0041,254,11,7,1,252,256,0.441345,0,BETWEEN_0_AND_GATE,1,0,15
OC-SORT,dancetrack0041,255,11,7,1,252,256,0.439408,0,BETWEEN_0_AND_GATE,1,0,15
OC-SORT,dancetrack0041,261,17,16,1,260,267,0.473904,14,BETWEEN_0_AND_GATE,1,0,14
OC-SORT,dancetrack0041,262,17,16,1,260,267,0.547608,14,GE_GATE,1,0,14
OC-SORT,dancetrack0041,263,17,16,1,260,267,0.711259,14,GE_GATE,1,0,13
OC-SORT,dancetrack0041,264,17,16,1,260,267,0.734986,14,GE_GATE,1,0,13
OC-SORT,dancetrack0041,265,17,16,1,260,267,0.690064,14,GE_GATE,1,0,14
OC-SORT,dancetrack0041,266,17,16,1,260,267,0.605647,14,GE_GATE,1,0,15
OC-SORT,dancetrack0041,270,17,16,1,269,271,0.792047,21,GE_GATE,1,0,15
OC-SORT,dancetrack0041,281,30,12,1,280,284,0.567142,15,GE_GATE,1,0,14
OC-SORT,dancetrack0041,282,30,12,1,280,284,0.520588,15,GE_GATE,1,0,15
OC-SORT,dancetrack0041,283,30,12,1,280,284,0.627995,15,GE_GATE,1,0,15
OC-SORT,dancetrack0041,291,2,15,1,290,293,0.53735,19,GE_GATE,1,0,13
OC-SORT,dancetrack0041,292,2,15,1,290,293,0.599802,19,GE_GATE,1,0,13
OC-SORT,dancetrack0041,293,11,7,1,292,295,0.448138,18,BETWEEN_0_AND_GATE,1,0,13
OC-SORT,dancetrack0041,294,11,7,1,292,295,0.428321,18,BETWEEN_0_AND_GATE,1,0,13
OC-SORT,dancetrack0041,310,24,10,1,309,312,0.565109,1,GE_GATE,1,0,14
OC-SORT,dancetrack0041,311,24,10,1,309,312,0.541314,1,GE_GATE,1,0,14
OC-SORT,dancetrack0041,314,22,2,1,313,317,0.809664,7,GE_GATE,1,0,15
OC-SORT,dancetrack0041,315,22,2,1,313,317,0.771942,14,GE_GATE,1,0,14
OC-SORT,dancetrack0041,316,22,2,1,313,317,0.7293,7,GE_GATE,1,0,14
OC-SORT,dancetrack0041,325,22,2,1,324,328,0.708885,21,GE_GATE,1,0,13
OC-SORT,dancetrack0041,326,22,2,1,324,328,0.72966,21,GE_GATE,1,0,14
OC-SORT,dancetrack0041,327,22,2,1,324,328,0.537903,21,GE_GATE,1,0,12
OC-SORT,dancetrack0041,327,29,4,1,326,328,0.374399,19,BETWEEN_0_AND_GATE,1,0,12
OC-SORT,dancetrack0041,332,24,10,1,331,335,0.603031,14,GE_GATE,1,0,15
OC-SORT,dancetrack0041,333,24,10,1,331,335,0.391975,14,BETWEEN_0_AND_GATE,1,0,14
OC-SORT,dancetrack0041,334,24,10,1,331,335,0.379596,14,BETWEEN_0_AND_GATE,1,0,15
OC-SORT,dancetrack0041,335,31,12,1,334,336,0.334358,19,BETWEEN_0_AND_GATE,1,0,14
OC-SORT,dancetrack0041,336,22,2,1,335,339,0.821932,16,GE_GATE,1,0,14
OC-SORT,dancetrack0041,337,22,2,1,335,339,0.706451,16,GE_GATE,1,0,13
OC-SORT,dancetrack0041,338,22,2,1,335,339,0.672932,16,GE_GATE,1,0,14
OC-SORT,dancetrack0041,343,24,10,1,342,345,0.660437,21,GE_GATE,1,0,12
OC-SORT,dancetrack0041,344,24,10,1,342,345,0.510147,21,GE_GATE,1,0,13
OC-SORT,dancetrack0041,354,2,11,1,353,356,0.608818,21,GE_GATE,1,0,16
OC-SORT,dancetrack0041,355,2,11,1,353,356,0.643524,21,GE_GATE,1,0,16
OC-SORT,dancetrack0041,364,29,4,1,363,366,0.525992,21,GE_GATE,1,0,17
OC-SORT,dancetrack0041,365,29,4,1,363,366,0.469775,21,BETWEEN_0_AND_GATE,1,0,18
OC-SORT,dancetrack0041,366,11,11,1,365,369,0.698377,16,GE_GATE,1,0,18
OC-SORT,dancetrack0041,367,11,11,1,365,369,0.627365,16,GE_GATE,1,0,17
OC-SORT,dancetrack0041,368,11,11,1,365,369,0.517273,16,GE_GATE,1,0,18
OC-SORT,dancetrack0041,385,29,15,1,384,392,0.696227,16,GE_GATE,1,0,20
OC-SORT,dancetrack0041,386,29,15,1,384,392,0.617831,16,GE_GATE,1,0,20
OC-SORT,dancetrack0041,387,29,15,1,384,392,0.580493,16,GE_GATE,1,0,20
OC-SORT,dancetrack0041,388,29,15,1,384,392,0.589904,16,GE_GATE,1,0,20
OC-SORT,dancetrack0041,389,2,4,1,388,393,0.698808,2,GE_GATE,1,0,19
OC-SORT,dancetrack0041,389,29,15,1,384,392,0.519341,16,GE_GATE,1,0,19
OC-SORT,dancetrack0041,390,2,4,1,388,393,0.639838,2,GE_GATE,1,0,18
OC-SORT,dancetrack0041,390,29,15,1,384,392,0.512304,16,GE_GATE,1,0,18
OC-SORT,dancetrack0041,391,2,4,1,388,393,0.506081,2,GE_GATE,1,0,18
OC-SORT,dancetrack0041,391,29,15,1,384,392,0.500383,16,GE_GATE,1,0,18
OC-SORT,dancetrack0041,392,2,4,1,388,393,0.422814,2,BETWEEN_0_AND_GATE,1,0,19
OC-SORT,dancetrack0041,484,41,5,1,483,487,0.566998,3,GE_GATE,1,0,18
OC-SORT,dancetrack0041,485,41,5,1,483,487,0.494156,3,BETWEEN_0_AND_GATE,1,0,18
OC-SORT,dancetrack0041,486,41,5,1,483,487,0.478581,3,BETWEEN_0_AND_GATE,1,0,18
OC-SORT,dancetrack0041,527,37,5,1,526,532,0.634383,6,GE_GATE,1,0,17
OC-SORT,dancetrack0041,528,37,5,1,526,532,0.672471,6,GE_GATE,1,0,17
OC-SORT,dancetrack0041,529,37,5,1,526,532,0.749918,6,GE_GATE,1,0,18
OC-SORT,dancetrack0041,530,37,5,1,526,532,0.717643,6,GE_GATE,1,0,18
OC-SORT,dancetrack0041,531,37,5,1,526,532,0.688781,6,GE_GATE,1,0,18
OC-SORT,dancetrack0041,568,53,10,1,567,572,0.603439,9,GE_GATE,1,0,20
OC-SORT,dancetrack0041,569,53,10,1,567,572,0.661524,9,GE_GATE,1,0,20
OC-SORT,dancetrack0041,570,53,10,1,567,572,0.640086,9,GE_GATE,1,0,20
OC-SORT,dancetrack0041,571,53,10,1,567,572,0.563874,9,GE_GATE,1,0,20
OC-SORT,dancetrack0041,601,31,12,1,600,607,0.575593,16,GE_GATE,1,0,17
OC-SORT,dancetrack0041,602,31,12,1,600,607,0.62528,16,GE_GATE,1,0,16
OC-SORT,dancetrack0041,603,31,12,1,600,607,0.627448,16,GE_GATE,1,0,16
OC-SORT,dancetrack0041,604,31,12,1,600,607,0.582253,16,GE_GATE,1,0,16
OC-SORT,dancetrack0041,605,31,12,1,600,607,0.511466,16,GE_GATE,1,0,16
OC-SORT,dancetrack0041,606,31,12,1,600,607,0.464972,16,BETWEEN_0_AND_GATE,1,0,16
OC-SORT,dancetrack0041,608,9,19,1,607,609,0.822436,0,GE_GATE,1,0,17
OC-SORT,dancetrack0041,613,24,13,1,612,616,0.665023,9,GE_GATE,1,0,19
OC-SORT,dancetrack0041,614,24,13,1,612,616,0.659905,9,GE_GATE,1,0,20
OC-SORT,dancetrack0041,615,24,13,1,612,616,0.626471,9,GE_GATE,1,0,20
OC-SORT,dancetrack0041,627,53,15,1,626,633,0.624943,8,GE_GATE,1,0,19
OC-SORT,dancetrack0041,628,53,15,1,626,633,0.698901,8,GE_GATE,1,0,19
OC-SORT,dancetrack0041,629,53,15,1,626,633,0.681551,8,GE_GATE,1,0,20
OC-SORT,dancetrack0041,630,53,15,1,626,633,0.597769,8,GE_GATE,1,0,19
OC-SORT,dancetrack0041,631,53,15,1,626,633,0.574528,8,GE_GATE,1,0,19
OC-SORT,dancetrack0041,632,53,15,1,626,633,0.479487,8,BETWEEN_0_AND_GATE,1,0,19
OC-SORT,dancetrack0041,633,24,13,1,632,637,0.658118,10,GE_GATE,1,0,19
OC-SORT,dancetrack0041,633,56,7,1,632,638,0.709501,6,GE_GATE,1,0,19
OC-SORT,dancetrack0041,634,24,13,1,632,637,0.67345,10,GE_GATE,1,0,18
OC-SORT,dancetrack0041,634,56,7,1,632,638,0.691165,6,GE_GATE,1,0,18
OC-SORT,dancetrack0041,635,24,13,1,632,637,0.598106,10,GE_GATE,1,0,18
OC-SORT,dancetrack0041,635,56,7,1,632,638,0.607549,6,GE_GATE,1,0,18
OC-SORT,dancetrack0041,636,24,13,1,632,637,0.50199,10,GE_GATE,1,0,18
OC-SORT,dancetrack0041,636,56,7,1,632,638,0.41891,6,BETWEEN_0_AND_GATE,1,0,18
OC-SORT,dancetrack0041,637,56,7,1,632,638,0.403276,6,BETWEEN_0_AND_GATE,1,0,19
OC-SORT,dancetrack0041,643,53,15,1,642,650,0.627839,11,GE_GATE,1,0,19
OC-SORT,dancetrack0041,644,53,15,1,642,650,0.710579,11,GE_GATE,1,0,19
OC-SORT,dancetrack0041,645,53,15,1,642,650,0.737613,11,GE_GATE,1,0,19
OC-SORT,dancetrack0041,646,53,15,1,642,650,0.710708,11,GE_GATE,1,0,20
OC-SORT,dancetrack0041,647,53,15,1,642,650,0.683908,11,GE_GATE,1,0,20
OC-SORT,dancetrack0041,648,53,15,1,642,650,0.564915,11,GE_GATE,1,0,19
OC-SORT,dancetrack0041,649,53,15,1,642,650,0.507344,11,GE_GATE,1,0,20
OC-SORT,dancetrack0041,656,24,13,1,655,661,0.567832,8,GE_GATE,1,0,21
OC-SORT,dancetrack0041,657,24,13,1,655,661,0.560996,8,GE_GATE,1,0,21
OC-SORT,dancetrack0041,658,24,13,1,655,661,0.529523,8,GE_GATE,1,0,20
OC-SORT,dancetrack0041,659,24,13,1,655,661,0.521102,8,GE_GATE,1,0,20
OC-SORT,dancetrack0041,660,24,13,1,655,661,0.449487,8,BETWEEN_0_AND_GATE,1,0,20
OC-SORT,dancetrack0041,661,34,16,1,660,663,0.516616,0,GE_GATE,1,0,20
OC-SORT,dancetrack0041,662,34,16,1,660,663,0.506073,0,GE_GATE,1,0,19
OC-SORT,dancetrack0041,664,26,21,1,663,666,0.473879,19,BETWEEN_0_AND_GATE,1,0,18
OC-SORT,dancetrack0041,664,53,15,1,663,667,0.766327,6,GE_GATE,1,0,18
OC-SORT,dancetrack0041,665,26,21,1,663,666,0.41865,19,BETWEEN_0_AND_GATE,1,0,18
OC-SORT,dancetrack0041,665,53,15,1,663,667,0.654389,6,GE_GATE,1,0,18
OC-SORT,dancetrack0041,666,21,14,1,665,671,0.423577,1,BETWEEN_0_AND_GATE,1,0,19
OC-SORT,dancetrack0041,666,53,15,1,663,667,0.545899,6,GE_GATE,1,0,19
OC-SORT,dancetrack0041,667,21,14,1,665,671,0.434657,1,BETWEEN_0_AND_GATE,1,0,20
OC-SORT,dancetrack0041,668,21,14,1,665,671,0.535558,1,GE_GATE,1,0,19
OC-SORT,dancetrack0041,669,21,14,1,665,671,0.730573,1,GE_GATE,1,0,18
OC-SORT,dancetrack0041,669,66,12,1,668,674,0.601651,10,GE_GATE,1,0,18
OC-SORT,dancetrack0041,670,21,14,1,665,671,0.624002,1,GE_GATE,1,0,16
OC-SORT,dancetrack0041,670,58,2,1,669,671,0.31686,0,BETWEEN_0_AND_GATE,1,0,16
OC-SORT,dancetrack0041,670,66,12,1,668,674,0.527369,10,GE_GATE,1,0,16
OC-SORT,dancetrack0041,671,66,12,1,668,674,0.491865,10,BETWEEN_0_AND_GATE,1,0,18
OC-SORT,dancetrack0041,672,66,12,1,668,674,0.413621,10,BETWEEN_0_AND_GATE,1,0,19
OC-SORT,dancetrack0041,673,66,12,1,668,674,0.345349,10,BETWEEN_0_AND_GATE,1,0,19
OC-SORT,dancetrack0041,674,24,13,1,673,678,0.679254,11,GE_GATE,1,0,19
OC-SORT,dancetrack0041,675,24,13,1,673,678,0.638939,11,GE_GATE,1,0,18
OC-SORT,dancetrack0041,675,26,21,1,674,677,0.432375,1,BETWEEN_0_AND_GATE,1,0,18
OC-SORT,dancetrack0041,676,24,13,1,673,678,0.574691,11,GE_GATE,1,0,20
OC-SORT,dancetrack0041,676,26,21,1,674,677,0.457831,1,BETWEEN_0_AND_GATE,1,0,20
OC-SORT,dancetrack0041,677,24,13,1,673,678,0.508993,11,GE_GATE,1,0,21
OC-SORT,dancetrack0041,681,53,15,1,680,683,0.718439,5,GE_GATE,1,0,21
OC-SORT,dancetrack0041,682,53,15,1,680,683,0.767892,5,GE_GATE,1,0,20
OC-SORT,dancetrack0041,692,24,13,1,691,693,0.648344,6,GE_GATE,1,0,19
OC-SORT,dancetrack0041,692,66,12,1,691,696,0.582584,8,GE_GATE,1,0,19
OC-SORT,dancetrack0041,693,66,12,1,691,696,0.547116,8,GE_GATE,1,0,20
OC-SORT,dancetrack0041,694,66,12,1,691,696,0.574229,8,GE_GATE,1,0,21
OC-SORT,dancetrack0041,695,66,12,1,691,696,0.541796,8,GE_GATE,1,0,21
OC-SORT,dancetrack0041,699,66,12,1,698,700,0.208553,8,BETWEEN_0_AND_GATE,1,0,20
OC-SORT,dancetrack0041,701,22,9,1,700,704,0.726133,18,GE_GATE,1,0,20
OC-SORT,dancetrack0041,702,22,9,1,700,704,0.577879,18,GE_GATE,1,0,20
OC-SORT,dancetrack0041,703,22,9,1,700,704,0.4953,18,BETWEEN_0_AND_GATE,1,0,20
OC-SORT,dancetrack0041,704,34,2,1,703,706,0.643917,21,GE_GATE,1,0,20
OC-SORT,dancetrack0041,705,34,2,1,703,706,0.581021,21,GE_GATE,1,0,19
OC-SORT,dancetrack0041,715,22,9,1,714,716,0.7807,14,GE_GATE,1,0,18
OC-SORT,dancetrack0041,719,54,8,1,718,722,0.597108,18,GE_GATE,1,0,19
OC-SORT,dancetrack0041,720,54,8,1,718,722,0.455156,18,BETWEEN_0_AND_GATE,1,0,21
OC-SORT,dancetrack0041,721,54,8,1,718,722,0.390444,18,BETWEEN_0_AND_GATE,1,0,21
OC-SORT,dancetrack0041,726,67,10,1,725,728,0.679943,14,GE_GATE,1,0,21
OC-SORT,dancetrack0041,727,67,10,1,725,728,0.670515,14,GE_GATE,1,0,21
OC-SORT,dancetrack0041,742,21,21,1,741,743,0.46994,1,BETWEEN_0_AND_GATE,1,0,16
OC-SORT,dancetrack0041,752,60,5,1,751,753,0.400875,18,BETWEEN_0_AND_GATE,1,0,20
OC-SORT,dancetrack0041,760,37,3,1,759,761,0.424766,18,BETWEEN_0_AND_GATE,1,0,19
OC-SORT,dancetrack0041,761,22,9,1,760,764,0.671881,16,GE_GATE,1,0,19
OC-SORT,dancetrack0041,762,22,9,1,760,764,0.642331,16,GE_GATE,1,0,20
OC-SORT,dancetrack0041,763,22,9,1,760,764,0.58139,16,GE_GATE,1,0,20
OC-SORT,dancetrack0041,768,56,4,1,767,769,0.471778,18,BETWEEN_0_AND_GATE,1,0,19
OC-SORT,dancetrack0041,787,86,11,1,786,793,0.442902,0,BETWEEN_0_AND_GATE,1,0,19
OC-SORT,dancetrack0041,788,86,11,1,786,793,0.466861,0,BETWEEN_0_AND_GATE,1,0,19
OC-SORT,dancetrack0041,789,86,11,1,786,793,0.497823,0,BETWEEN_0_AND_GATE,1,0,19
OC-SORT,dancetrack0041,790,41,8,1,789,796,0.453303,19,BETWEEN_0_AND_GATE,1,0,18
OC-SORT,dancetrack0041,790,86,11,1,786,793,0.43025,0,BETWEEN_0_AND_GATE,1,0,18
OC-SORT,dancetrack0041,791,41,8,1,789,796,0.529297,19,GE_GATE,1,0,17
OC-SORT,dancetrack0041,791,67,10,1,790,793,0.414476,1,BETWEEN_0_AND_GATE,1,0,17
OC-SORT,dancetrack0041,791,86,11,1,786,793,0.392759,0,BETWEEN_0_AND_GATE,1,0,17
OC-SORT,dancetrack0041,792,41,8,1,789,796,0.468688,19,BETWEEN_0_AND_GATE,1,0,17
OC-SORT,dancetrack0041,792,67,10,1,790,793,0.39662,1,BETWEEN_0_AND_GATE,1,0,17
OC-SORT,dancetrack0041,792,86,11,1,786,793,0.359017,0,BETWEEN_0_AND_GATE,1,0,17
OC-SORT,dancetrack0041,793,41,8,1,789,796,0.41142,19,BETWEEN_0_AND_GATE,1,0,19
OC-SORT,dancetrack0041,794,41,8,1,789,796,0.535476,19,GE_GATE,1,0,19
OC-SORT,dancetrack0041,795,41,8,1,789,796,0.506057,19,GE_GATE,1,0,19
OC-SORT,dancetrack0041,816,84,6,1,815,819,0.523918,0,GE_GATE,1,0,19
OC-SORT,dancetrack0041,817,84,6,1,815,819,0.462219,0,BETWEEN_0_AND_GATE,1,0,19
OC-SORT,dancetrack0041,818,84,6,1,815,819,0.3673,0,BETWEEN_0_AND_GATE,1,0,19
OC-SORT,dancetrack0041,837,41,8,1,836,844,0.681109,1,GE_GATE,1,0,18
OC-SORT,dancetrack0041,838,41,8,1,836,844,0.618261,1,GE_GATE,1,0,17
OC-SORT,dancetrack0041,839,41,8,1,836,844,0.672177,1,GE_GATE,1,0,17
OC-SORT,dancetrack0041,840,41,8,1,836,844,0.657579,1,GE_GATE,1,0,18
OC-SORT,dancetrack0041,841,41,8,1,836,844,0.657744,1,GE_GATE,1,0,18
OC-SORT,dancetrack0041,842,41,8,1,836,844,0.59273,1,GE_GATE,1,0,18
OC-SORT,dancetrack0041,843,41,8,1,836,844,0.528178,1,GE_GATE,1,0,18
OC-SORT,dancetrack0041,879,60,5,1,878,881,0.481963,0,BETWEEN_0_AND_GATE,1,0,18
OC-SORT,dancetrack0041,880,60,5,1,878,881,0.485697,0,BETWEEN_0_AND_GATE,1,0,19
OC-SORT,dancetrack0041,882,85,11,1,881,886,0.629993,1,GE_GATE,1,0,19
OC-SORT,dancetrack0041,883,85,11,1,881,886,0.64169,1,GE_GATE,1,0,19
OC-SORT,dancetrack0041,884,85,11,1,881,886,0.619951,1,GE_GATE,1,0,19
OC-SORT,dancetrack0041,885,85,11,1,881,886,0.575299,1,GE_GATE,1,0,20
OC-SORT,dancetrack0043,119,9,4,1,118,124,0.415603,7,BETWEEN_0_AND_GATE,1,0,8
OC-SORT,dancetrack0043,120,9,4,1,118,124,0.426243,7,BETWEEN_0_AND_GATE,1,0,8
OC-SORT,dancetrack0043,121,9,4,1,118,124,0.457232,7,BETWEEN_0_AND_GATE,1,0,8
OC-SORT,dancetrack0043,122,9,4,1,118,124,0.476862,7,BETWEEN_0_AND_GATE,1,0,8
OC-SORT,dancetrack0043,123,9,4,1,118,124,0.487093,7,BETWEEN_0_AND_GATE,1,0,8
OC-SORT,dancetrack0043,144,5,10,1,143,148,0.520236,4,GE_GATE,1,0,9
OC-SORT,dancetrack0043,145,5,10,1,143,148,0.500007,4,GE_GATE,1,0,9
OC-SORT,dancetrack0043,146,5,10,1,143,148,0.432005,4,BETWEEN_0_AND_GATE,1,0,9
OC-SORT,dancetrack0043,147,5,10,1,143,148,0.368716,4,BETWEEN_0_AND_GATE,1,0,9
OC-SORT,dancetrack0043,148,10,1,1,147,152,0.684586,6,GE_GATE,1,0,9
OC-SORT,dancetrack0043,149,10,1,1,147,152,0.666645,6,GE_GATE,1,0,10
OC-SORT,dancetrack0043,150,10,1,1,147,152,0.650658,6,GE_GATE,1,0,9
OC-SORT,dancetrack0043,151,10,1,1,147,152,0.61121,6,GE_GATE,1,0,9
OC-SORT,dancetrack0043,152,5,10,1,151,157,0.479041,5,BETWEEN_0_AND_GATE,1,0,10
OC-SORT,dancetrack0043,153,5,10,1,151,157,0.522292,5,GE_GATE,1,0,10
OC-SORT,dancetrack0043,154,5,10,1,151,157,0.554975,5,GE_GATE,1,0,10
OC-SORT,dancetrack0043,155,5,10,1,151,157,0.591572,5,GE_GATE,1,0,9
OC-SORT,dancetrack0043,156,5,10,1,151,157,0.592739,5,GE_GATE,1,0,10
OC-SORT,dancetrack0043,159,10,1,1,158,164,0.377554,7,BETWEEN_0_AND_GATE,1,0,10
OC-SORT,dancetrack0043,160,10,1,1,158,164,0.436298,7,BETWEEN_0_AND_GATE,1,0,11
OC-SORT,dancetrack0043,161,10,1,1,158,164,0.457146,7,BETWEEN_0_AND_GATE,1,0,9
OC-SORT,dancetrack0043,162,10,1,1,158,164,0.473485,7,BETWEEN_0_AND_GATE,1,0,9
OC-SORT,dancetrack0043,163,10,1,1,158,164,0.472452,7,BETWEEN_0_AND_GATE,1,0,9
OC-SORT,dancetrack0043,170,12,6,1,169,171,0.653846,7,GE_GATE,1,0,7
OC-SORT,dancetrack0047,721,33,2,1,720,724,0.584327,7,GE_GATE,1,0,7
OC-SORT,dancetrack0047,722,33,2,1,720,724,0.626165,7,GE_GATE,1,0,7
OC-SORT,dancetrack0047,723,33,2,1,720,724,0.652179,7,GE_GATE,1,0,7
OC-SORT,dancetrack0058,277,5,3,1,276,278,0.637802,6,GE_GATE,1,0,6
OC-SORT,dancetrack0058,622,3,5,1,621,625,0.47489,0,BETWEEN_0_AND_GATE,1,0,6
OC-SORT,dancetrack0058,623,3,5,1,621,625,0.457135,0,BETWEEN_0_AND_GATE,1,0,6
OC-SORT,dancetrack0058,624,3,5,1,621,625,0.470396,0,BETWEEN_0_AND_GATE,1,0,6
OC-SORT,dancetrack0058,1137,1,6,1,1136,1145,0.432323,1,BETWEEN_0_AND_GATE,1,0,6
OC-SORT,dancetrack0058,1138,1,6,1,1136,1145,0.423528,1,BETWEEN_0_AND_GATE,1,0,6
OC-SORT,dancetrack0058,1139,1,6,1,1136,1145,0.417164,1,BETWEEN_0_AND_GATE,1,0,6
OC-SORT,dancetrack0058,1140,1,6,1,1136,1145,0.410258,1,BETWEEN_0_AND_GATE,1,0,6
OC-SORT,dancetrack0058,1141,1,6,1,1136,1145,0.405497,1,BETWEEN_0_AND_GATE,1,0,6
OC-SORT,dancetrack0058,1142,1,6,1,1136,1145,0.416917,1,BETWEEN_0_AND_GATE,1,0,6
OC-SORT,dancetrack0058,1143,1,6,1,1136,1145,0.417513,1,BETWEEN_0_AND_GATE,1,0,6
OC-SORT,dancetrack0058,1144,1,6,1,1136,1145,0.439979,1,BETWEEN_0_AND_GATE,1,0,6
OC-SORT,dancetrack0058,1263,14,3,1,1262,1267,0.397648,1,BETWEEN_0_AND_GATE,1,0,6
OC-SORT,dancetrack0058,1264,14,3,1,1262,1267,0.433332,1,BETWEEN_0_AND_GATE,1,0,6
OC-SORT,dancetrack0058,1265,14,3,1,1262,1267,0.543155,1,GE_GATE,1,0,6
OC-SORT,dancetrack0058,1266,14,3,1,1262,1267,0.385711,0,BETWEEN_0_AND_GATE,1,0,6
OC-SORT,dancetrack0063,466,1,1,1,465,468,0.604424,3,GE_GATE,1,0,7
OC-SORT,dancetrack0063,467,1,1,1,465,468,0.602734,3,GE_GATE,1,0,7
OC-SORT,dancetrack0063,707,127,5,1,706,709,0.559102,7,GE_GATE,1,0,5
OC-SORT,dancetrack0063,708,127,5,1,706,709,0.783961,3,GE_GATE,1,0,6
OC-SORT,dancetrack0065,44,2,2,1,43,46,0.542654,1,GE_GATE,1,0,4
OC-SORT,dancetrack0065,45,2,2,1,43,46,0.471389,1,BETWEEN_0_AND_GATE,1,0,4
OC-SORT,dancetrack0065,47,1,4,1,46,49,0.457088,1,BETWEEN_0_AND_GATE,1,0,4
OC-SORT,dancetrack0065,48,1,4,1,46,49,0.423568,2,BETWEEN_0_AND_GATE,1,0,4
OC-SORT,dancetrack0065,90,2,3,1,89,91,0.558322,1,GE_GATE,1,0,4
OC-SORT,dancetrack0081,58,9,12,1,57,62,0.491204,6,BETWEEN_0_AND_GATE,1,0,15
OC-SORT,dancetrack0081,59,9,12,1,57,62,0.502711,6,GE_GATE,1,0,15
OC-SORT,dancetrack0081,60,9,12,1,57,62,0.496691,6,BETWEEN_0_AND_GATE,1,0,16
OC-SORT,dancetrack0081,61,9,12,1,57,62,0.485964,6,BETWEEN_0_AND_GATE,1,0,16
OC-SORT,dancetrack0081,78,22,4,1,77,82,0.63968,9,GE_GATE,1,0,18
OC-SORT,dancetrack0081,79,22,4,1,77,82,0.729214,9,GE_GATE,1,0,18
OC-SORT,dancetrack0081,80,22,4,1,77,82,0.829274,9,GE_GATE,1,0,18
OC-SORT,dancetrack0081,81,22,4,1,77,82,0.751301,9,GE_GATE,1,0,19
OC-SORT,dancetrack0081,192,25,19,1,191,193,0.52347,15,GE_GATE,1,0,18
OC-SORT,dancetrack0081,210,33,14,1,209,212,0.663727,17,GE_GATE,1,0,18
OC-SORT,dancetrack0081,211,33,14,1,209,212,0.616172,17,GE_GATE,1,0,18
OC-SORT,dancetrack0081,216,36,19,1,215,218,0.444883,12,BETWEEN_0_AND_GATE,1,0,18
OC-SORT,dancetrack0081,217,36,19,1,215,218,0.405699,6,BETWEEN_0_AND_GATE,1,0,18
OC-SORT,dancetrack0081,222,30,13,1,221,224,0.689522,11,GE_GATE,1,0,18
OC-SORT,dancetrack0081,223,30,13,1,221,224,0.4074,11,BETWEEN_0_AND_GATE,1,0,17
OC-SORT,dancetrack0081,223,34,8,1,222,224,0.76543,6,GE_GATE,1,0,17
OC-SORT,dancetrack0081,539,44,9,1,538,541,0.670302,8,GE_GATE,1,0,19
OC-SORT,dancetrack0081,540,44,9,1,538,541,0.617693,8,GE_GATE,1,0,19
OC-SORT,dancetrack0081,541,5,5,1,540,545,0.708055,10,GE_GATE,1,0,19
OC-SORT,dancetrack0081,542,5,5,1,540,545,0.695311,10,GE_GATE,1,0,19
OC-SORT,dancetrack0081,543,5,5,1,540,545,0.673612,10,GE_GATE,1,0,19
OC-SORT,dancetrack0081,544,5,5,1,540,545,0.62299,10,GE_GATE,1,0,18
OC-SORT,dancetrack0081,719,46,5,1,718,722,0.505626,8,GE_GATE,1,0,19
OC-SORT,dancetrack0081,720,46,5,1,718,722,0.620122,8,GE_GATE,1,0,15
OC-SORT,dancetrack0081,720,54,4,1,719,721,0.568476,6,GE_GATE,1,0,15
OC-SORT,dancetrack0081,721,46,5,1,718,722,0.731357,8,GE_GATE,1,0,17
OC-SORT,dancetrack0081,722,58,18,1,721,723,0.546674,7,GE_GATE,1,0,18
OC-SORT,dancetrack0081,729,11,14,1,728,730,0.706659,12,GE_GATE,1,0,19
OC-SORT,dancetrack0081,732,54,4,1,731,735,0.775249,9,GE_GATE,1,0,19
OC-SORT,dancetrack0081,733,54,4,1,731,735,0.715434,9,GE_GATE,1,0,19
OC-SORT,dancetrack0081,734,54,4,1,731,735,0.561496,9,GE_GATE,1,0,19
OC-SORT,dancetrack0081,741,59,11,1,740,744,0.659998,8,GE_GATE,1,0,19
OC-SORT,dancetrack0081,742,59,11,1,740,744,0.673132,8,GE_GATE,1,0,19
OC-SORT,dancetrack0081,743,59,11,1,740,744,0.530821,8,GE_GATE,1,0,18
OC-SORT,dancetrack0081,756,55,15,1,755,757,0.646684,12,GE_GATE,1,0,17
OC-SORT,dancetrack0081,886,30,3,1,885,888,0.652919,13,GE_GATE,1,0,17
OC-SORT,dancetrack0081,887,30,3,1,885,888,0.60622,13,GE_GATE,1,0,17
OC-SORT,dancetrack0081,965,53,14,1,964,971,0.252262,5,BETWEEN_0_AND_GATE,1,0,18
OC-SORT,dancetrack0081,966,53,14,1,964,971,0.249079,5,BETWEEN_0_AND_GATE,1,0,18
OC-SORT,dancetrack0081,967,53,14,1,964,971,0.25918,5,BETWEEN_0_AND_GATE,1,0,18
OC-SORT,dancetrack0081,968,53,14,1,964,971,0.246853,5,BETWEEN_0_AND_GATE,1,0,18
OC-SORT,dancetrack0081,969,53,14,1,964,971,0.240969,5,BETWEEN_0_AND_GATE,1,0,18
OC-SORT,dancetrack0081,970,53,14,1,964,971,0.233476,5,BETWEEN_0_AND_GATE,1,0,18
OC-SORT,dancetrack0081,975,53,14,1,974,979,0.496651,12,BETWEEN_0_AND_GATE,1,0,19
OC-SORT,dancetrack0081,976,53,14,1,974,979,0.46395,12,BETWEEN_0_AND_GATE,1,0,19
OC-SORT,dancetrack0081,977,53,14,1,974,979,0.418885,12,BETWEEN_0_AND_GATE,1,0,19
OC-SORT,dancetrack0081,978,53,14,1,974,979,0.422222,12,BETWEEN_0_AND_GATE,1,0,19
OC-SORT,dancetrack0090,102,10,12,1,101,109,0.253827,2,BETWEEN_0_AND_GATE,1,0,13
OC-SORT,dancetrack0090,103,10,12,1,101,109,0.258123,2,BETWEEN_0_AND_GATE,1,0,13
OC-SORT,dancetrack0090,104,10,12,1,101,109,0.259179,2,BETWEEN_0_AND_GATE,1,0,13
OC-SORT,dancetrack0090,105,10,12,1,101,109,0.253231,2,BETWEEN_0_AND_GATE,1,0,13
OC-SORT,dancetrack0090,106,10,12,1,101,109,0.24579,2,BETWEEN_0_AND_GATE,1,0,13
OC-SORT,dancetrack0090,107,10,12,1,101,109,0.240155,2,BETWEEN_0_AND_GATE,1,0,13
OC-SORT,dancetrack0090,108,10,12,1,101,109,0.233167,2,BETWEEN_0_AND_GATE,1,0,13
OC-SORT,dancetrack0090,110,10,12,1,109,111,0.232509,2,BETWEEN_0_AND_GATE,1,0,13
OC-SORT,dancetrack0090,120,4,11,1,119,124,0.174308,4,BETWEEN_0_AND_GATE,1,0,13
OC-SORT,dancetrack0090,121,4,11,1,119,124,0.159627,4,BETWEEN_0_AND_GATE,1,0,13
OC-SORT,dancetrack0090,122,4,11,1,119,124,0.150141,9,BETWEEN_0_AND_GATE,1,0,13
OC-SORT,dancetrack0090,123,4,11,1,119,124,0.1452,9,BETWEEN_0_AND_GATE,1,0,13
OC-SORT,dancetrack0090,152,19,9,1,151,156,0.373421,4,BETWEEN_0_AND_GATE,1,0,12
OC-SORT,dancetrack0090,153,19,9,1,151,156,0.32246,4,BETWEEN_0_AND_GATE,1,0,11
OC-SORT,dancetrack0090,154,19,9,1,151,156,0.316226,4,BETWEEN_0_AND_GATE,1,0,11
OC-SORT,dancetrack0090,155,19,9,1,151,156,0.296234,4,BETWEEN_0_AND_GATE,1,0,11
OC-SORT,dancetrack0090,319,25,12,1,318,327,0.410332,4,BETWEEN_0_AND_GATE,1,0,13
OC-SORT,dancetrack0090,320,25,12,1,318,327,0.408512,4,BETWEEN_0_AND_GATE,1,0,12
OC-SORT,dancetrack0090,321,25,12,1,318,327,0.407806,4,BETWEEN_0_AND_GATE,1,0,12
OC-SORT,dancetrack0090,322,25,12,1,318,327,0.40735,4,BETWEEN_0_AND_GATE,1,0,12
OC-SORT,dancetrack0090,323,25,12,1,318,327,0.403714,4,BETWEEN_0_AND_GATE,1,0,12
OC-SORT,dancetrack0090,324,25,12,1,318,327,0.400563,4,BETWEEN_0_AND_GATE,1,0,12
OC-SORT,dancetrack0090,325,25,12,1,318,327,0.397037,4,BETWEEN_0_AND_GATE,1,0,12
OC-SORT,dancetrack0090,326,25,12,1,318,327,0.406469,4,BETWEEN_0_AND_GATE,1,0,12
OC-SORT,dancetrack0090,353,26,3,1,352,361,0.390833,9,BETWEEN_0_AND_GATE,1,0,13
OC-SORT,dancetrack0090,354,26,3,1,352,361,0.416094,9,BETWEEN_0_AND_GATE,1,0,13
OC-SORT,dancetrack0090,355,26,3,1,352,361,0.430466,9,BETWEEN_0_AND_GATE,1,0,13
OC-SORT,dancetrack0090,356,26,3,1,352,361,0.493245,9,BETWEEN_0_AND_GATE,1,0,13
OC-SORT,dancetrack0090,357,26,3,1,352,361,0.47385,9,BETWEEN_0_AND_GATE,1,0,13
OC-SORT,dancetrack0090,358,26,3,1,352,361,0.448666,9,BETWEEN_0_AND_GATE,1,0,13
OC-SORT,dancetrack0090,359,26,3,1,352,361,0.472024,9,BETWEEN_0_AND_GATE,1,0,13
OC-SORT,dancetrack0090,360,26,3,1,352,361,0.478912,9,BETWEEN_0_AND_GATE,1,0,13
OC-SORT,dancetrack0090,488,30,12,1,487,491,0.56708,6,GE_GATE,1,0,13
OC-SORT,dancetrack0090,489,30,12,1,487,491,0.507385,6,GE_GATE,1,0,13
OC-SORT,dancetrack0090,490,16,13,1,489,492,0.564015,1,GE_GATE,1,0,12
OC-SORT,dancetrack0090,490,30,12,1,487,491,0.470422,6,BETWEEN_0_AND_GATE,1,0,12
OC-SORT,dancetrack0090,491,16,13,1,489,492,0.579039,1,GE_GATE,1,0,13
OC-SORT,dancetrack0090,494,16,13,1,493,496,0.469041,1,BETWEEN_0_AND_GATE,1,0,13
OC-SORT,dancetrack0090,495,16,13,1,493,496,0.463229,1,BETWEEN_0_AND_GATE,1,0,13
OC-SORT,dancetrack0090,518,5,12,1,517,520,0.598479,7,GE_GATE,1,0,13
OC-SORT,dancetrack0090,519,5,12,1,517,520,0.560966,7,GE_GATE,1,0,12
OC-SORT,dancetrack0090,524,6,3,1,523,530,0.55336,4,GE_GATE,1,0,12
OC-SORT,dancetrack0090,525,6,3,1,523,530,0.568461,4,GE_GATE,1,0,13
OC-SORT,dancetrack0090,526,6,3,1,523,530,0.581227,4,GE_GATE,1,0,13
OC-SORT,dancetrack0090,527,6,3,1,523,530,0.510416,4,GE_GATE,1,0,13
OC-SORT,dancetrack0090,528,6,3,1,523,530,0.527827,4,GE_GATE,1,0,13
OC-SORT,dancetrack0090,529,6,3,1,523,530,0.534756,4,GE_GATE,1,0,13
OC-SORT,dancetrack0090,899,37,9,1,898,902,0.750021,6,GE_GATE,1,0,12
OC-SORT,dancetrack0090,900,37,9,1,898,902,0.754131,6,GE_GATE,1,0,11
OC-SORT,dancetrack0090,901,37,9,1,898,902,0.768014,6,GE_GATE,1,0,12
OC-SORT,dancetrack0090,902,49,1,1,901,904,0.336722,12,BETWEEN_0_AND_GATE,1,0,12
OC-SORT,dancetrack0090,903,39,7,1,902,905,0.586003,2,GE_GATE,1,0,11
OC-SORT,dancetrack0090,903,49,1,1,901,904,0.286892,12,BETWEEN_0_AND_GATE,1,0,11
OC-SORT,dancetrack0090,904,39,7,1,902,905,0.461584,2,BETWEEN_0_AND_GATE,1,0,12
OC-SORT,dancetrack0090,910,45,4,1,909,912,0.588264,9,GE_GATE,1,0,13
OC-SORT,dancetrack0090,911,45,4,1,909,912,0.704373,9,GE_GATE,1,0,13
OC-SORT,dancetrack0090,914,16,8,1,913,915,0.267072,12,BETWEEN_0_AND_GATE,1,0,13
OC-SORT,dancetrack0090,915,27,10,1,914,924,0.422097,6,BETWEEN_0_AND_GATE,1,0,12
OC-SORT,dancetrack0090,915,37,9,1,914,919,0.37404,2,BETWEEN_0_AND_GATE,1,0,12
OC-SORT,dancetrack0090,916,27,10,1,914,924,0.500969,6,GE_GATE,1,0,12
OC-SORT,dancetrack0090,916,37,9,1,914,919,0.445375,5,BETWEEN_0_AND_GATE,1,0,12
OC-SORT,dancetrack0090,917,27,10,1,914,924,0.600199,6,GE_GATE,1,0,11
OC-SORT,dancetrack0090,917,37,9,1,914,919,0.557183,5,GE_GATE,1,0,11
OC-SORT,dancetrack0090,917,45,4,1,916,922,0.54295,6,GE_GATE,1,0,11
OC-SORT,dancetrack0090,918,27,10,1,914,924,0.157827,12,BETWEEN_0_AND_GATE,1,0,10
OC-SORT,dancetrack0090,918,37,9,1,914,919,0.649118,5,GE_GATE,1,0,10
OC-SORT,dancetrack0090,918,38,6,1,917,920,0.236444,2,BETWEEN_0_AND_GATE,1,0,10
OC-SORT,dancetrack0090,918,45,4,1,916,922,0.345132,2,BETWEEN_0_AND_GATE,1,0,10
OC-SORT,dancetrack0090,919,27,10,1,914,924,0.185511,2,BETWEEN_0_AND_GATE,1,0,11
OC-SORT,dancetrack0090,919,38,6,1,917,920,0.243404,2,BETWEEN_0_AND_GATE,1,0,11
OC-SORT,dancetrack0090,919,45,4,1,916,922,0.323047,2,BETWEEN_0_AND_GATE,1,0,11
OC-SORT,dancetrack0090,920,27,10,1,914,924,0.572346,6,GE_GATE,1,0,12
OC-SORT,dancetrack0090,920,45,4,1,916,922,0.672579,6,GE_GATE,1,0,12
OC-SORT,dancetrack0090,921,27,10,1,914,924,0.606166,6,GE_GATE,1,0,12
OC-SORT,dancetrack0090,921,45,4,1,916,922,0.894042,6,GE_GATE,1,0,12
OC-SORT,dancetrack0090,922,27,10,1,914,924,0.568042,6,GE_GATE,1,0,12
OC-SORT,dancetrack0090,922,37,9,1,921,924,0.819571,5,GE_GATE,1,0,12
OC-SORT,dancetrack0090,923,27,10,1,914,924,0.43733,6,BETWEEN_0_AND_GATE,1,0,12
OC-SORT,dancetrack0090,923,37,9,1,921,924,0.744767,5,GE_GATE,1,0,12
OC-SORT,dancetrack0090,926,5,5,1,925,928,0.346286,12,BETWEEN_0_AND_GATE,1,0,12
OC-SORT,dancetrack0090,927,5,5,1,925,928,0.327941,12,BETWEEN_0_AND_GATE,1,0,12
OC-SORT,dancetrack0090,938,27,10,1,937,941,0.808219,5,GE_GATE,1,0,12
OC-SORT,dancetrack0090,939,27,10,1,937,941,0.793673,5,GE_GATE,1,0,12
OC-SORT,dancetrack0090,940,27,10,1,937,941,0.679685,5,GE_GATE,1,0,12
OC-SORT,dancetrack0090,956,27,10,1,955,963,0.318342,12,BETWEEN_0_AND_GATE,1,0,12
OC-SORT,dancetrack0090,957,27,10,1,955,963,0.322267,12,BETWEEN_0_AND_GATE,1,0,12
OC-SORT,dancetrack0090,958,27,10,1,955,963,0.326217,12,BETWEEN_0_AND_GATE,1,0,12
OC-SORT,dancetrack0090,959,27,10,1,955,963,0.325703,12,BETWEEN_0_AND_GATE,1,0,12
OC-SORT,dancetrack0090,960,27,10,1,955,963,0.334188,12,BETWEEN_0_AND_GATE,1,0,12
OC-SORT,dancetrack0090,961,27,10,1,955,963,0.332109,12,BETWEEN_0_AND_GATE,1,0,12
OC-SORT,dancetrack0090,962,27,10,1,955,963,0.341468,12,BETWEEN_0_AND_GATE,1,0,12
OC-SORT,dancetrack0094,25,10,15,1,24,29,0.429155,9,BETWEEN_0_AND_GATE,1,0,16
OC-SORT,dancetrack0094,26,10,15,1,24,29,0.539008,9,GE_GATE,1,0,17
OC-SORT,dancetrack0094,27,10,15,1,24,29,0.702508,9,GE_GATE,1,0,17
OC-SORT,dancetrack0094,28,10,15,1,24,29,0.514395,9,GE_GATE,1,0,15
OC-SORT,dancetrack0094,32,11,2,1,31,36,0.536442,1,GE_GATE,1,0,15
OC-SORT,dancetrack0094,33,11,2,1,31,36,0.70779,1,GE_GATE,1,0,17
OC-SORT,dancetrack0094,34,11,2,1,31,36,0.603652,1,GE_GATE,1,0,18
OC-SORT,dancetrack0094,35,11,2,1,31,36,0.58523,1,GE_GATE,1,0,16
OC-SORT,dancetrack0094,53,9,18,1,52,57,0.767078,9,GE_GATE,1,0,16
OC-SORT,dancetrack0094,54,9,18,1,52,57,0.784458,9,GE_GATE,1,0,17
OC-SORT,dancetrack0094,54,25,13,1,53,57,0.611923,5,GE_GATE,1,0,17
OC-SORT,dancetrack0094,55,9,18,1,52,57,0.691164,9,GE_GATE,1,0,16
OC-SORT,dancetrack0094,55,25,13,1,53,57,0.682589,5,GE_GATE,1,0,16
OC-SORT,dancetrack0094,56,9,18,1,52,57,0.659763,9,GE_GATE,1,0,15
OC-SORT,dancetrack0094,56,25,13,1,53,57,0.653912,5,GE_GATE,1,0,15
OC-SORT,dancetrack0094,60,16,12,1,59,61,0.391524,3,BETWEEN_0_AND_GATE,1,0,14
OC-SORT,dancetrack0094,89,7,13,1,88,101,0.525393,1,GE_GATE,1,0,15
OC-SORT,dancetrack0094,90,7,13,1,88,101,0.519968,1,GE_GATE,1,0,15
OC-SORT,dancetrack0094,91,7,13,1,88,101,0.517093,1,GE_GATE,1,0,16
OC-SORT,dancetrack0094,92,7,13,1,88,101,0.51741,1,GE_GATE,1,0,16
OC-SORT,dancetrack0094,93,7,13,1,88,101,0.525928,1,GE_GATE,1,0,16
OC-SORT,dancetrack0094,94,7,13,1,88,101,0.532278,1,GE_GATE,1,0,16
OC-SORT,dancetrack0094,95,7,13,1,88,101,0.513507,1,GE_GATE,1,0,19
OC-SORT,dancetrack0094,96,7,13,1,88,101,0.506522,1,GE_GATE,1,0,19
OC-SORT,dancetrack0094,97,7,13,1,88,101,0.48669,1,BETWEEN_0_AND_GATE,1,0,19
OC-SORT,dancetrack0094,98,7,13,1,88,101,0.493355,4,BETWEEN_0_AND_GATE,1,0,20
OC-SORT,dancetrack0094,99,7,13,1,88,101,0.488935,4,BETWEEN_0_AND_GATE,1,0,19
OC-SORT,dancetrack0094,100,7,13,1,88,101,0.474965,1,BETWEEN_0_AND_GATE,1,0,16
OC-SORT,dancetrack0094,168,10,17,1,167,176,0.316927,3,BETWEEN_0_AND_GATE,1,0,19
OC-SORT,dancetrack0094,169,10,17,1,167,176,0.3051,3,BETWEEN_0_AND_GATE,1,0,19
OC-SORT,dancetrack0094,170,10,17,1,167,176,0.30836,3,BETWEEN_0_AND_GATE,1,0,19
OC-SORT,dancetrack0094,171,10,17,1,167,176,0.303928,3,BETWEEN_0_AND_GATE,1,0,19
OC-SORT,dancetrack0094,172,10,17,1,167,176,0.299519,3,BETWEEN_0_AND_GATE,1,0,20
OC-SORT,dancetrack0094,173,10,17,1,167,176,0.296622,3,BETWEEN_0_AND_GATE,1,0,20
OC-SORT,dancetrack0094,174,10,17,1,167,176,0.289603,3,BETWEEN_0_AND_GATE,1,0,20
OC-SORT,dancetrack0094,175,10,17,1,167,176,0.287822,3,BETWEEN_0_AND_GATE,1,0,20
OC-SORT,dancetrack0094,211,7,13,1,210,215,0.421166,19,BETWEEN_0_AND_GATE,1,0,21
OC-SORT,dancetrack0094,212,7,13,1,210,215,0.431643,19,BETWEEN_0_AND_GATE,1,0,21
OC-SORT,dancetrack0094,213,7,13,1,210,215,0.434417,19,BETWEEN_0_AND_GATE,1,0,20
OC-SORT,dancetrack0094,214,7,13,1,210,215,0.439288,19,BETWEEN_0_AND_GATE,1,0,20
OC-SORT,dancetrack0094,215,32,20,1,214,220,0.629303,15,GE_GATE,1,0,20
OC-SORT,dancetrack0094,216,32,20,1,214,220,0.623057,15,GE_GATE,1,0,20
OC-SORT,dancetrack0094,217,32,20,1,214,220,0.626955,15,GE_GATE,1,0,21
OC-SORT,dancetrack0094,218,32,20,1,214,220,0.620869,15,GE_GATE,1,0,21
OC-SORT,dancetrack0094,219,32,20,1,214,220,0.630064,15,GE_GATE,1,0,20
OC-SORT,dancetrack0094,230,24,19,1,229,234,0.337264,1,BETWEEN_0_AND_GATE,1,0,21
OC-SORT,dancetrack0094,231,24,19,1,229,234,0.328829,1,BETWEEN_0_AND_GATE,1,0,21
OC-SORT,dancetrack0094,232,24,19,1,229,234,0.322306,1,BETWEEN_0_AND_GATE,1,0,21
OC-SORT,dancetrack0094,233,24,19,1,229,234,0.320632,1,BETWEEN_0_AND_GATE,1,0,21
OC-SORT,dancetrack0094,348,45,20,1,347,349,0.398421,17,BETWEEN_0_AND_GATE,1,0,19
OC-SORT,dancetrack0094,350,14,24,1,349,352,0.501338,14,GE_GATE,1,0,19
OC-SORT,dancetrack0094,351,14,24,1,349,352,0.433687,14,BETWEEN_0_AND_GATE,1,0,20
OC-SORT,dancetrack0094,381,44,7,1,380,385,0.488529,22,BETWEEN_0_AND_GATE,1,0,19
OC-SORT,dancetrack0094,382,44,7,1,380,385,0.528493,22,GE_GATE,1,0,20
OC-SORT,dancetrack0094,383,44,7,1,380,385,0.571595,22,GE_GATE,1,0,20
OC-SORT,dancetrack0094,384,44,7,1,380,385,0.576857,22,GE_GATE,1,0,20
OC-SORT,dancetrack0094,391,45,15,1,390,392,0.470068,7,BETWEEN_0_AND_GATE,1,0,21
OC-SORT,dancetrack0094,400,24,2,1,399,401,0.592949,1,GE_GATE,1,0,19
OC-SORT,dancetrack0094,435,49,1,1,434,437,0.404503,23,BETWEEN_0_AND_GATE,1,0,20
OC-SORT,dancetrack0094,436,49,1,1,434,437,0.421672,23,BETWEEN_0_AND_GATE,1,0,20
OC-SORT,dancetrack0094,441,14,6,1,440,454,0.247725,17,BETWEEN_0_AND_GATE,1,0,22
OC-SORT,dancetrack0094,442,14,6,1,440,454,0.257979,18,BETWEEN_0_AND_GATE,1,0,21
OC-SORT,dancetrack0094,443,14,6,1,440,454,0.293617,18,BETWEEN_0_AND_GATE,1,0,21
OC-SORT,dancetrack0094,444,14,6,1,440,454,0.337133,18,BETWEEN_0_AND_GATE,1,0,21
OC-SORT,dancetrack0094,445,14,6,1,440,454,0.339023,18,BETWEEN_0_AND_GATE,1,0,21
OC-SORT,dancetrack0094,446,14,6,1,440,454,0.289193,18,BETWEEN_0_AND_GATE,1,0,21
OC-SORT,dancetrack0094,447,14,6,1,440,454,0.282433,18,BETWEEN_0_AND_GATE,1,0,19
OC-SORT,dancetrack0094,448,14,6,1,440,454,0.292337,18,BETWEEN_0_AND_GATE,1,0,19
OC-SORT,dancetrack0094,449,14,6,1,440,454,0.302769,18,BETWEEN_0_AND_GATE,1,0,19
OC-SORT,dancetrack0094,450,14,6,1,440,454,0.312211,18,BETWEEN_0_AND_GATE,1,0,19
OC-SORT,dancetrack0094,451,14,6,1,440,454,0.331909,18,BETWEEN_0_AND_GATE,1,0,19
OC-SORT,dancetrack0094,452,14,6,1,440,454,0.38113,18,BETWEEN_0_AND_GATE,1,0,18
OC-SORT,dancetrack0094,453,14,6,1,440,454,0.364566,18,BETWEEN_0_AND_GATE,1,0,19
OC-SORT,dancetrack0094,468,47,11,1,467,476,0.19876,22,BETWEEN_0_AND_GATE,1,0,18
OC-SORT,dancetrack0094,469,47,11,1,467,476,0.205503,22,BETWEEN_0_AND_GATE,1,0,18
OC-SORT,dancetrack0094,470,47,11,1,467,476,0.201308,22,BETWEEN_0_AND_GATE,1,0,17
OC-SORT,dancetrack0094,471,47,11,1,467,476,0.19707,22,BETWEEN_0_AND_GATE,1,0,17
OC-SORT,dancetrack0094,472,47,11,1,467,476,0.191802,22,BETWEEN_0_AND_GATE,1,0,17
OC-SORT,dancetrack0094,473,47,11,1,467,476,0.200557,22,BETWEEN_0_AND_GATE,1,0,17
OC-SORT,dancetrack0094,474,47,11,1,467,476,0.224227,22,BETWEEN_0_AND_GATE,1,0,17
OC-SORT,dancetrack0094,475,47,11,1,467,476,0.271593,22,BETWEEN_0_AND_GATE,1,0,17
OC-SORT,dancetrack0094,517,47,11,1,516,523,0.213408,22,BETWEEN_0_AND_GATE,1,0,16
OC-SORT,dancetrack0094,518,47,11,1,516,523,0.234945,22,BETWEEN_0_AND_GATE,1,0,16
OC-SORT,dancetrack0094,519,47,11,1,516,523,0.27951,22,BETWEEN_0_AND_GATE,1,0,16
OC-SORT,dancetrack0094,520,47,11,1,516,523,0.299223,22,BETWEEN_0_AND_GATE,1,0,16
OC-SORT,dancetrack0094,521,47,11,1,516,523,0.297344,22,BETWEEN_0_AND_GATE,1,0,16
OC-SORT,dancetrack0094,522,47,11,1,516,523,0.265527,22,BETWEEN_0_AND_GATE,1,0,16
OC-SORT,dancetrack0094,556,45,15,1,555,557,0.262764,7,BETWEEN_0_AND_GATE,1,0,16
OC-SORT,dancetrack0094,562,49,1,1,561,565,0.411514,4,BETWEEN_0_AND_GATE,1,0,18
OC-SORT,dancetrack0094,563,49,1,1,561,565,0.411714,4,BETWEEN_0_AND_GATE,1,0,18
OC-SORT,dancetrack0094,564,49,1,1,561,565,0.420824,4,BETWEEN_0_AND_GATE,1,0,18
OC-SORT,dancetrack0094,586,65,8,1,585,593,0.538492,3,GE_GATE,1,0,18
OC-SORT,dancetrack0094,587,65,8,1,585,593,0.600723,3,GE_GATE,1,0,18
OC-SORT,dancetrack0094,588,65,8,1,585,593,0.604505,3,GE_GATE,1,0,18
OC-SORT,dancetrack0094,589,65,8,1,585,593,0.595076,3,GE_GATE,1,0,18
OC-SORT,dancetrack0094,590,65,8,1,585,593,0.555875,3,GE_GATE,1,0,18
OC-SORT,dancetrack0094,591,65,8,1,585,593,0.536694,3,GE_GATE,1,0,18
OC-SORT,dancetrack0094,592,65,8,1,585,593,0.514565,3,GE_GATE,1,0,19
OC-SORT,dancetrack0097,103,3,2,1,102,106,0.764732,0,GE_GATE,1,0,3
OC-SORT,dancetrack0097,104,3,2,1,102,106,0.713266,0,GE_GATE,1,0,3
OC-SORT,dancetrack0097,105,3,2,1,102,106,0.555361,0,GE_GATE,1,0,3
OC-SORT,dancetrack0097,340,4,3,1,339,342,0.480805,2,BETWEEN_0_AND_GATE,1,0,3
OC-SORT,dancetrack0097,341,4,3,1,339,342,0.538664,2,GE_GATE,1,0,3
OC-SORT,dancetrack0097,356,4,3,1,355,364,0.513028,1,GE_GATE,1,0,3
OC-SORT,dancetrack0097,357,4,3,1,355,364,0.554372,1,GE_GATE,1,0,3
OC-SORT,dancetrack0097,358,4,3,1,355,364,0.593738,1,GE_GATE,1,0,3
OC-SORT,dancetrack0097,359,4,3,1,355,364,0.550581,1,GE_GATE,1,0,3
OC-SORT,dancetrack0097,360,4,3,1,355,364,0.512033,1,GE_GATE,1,0,3
OC-SORT,dancetrack0097,361,4,3,1,355,364,0.630031,1,GE_GATE,1,0,3
OC-SORT,dancetrack0097,362,4,3,1,355,364,0.630035,1,GE_GATE,1,0,3
OC-SORT,dancetrack0097,363,4,3,1,355,364,0.618955,1,GE_GATE,1,0,3
OC-SORT,dancetrack0097,567,3,1,1,566,569,0.673856,2,GE_GATE,1,0,3
OC-SORT,dancetrack0097,568,3,1,1,566,569,0.678197,2,GE_GATE,1,0,3
OC-SORT,dancetrack0097,685,1,2,1,684,688,0.763772,0,GE_GATE,1,0,3
OC-SORT,dancetrack0097,686,1,2,1,684,688,0.791458,0,GE_GATE,1,0,3
OC-SORT,dancetrack0097,687,1,2,1,684,688,0.700553,0,GE_GATE,1,0,3
Deep-OC-SORT,dancetrack0004,49,4,0,1,48,50,0.609528,2,GE_GATE,1,0,3
Deep-OC-SORT,dancetrack0004,435,6,2,1,434,436,0.674016,0,GE_GATE,1,0,3
Deep-OC-SORT,dancetrack0004,669,8,1,1,668,678,0.56357,2,GE_GATE,1,0,2
Deep-OC-SORT,dancetrack0004,670,8,1,1,668,678,0.613562,2,GE_GATE,1,0,2
Deep-OC-SORT,dancetrack0004,671,8,1,1,668,678,0.59934,2,GE_GATE,1,0,2
Deep-OC-SORT,dancetrack0004,672,8,1,1,668,678,0.534118,2,GE_GATE,1,0,2
Deep-OC-SORT,dancetrack0004,673,8,1,1,668,678,0.528714,2,GE_GATE,1,0,2
Deep-OC-SORT,dancetrack0004,674,8,1,1,668,678,0.511018,2,GE_GATE,1,0,2
Deep-OC-SORT,dancetrack0004,675,8,1,1,668,678,0.4955,2,BETWEEN_0_AND_GATE,1,0,2
Deep-OC-SORT,dancetrack0004,676,8,1,1,668,678,0.472496,2,BETWEEN_0_AND_GATE,1,0,2
Deep-OC-SORT,dancetrack0004,677,8,1,1,668,678,0.448734,2,BETWEEN_0_AND_GATE,1,0,2
Deep-OC-SORT,dancetrack0004,1017,3,3,1,1016,1018,0.295348,0,BETWEEN_0_AND_GATE,1,0,3
Deep-OC-SORT,dancetrack0004,1029,3,3,1,1028,1030,0.564576,2,GE_GATE,1,0,3
Deep-OC-SORT,dancetrack0005,587,2,1,1,586,589,0.386542,2,BETWEEN_0_AND_GATE,1,0,3
Deep-OC-SORT,dancetrack0005,588,2,1,1,586,589,0.486565,2,BETWEEN_0_AND_GATE,1,0,3
Deep-OC-SORT,dancetrack0005,674,2,1,1,673,675,0.191772,2,BETWEEN_0_AND_GATE,1,0,3
Deep-OC-SORT,dancetrack0005,675,4,3,1,674,676,0.213409,0,BETWEEN_0_AND_GATE,1,0,3
Deep-OC-SORT,dancetrack0005,688,2,1,1,687,692,0.170696,0,BETWEEN_0_AND_GATE,1,0,3
Deep-OC-SORT,dancetrack0005,689,2,1,1,687,692,0.174658,0,BETWEEN_0_AND_GATE,1,0,3
Deep-OC-SORT,dancetrack0005,690,2,1,1,687,692,0.203898,0,BETWEEN_0_AND_GATE,1,0,3
Deep-OC-SORT,dancetrack0005,691,2,1,1,687,692,0.227678,0,BETWEEN_0_AND_GATE,1,0,3
Deep-OC-SORT,dancetrack0005,764,4,3,1,763,768,0.616915,1,GE_GATE,1,0,3
Deep-OC-SORT,dancetrack0005,765,4,3,1,763,768,0.656478,1,GE_GATE,1,0,3
Deep-OC-SORT,dancetrack0005,766,4,3,1,763,768,0.695815,1,GE_GATE,1,0,3
Deep-OC-SORT,dancetrack0005,767,4,3,1,763,768,0.652179,1,GE_GATE,1,0,3
Deep-OC-SORT,dancetrack0005,903,4,3,1,902,904,0.817284,1,GE_GATE,1,0,3
Deep-OC-SORT,dancetrack0007,140,2,2,1,139,142,0.85353,5,GE_GATE,1,0,7
Deep-OC-SORT,dancetrack0007,141,2,2,1,139,142,0.785272,5,GE_GATE,1,0,7
Deep-OC-SORT,dancetrack0007,375,5,0,1,374,377,0.587517,5,GE_GATE,1,0,7
Deep-OC-SORT,dancetrack0007,376,5,0,1,374,377,0.48891,5,BETWEEN_0_AND_GATE,1,0,7
Deep-OC-SORT,dancetrack0007,642,6,3,1,641,644,0.65134,4,GE_GATE,1,0,7
Deep-OC-SORT,dancetrack0007,643,6,3,1,641,644,0.524303,4,GE_GATE,1,0,7
Deep-OC-SORT,dancetrack0007,739,8,4,1,738,740,0.750331,6,GE_GATE,1,0,7
Deep-OC-SORT,dancetrack0007,887,6,3,1,886,888,0.494697,4,BETWEEN_0_AND_GATE,1,0,7
Deep-OC-SORT,dancetrack0007,895,12,1,1,894,896,0.386378,4,BETWEEN_0_AND_GATE,1,0,7
Deep-OC-SORT,dancetrack0007,896,6,3,1,895,898,0.685286,2,GE_GATE,1,0,7
Deep-OC-SORT,dancetrack0007,897,6,3,1,895,898,0.715883,2,GE_GATE,1,0,7
Deep-OC-SORT,dancetrack0007,911,12,1,1,910,915,0.692183,3,GE_GATE,1,0,7
Deep-OC-SORT,dancetrack0007,912,12,1,1,910,915,0.770378,3,GE_GATE,1,0,7
Deep-OC-SORT,dancetrack0007,913,12,1,1,910,915,0.815001,3,GE_GATE,1,0,7
Deep-OC-SORT,dancetrack0007,914,12,1,1,910,915,0.754045,3,GE_GATE,1,0,7
Deep-OC-SORT,dancetrack0007,989,12,7,1,988,990,0.81925,2,GE_GATE,1,0,7
Deep-OC-SORT,dancetrack0007,1097,2,2,1,1096,1098,0.771393,7,GE_GATE,1,0,7
Deep-OC-SORT,dancetrack0010,214,1,0,1,213,216,0.685938,1,GE_GATE,1,0,5
Deep-OC-SORT,dancetrack0010,215,1,0,1,213,216,0.685176,1,GE_GATE,1,0,5
Deep-OC-SORT,dancetrack0010,258,5,2,1,257,259,0.505926,3,GE_GATE,1,0,4
Deep-OC-SORT,dancetrack0010,555,9,4,1,554,559,0.511523,3,GE_GATE,1,0,5
Deep-OC-SORT,dancetrack0010,556,9,4,1,554,559,0.615193,2,GE_GATE,1,0,5
Deep-OC-SORT,dancetrack0010,557,9,4,1,554,559,0.567371,2,GE_GATE,1,0,5
Deep-OC-SORT,dancetrack0010,558,9,4,1,554,559,0.540136,2,GE_GATE,1,0,5
Deep-OC-SORT,dancetrack0010,710,11,3,1,709,712,0.62748,2,GE_GATE,1,0,5
Deep-OC-SORT,dancetrack0010,711,11,3,1,709,712,0.657019,2,GE_GATE,1,0,5
Deep-OC-SORT,dancetrack0010,814,7,5,1,813,815,0.748539,4,GE_GATE,1,0,5
Deep-OC-SORT,dancetrack0010,1055,7,5,1,1054,1057,0.436166,0,BETWEEN_0_AND_GATE,1,0,5
Deep-OC-SORT,dancetrack0010,1056,7,5,1,1054,1057,0.630858,0,GE_GATE,1,0,5
Deep-OC-SORT,dancetrack0014,60,4,5,1,59,68,0.582396,1,GE_GATE,1,0,9
Deep-OC-SORT,dancetrack0014,61,4,5,1,59,68,0.630287,1,GE_GATE,1,0,7
Deep-OC-SORT,dancetrack0014,62,4,5,1,59,68,0.569847,1,GE_GATE,1,0,7
Deep-OC-SORT,dancetrack0014,63,4,5,1,59,68,0.554752,1,GE_GATE,1,0,7
Deep-OC-SORT,dancetrack0014,64,4,5,1,59,68,0.455754,1,BETWEEN_0_AND_GATE,1,0,5
Deep-OC-SORT,dancetrack0014,65,4,5,1,59,68,0.459045,1,BETWEEN_0_AND_GATE,1,0,5
Deep-OC-SORT,dancetrack0014,66,4,5,1,59,68,0.438687,1,BETWEEN_0_AND_GATE,1,0,5
Deep-OC-SORT,dancetrack0014,67,4,5,1,59,68,0.394013,1,BETWEEN_0_AND_GATE,1,0,5
Deep-OC-SORT,dancetrack0014,183,16,8,1,182,186,0.494104,2,BETWEEN_0_AND_GATE,1,0,10
Deep-OC-SORT,dancetrack0014,184,16,8,1,182,186,0.716274,2,GE_GATE,1,0,10
Deep-OC-SORT,dancetrack0014,185,16,8,1,182,186,0.560088,2,GE_GATE,1,0,9
Deep-OC-SORT,dancetrack0014,186,11,6,1,185,188,0.744069,9,GE_GATE,1,0,10
Deep-OC-SORT,dancetrack0014,187,11,6,1,185,188,0.701333,9,GE_GATE,1,0,10
Deep-OC-SORT,dancetrack0014,189,19,10,1,188,192,0.843785,11,GE_GATE,1,0,10
Deep-OC-SORT,dancetrack0014,190,19,10,1,188,192,0.78031,11,GE_GATE,1,0,10
Deep-OC-SORT,dancetrack0014,191,19,10,1,188,192,0.678683,11,GE_GATE,1,0,10
Deep-OC-SORT,dancetrack0014,259,21,11,1,258,265,0.527536,9,GE_GATE,1,0,11
Deep-OC-SORT,dancetrack0014,260,21,11,1,258,265,0.506071,9,GE_GATE,1,0,11
Deep-OC-SORT,dancetrack0014,261,21,11,1,258,265,0.455468,9,BETWEEN_0_AND_GATE,1,0,11
Deep-OC-SORT,dancetrack0014,262,21,11,1,258,265,0.393464,9,BETWEEN_0_AND_GATE,1,0,11
Deep-OC-SORT,dancetrack0014,263,21,11,1,258,265,0.34818,9,BETWEEN_0_AND_GATE,1,0,11
Deep-OC-SORT,dancetrack0014,264,21,11,1,258,265,0.33482,9,BETWEEN_0_AND_GATE,1,0,10
Deep-OC-SORT,dancetrack0014,331,24,10,1,330,339,0.596582,7,GE_GATE,1,0,10
Deep-OC-SORT,dancetrack0014,332,24,10,1,330,339,0.582655,7,GE_GATE,1,0,10
Deep-OC-SORT,dancetrack0014,333,24,10,1,330,339,0.490276,7,BETWEEN_0_AND_GATE,1,0,10
Deep-OC-SORT,dancetrack0014,334,24,10,1,330,339,0.440642,7,BETWEEN_0_AND_GATE,1,0,10
Deep-OC-SORT,dancetrack0014,335,24,10,1,330,339,0.363978,7,BETWEEN_0_AND_GATE,1,0,10
Deep-OC-SORT,dancetrack0014,336,24,10,1,330,339,0.353982,7,BETWEEN_0_AND_GATE,1,0,10
Deep-OC-SORT,dancetrack0014,337,24,10,1,330,339,0.358447,7,BETWEEN_0_AND_GATE,1,0,10
Deep-OC-SORT,dancetrack0014,338,24,10,1,330,339,0.356238,7,BETWEEN_0_AND_GATE,1,0,10
Deep-OC-SORT,dancetrack0014,453,24,10,1,452,455,0.456576,7,BETWEEN_0_AND_GATE,1,0,11
Deep-OC-SORT,dancetrack0014,454,24,10,1,452,455,0.438408,7,BETWEEN_0_AND_GATE,1,0,11
Deep-OC-SORT,dancetrack0014,469,23,6,1,468,472,0.749945,1,GE_GATE,1,0,9
Deep-OC-SORT,dancetrack0014,470,23,6,1,468,472,0.685049,1,GE_GATE,1,0,9
Deep-OC-SORT,dancetrack0014,471,23,6,1,468,472,0.470896,1,BETWEEN_0_AND_GATE,1,0,9
Deep-OC-SORT,dancetrack0014,477,15,5,1,476,479,0.397668,1,BETWEEN_0_AND_GATE,1,0,9
Deep-OC-SORT,dancetrack0014,478,15,5,1,476,479,0.448767,1,BETWEEN_0_AND_GATE,1,0,9
Deep-OC-SORT,dancetrack0014,480,10,3,1,479,483,0.395733,1,BETWEEN_0_AND_GATE,1,0,10
Deep-OC-SORT,dancetrack0014,481,10,3,1,479,483,0.562169,1,GE_GATE,1,0,10
Deep-OC-SORT,dancetrack0014,482,10,3,1,479,483,0.607673,1,GE_GATE,1,0,10
Deep-OC-SORT,dancetrack0014,483,24,10,1,482,485,0.449911,11,BETWEEN_0_AND_GATE,1,0,10
Deep-OC-SORT,dancetrack0014,484,24,10,1,482,485,0.40534,11,BETWEEN_0_AND_GATE,1,0,10
Deep-OC-SORT,dancetrack0014,487,17,4,1,486,488,0.487086,1,BETWEEN_0_AND_GATE,1,0,10
Deep-OC-SORT,dancetrack0014,550,17,4,1,549,553,0.693187,1,GE_GATE,1,0,8
Deep-OC-SORT,dancetrack0014,551,17,4,1,549,553,0.652222,5,GE_GATE,1,0,6
Deep-OC-SORT,dancetrack0014,552,17,4,1,549,553,0.651518,5,GE_GATE,1,0,6
Deep-OC-SORT,dancetrack0014,622,28,11,1,621,635,0.402228,10,BETWEEN_0_AND_GATE,1,0,10
Deep-OC-SORT,dancetrack0014,623,28,11,1,621,635,0.366131,10,BETWEEN_0_AND_GATE,1,0,9
Deep-OC-SORT,dancetrack0014,624,28,11,1,621,635,0.419903,10,BETWEEN_0_AND_GATE,1,0,9
Deep-OC-SORT,dancetrack0014,625,28,11,1,621,635,0.471276,10,BETWEEN_0_AND_GATE,1,0,9
Deep-OC-SORT,dancetrack0014,626,28,11,1,621,635,0.621567,10,GE_GATE,1,0,10
Deep-OC-SORT,dancetrack0014,627,28,11,1,621,635,0.571715,10,GE_GATE,1,0,11
Deep-OC-SORT,dancetrack0014,628,28,11,1,621,635,0.458521,10,BETWEEN_0_AND_GATE,1,0,11
Deep-OC-SORT,dancetrack0014,629,28,11,1,621,635,0.421894,9,BETWEEN_0_AND_GATE,1,0,10
Deep-OC-SORT,dancetrack0014,630,28,11,1,621,635,0.390252,9,BETWEEN_0_AND_GATE,1,0,10
Deep-OC-SORT,dancetrack0014,631,28,11,1,621,635,0.430384,9,BETWEEN_0_AND_GATE,1,0,10
Deep-OC-SORT,dancetrack0014,632,28,11,1,621,635,0.45778,9,BETWEEN_0_AND_GATE,1,0,11
Deep-OC-SORT,dancetrack0014,633,28,11,1,621,635,0.459943,9,BETWEEN_0_AND_GATE,1,0,11
Deep-OC-SORT,dancetrack0014,634,28,11,1,621,635,0.416171,9,BETWEEN_0_AND_GATE,1,0,11
Deep-OC-SORT,dancetrack0014,636,17,4,1,635,638,0.404525,6,BETWEEN_0_AND_GATE,1,0,10
Deep-OC-SORT,dancetrack0014,637,17,4,1,635,638,0.389421,6,BETWEEN_0_AND_GATE,1,0,10
Deep-OC-SORT,dancetrack0014,638,25,8,1,637,641,0.465274,3,BETWEEN_0_AND_GATE,1,0,11
Deep-OC-SORT,dancetrack0014,639,25,8,1,637,641,0.392261,9,BETWEEN_0_AND_GATE,1,0,11
Deep-OC-SORT,dancetrack0014,640,25,8,1,637,641,0.357241,9,BETWEEN_0_AND_GATE,1,0,10
Deep-OC-SORT,dancetrack0014,642,29,3,1,641,645,0.347203,9,BETWEEN_0_AND_GATE,1,0,10
Deep-OC-SORT,dancetrack0014,643,29,3,1,641,645,0.426553,9,BETWEEN_0_AND_GATE,1,0,10
Deep-OC-SORT,dancetrack0014,644,29,3,1,641,645,0.492938,9,BETWEEN_0_AND_GATE,1,0,10
Deep-OC-SORT,dancetrack0014,738,10,0,1,737,741,0.428055,1,BETWEEN_0_AND_GATE,1,0,10
Deep-OC-SORT,dancetrack0014,739,10,0,1,737,741,0.510517,1,GE_GATE,1,0,10
Deep-OC-SORT,dancetrack0014,740,10,0,1,737,741,0.542588,1,GE_GATE,1,0,10
Deep-OC-SORT,dancetrack0014,917,36,3,1,916,918,0.483907,5,BETWEEN_0_AND_GATE,1,0,11
Deep-OC-SORT,dancetrack0014,923,19,5,1,922,925,0.633581,4,GE_GATE,1,0,11
Deep-OC-SORT,dancetrack0014,924,19,5,1,922,925,0.697,4,GE_GATE,1,0,11
Deep-OC-SORT,dancetrack0014,927,28,7,1,926,929,0.38437,10,BETWEEN_0_AND_GATE,1,0,11
Deep-OC-SORT,dancetrack0014,928,28,7,1,926,929,0.435708,10,BETWEEN_0_AND_GATE,1,0,10
Deep-OC-SORT,dancetrack0014,933,32,9,1,932,939,0.412306,10,BETWEEN_0_AND_GATE,1,0,9
Deep-OC-SORT,dancetrack0014,934,32,9,1,932,939,0.455404,10,BETWEEN_0_AND_GATE,1,0,9
Deep-OC-SORT,dancetrack0014,935,32,9,1,932,939,0.575449,10,GE_GATE,1,0,9
Deep-OC-SORT,dancetrack0014,936,32,9,1,932,939,0.585653,10,GE_GATE,1,0,9
Deep-OC-SORT,dancetrack0014,937,32,9,1,932,939,0.501791,10,GE_GATE,1,0,9
Deep-OC-SORT,dancetrack0014,938,32,9,1,932,939,0.476672,10,BETWEEN_0_AND_GATE,1,0,9
Deep-OC-SORT,dancetrack0014,973,32,9,1,972,976,0.317987,10,BETWEEN_0_AND_GATE,1,0,10
Deep-OC-SORT,dancetrack0014,974,32,9,1,972,976,0.285444,10,BETWEEN_0_AND_GATE,1,0,9
Deep-OC-SORT,dancetrack0014,975,32,9,1,972,976,0.269942,7,BETWEEN_0_AND_GATE,1,0,9
Deep-OC-SORT,dancetrack0014,981,32,9,1,980,983,0.352269,7,BETWEEN_0_AND_GATE,1,0,9
Deep-OC-SORT,dancetrack0014,982,32,9,1,980,983,0.367721,7,BETWEEN_0_AND_GATE,1,0,10
Deep-OC-SORT,dancetrack0014,989,40,2,1,988,990,0.639759,7,GE_GATE,1,0,11
Deep-OC-SORT,dancetrack0014,1021,34,6,1,1020,1025,0.48459,1,BETWEEN_0_AND_GATE,1,0,10
Deep-OC-SORT,dancetrack0014,1021,41,3,1,1020,1025,0.371179,4,BETWEEN_0_AND_GATE,1,0,10
Deep-OC-SORT,dancetrack0014,1022,34,6,1,1020,1025,0.441266,1,BETWEEN_0_AND_GATE,1,0,10
Deep-OC-SORT,dancetrack0014,1022,41,3,1,1020,1025,0.413465,4,BETWEEN_0_AND_GATE,1,0,10
Deep-OC-SORT,dancetrack0014,1023,34,6,1,1020,1025,0.406061,1,BETWEEN_0_AND_GATE,1,0,10
Deep-OC-SORT,dancetrack0014,1023,41,3,1,1020,1025,0.46031,4,BETWEEN_0_AND_GATE,1,0,10
Deep-OC-SORT,dancetrack0014,1024,34,6,1,1020,1025,0.405347,1,BETWEEN_0_AND_GATE,1,0,10
Deep-OC-SORT,dancetrack0014,1024,41,3,1,1020,1025,0.469055,4,BETWEEN_0_AND_GATE,1,0,10
Deep-OC-SORT,dancetrack0014,1031,28,7,1,1030,1035,0.519041,10,GE_GATE,1,0,11
Deep-OC-SORT,dancetrack0014,1032,28,7,1,1030,1035,0.553403,10,GE_GATE,1,0,11
Deep-OC-SORT,dancetrack0014,1033,28,7,1,1030,1035,0.551075,10,GE_GATE,1,0,11
Deep-OC-SORT,dancetrack0014,1034,28,7,1,1030,1035,0.60957,10,GE_GATE,1,0,11
Deep-OC-SORT,dancetrack0014,1098,32,9,1,1097,1099,0.650278,2,GE_GATE,1,0,10
Deep-OC-SORT,dancetrack0014,1099,41,3,1,1098,1100,0.737117,4,GE_GATE,1,0,11
Deep-OC-SORT,dancetrack0014,1105,31,8,1,1104,1108,0.348288,4,BETWEEN_0_AND_GATE,1,0,11
Deep-OC-SORT,dancetrack0014,1106,31,8,1,1104,1108,0.364741,4,BETWEEN_0_AND_GATE,1,0,11
Deep-OC-SORT,dancetrack0014,1107,31,8,1,1104,1108,0.418118,4,BETWEEN_0_AND_GATE,1,0,9
Deep-OC-SORT,dancetrack0014,1107,32,9,1,1106,1110,0.562985,10,GE_GATE,1,0,9
Deep-OC-SORT,dancetrack0014,1108,32,9,1,1106,1110,0.621602,10,GE_GATE,1,0,10
Deep-OC-SORT,dancetrack0014,1109,32,9,1,1106,1110,0.545217,10,GE_GATE,1,0,9
Deep-OC-SORT,dancetrack0014,1109,41,3,1,1108,1110,0.841505,5,GE_GATE,1,0,9
Deep-OC-SORT,dancetrack0014,1171,28,7,1,1170,1175,0.550456,1,GE_GATE,1,0,11
Deep-OC-SORT,dancetrack0014,1172,28,7,1,1170,1175,0.538116,1,GE_GATE,1,0,11
Deep-OC-SORT,dancetrack0014,1173,28,7,1,1170,1175,0.531592,1,GE_GATE,1,0,11
Deep-OC-SORT,dancetrack0014,1174,28,7,1,1170,1175,0.558688,1,GE_GATE,1,0,11
Deep-OC-SORT,dancetrack0014,1193,31,8,1,1192,1196,0.713194,5,GE_GATE,1,0,10
Deep-OC-SORT,dancetrack0014,1193,32,9,1,1192,1194,0.394484,6,BETWEEN_0_AND_GATE,1,0,10
Deep-OC-SORT,dancetrack0014,1194,31,8,1,1192,1196,0.613945,5,GE_GATE,1,0,11
Deep-OC-SORT,dancetrack0014,1195,31,8,1,1192,1196,0.515502,5,GE_GATE,1,0,11
Deep-OC-SORT,dancetrack0019,810,32,4,1,809,811,0.460447,2,BETWEEN_0_AND_GATE,1,0,5
Deep-OC-SORT,dancetrack0019,916,35,6,1,915,925,0.475401,0,BETWEEN_0_AND_GATE,1,0,6
Deep-OC-SORT,dancetrack0019,917,35,6,1,915,925,0.436203,0,BETWEEN_0_AND_GATE,1,0,6
Deep-OC-SORT,dancetrack0019,918,35,6,1,915,925,0.413695,0,BETWEEN_0_AND_GATE,1,0,6
Deep-OC-SORT,dancetrack0019,919,35,6,1,915,925,0.396652,0,BETWEEN_0_AND_GATE,1,0,6
Deep-OC-SORT,dancetrack0019,920,35,6,1,915,925,0.384166,0,BETWEEN_0_AND_GATE,1,0,6
Deep-OC-SORT,dancetrack0019,921,35,6,1,915,925,0.379095,0,BETWEEN_0_AND_GATE,1,0,6
Deep-OC-SORT,dancetrack0019,922,35,6,1,915,925,0.37519,0,BETWEEN_0_AND_GATE,1,0,6
Deep-OC-SORT,dancetrack0019,923,35,6,1,915,925,0.367198,0,BETWEEN_0_AND_GATE,1,0,6
Deep-OC-SORT,dancetrack0019,924,35,6,1,915,925,0.395488,0,BETWEEN_0_AND_GATE,1,0,6
Deep-OC-SORT,dancetrack0019,1169,35,6,1,1168,1173,0.734498,0,GE_GATE,1,0,6
Deep-OC-SORT,dancetrack0019,1170,35,6,1,1168,1173,0.70694,0,GE_GATE,1,0,6
Deep-OC-SORT,dancetrack0019,1171,35,6,1,1168,1173,0.737473,0,GE_GATE,1,0,6
Deep-OC-SORT,dancetrack0019,1172,35,6,1,1168,1173,0.635388,0,GE_GATE,1,0,6
Deep-OC-SORT,dancetrack0019,1316,6,0,1,1315,1318,0.597939,5,GE_GATE,1,0,6
Deep-OC-SORT,dancetrack0019,1317,6,0,1,1315,1318,0.598198,5,GE_GATE,1,0,6
Deep-OC-SORT,dancetrack0019,1534,32,4,1,1533,1535,0.713736,1,GE_GATE,1,0,6
Deep-OC-SORT,dancetrack0019,1823,35,6,1,1822,1827,0.576263,2,GE_GATE,1,0,6
Deep-OC-SORT,dancetrack0019,1824,35,6,1,1822,1827,0.571852,2,GE_GATE,1,0,6
Deep-OC-SORT,dancetrack0019,1825,35,6,1,1822,1827,0.580934,2,GE_GATE,1,0,6
Deep-OC-SORT,dancetrack0019,1826,35,6,1,1822,1827,0.447602,2,BETWEEN_0_AND_GATE,1,0,6
Deep-OC-SORT,dancetrack0019,1944,20,5,1,1943,1948,0.644131,2,GE_GATE,1,0,6
Deep-OC-SORT,dancetrack0019,1945,20,5,1,1943,1948,0.61469,2,GE_GATE,1,0,6
Deep-OC-SORT,dancetrack0019,1946,20,5,1,1943,1948,0.540511,2,GE_GATE,1,0,6
Deep-OC-SORT,dancetrack0019,1947,20,5,1,1943,1948,0.732489,2,GE_GATE,1,0,6
Deep-OC-SORT,dancetrack0019,1980,53,3,1,1979,1988,0.805545,0,GE_GATE,1,0,6
Deep-OC-SORT,dancetrack0019,1981,53,3,1,1979,1988,0.830581,0,GE_GATE,1,0,6
Deep-OC-SORT,dancetrack0019,1982,53,3,1,1979,1988,0.83369,0,GE_GATE,1,0,6
Deep-OC-SORT,dancetrack0019,1983,53,3,1,1979,1988,0.903055,0,GE_GATE,1,0,6
Deep-OC-SORT,dancetrack0019,1984,53,3,1,1979,1988,0.785854,0,GE_GATE,1,0,6
Deep-OC-SORT,dancetrack0019,1985,53,3,1,1979,1988,0.670673,0,GE_GATE,1,0,6
Deep-OC-SORT,dancetrack0019,1986,53,3,1,1979,1988,0.696457,0,GE_GATE,1,0,6
Deep-OC-SORT,dancetrack0019,1987,53,3,1,1979,1988,0.786377,0,GE_GATE,1,0,6
Deep-OC-SORT,dancetrack0019,2042,32,0,1,2041,2045,0.618851,6,GE_GATE,1,0,6
Deep-OC-SORT,dancetrack0019,2043,32,0,1,2041,2045,0.587444,6,GE_GATE,1,0,6
Deep-OC-SORT,dancetrack0019,2044,32,0,1,2041,2045,0.634318,6,GE_GATE,1,0,6
Deep-OC-SORT,dancetrack0025,243,22,6,1,242,254,0.68,0,GE_GATE,1,0,7
Deep-OC-SORT,dancetrack0025,244,22,6,1,242,254,0.644585,0,GE_GATE,1,0,7
Deep-OC-SORT,dancetrack0025,245,22,6,1,242,254,0.593536,0,GE_GATE,1,0,7
Deep-OC-SORT,dancetrack0025,246,22,6,1,242,254,0.559514,0,GE_GATE,1,0,7
Deep-OC-SORT,dancetrack0025,247,22,6,1,242,254,0.547844,0,GE_GATE,1,0,7
Deep-OC-SORT,dancetrack0025,248,22,6,1,242,254,0.553857,0,GE_GATE,1,0,7
Deep-OC-SORT,dancetrack0025,249,22,6,1,242,254,0.603089,0,GE_GATE,1,0,7
Deep-OC-SORT,dancetrack0025,250,22,6,1,242,254,0.620813,0,GE_GATE,1,0,7
Deep-OC-SORT,dancetrack0025,251,22,6,1,242,254,0.610129,0,GE_GATE,1,0,7
Deep-OC-SORT,dancetrack0025,252,22,6,1,242,254,0.584874,0,GE_GATE,1,0,7
Deep-OC-SORT,dancetrack0025,253,22,6,1,242,254,0.577672,0,GE_GATE,1,0,7
Deep-OC-SORT,dancetrack0025,397,17,4,1,396,406,0.398627,3,BETWEEN_0_AND_GATE,1,0,8
Deep-OC-SORT,dancetrack0025,398,17,4,1,396,406,0.400238,3,BETWEEN_0_AND_GATE,1,0,8
Deep-OC-SORT,dancetrack0025,399,17,4,1,396,406,0.430072,3,BETWEEN_0_AND_GATE,1,0,8
Deep-OC-SORT,dancetrack0025,400,17,4,1,396,406,0.454043,3,BETWEEN_0_AND_GATE,1,0,8
Deep-OC-SORT,dancetrack0025,401,17,4,1,396,406,0.540761,3,GE_GATE,1,0,8
Deep-OC-SORT,dancetrack0025,402,17,4,1,396,406,0.591005,3,GE_GATE,1,0,8
Deep-OC-SORT,dancetrack0025,403,17,4,1,396,406,0.668632,3,GE_GATE,1,0,8
Deep-OC-SORT,dancetrack0025,404,17,4,1,396,406,0.648565,3,GE_GATE,1,0,8
Deep-OC-SORT,dancetrack0025,405,17,4,1,396,406,0.589269,3,GE_GATE,1,0,8
Deep-OC-SORT,dancetrack0025,519,11,8,1,518,521,0.39055,7,BETWEEN_0_AND_GATE,1,0,8
Deep-OC-SORT,dancetrack0025,520,11,8,1,518,521,0.354299,7,BETWEEN_0_AND_GATE,1,0,8
Deep-OC-SORT,dancetrack0026,4,14,11,1,3,7,0.31193,4,BETWEEN_0_AND_GATE,1,0,12
Deep-OC-SORT,dancetrack0026,5,14,11,1,3,7,0.30066,4,BETWEEN_0_AND_GATE,1,0,11
Deep-OC-SORT,dancetrack0026,6,14,11,1,3,7,0.298227,4,BETWEEN_0_AND_GATE,1,0,12
Deep-OC-SORT,dancetrack0026,8,14,11,1,7,9,0.295123,4,BETWEEN_0_AND_GATE,1,0,14
Deep-OC-SORT,dancetrack0026,14,14,11,1,13,15,0.821305,5,GE_GATE,1,0,13
Deep-OC-SORT,dancetrack0026,17,16,12,1,16,21,0.580703,18,GE_GATE,1,0,16
Deep-OC-SORT,dancetrack0026,18,16,12,1,16,21,0.444853,17,BETWEEN_0_AND_GATE,1,0,16
Deep-OC-SORT,dancetrack0026,19,16,12,1,16,21,0.477677,17,BETWEEN_0_AND_GATE,1,0,16
Deep-OC-SORT,dancetrack0026,20,16,12,1,16,21,0.369902,17,BETWEEN_0_AND_GATE,1,0,15
Deep-OC-SORT,dancetrack0026,22,14,11,1,21,24,0.459739,17,BETWEEN_0_AND_GATE,1,0,16
Deep-OC-SORT,dancetrack0026,23,13,10,1,22,24,0.53093,14,GE_GATE,1,0,15
Deep-OC-SORT,dancetrack0026,23,14,11,1,21,24,0.446921,17,BETWEEN_0_AND_GATE,1,0,15
Deep-OC-SORT,dancetrack0026,33,19,6,1,32,34,0.408557,14,BETWEEN_0_AND_GATE,1,0,14
Deep-OC-SORT,dancetrack0026,47,19,6,1,46,50,0.449048,16,BETWEEN_0_AND_GATE,1,0,14
Deep-OC-SORT,dancetrack0026,48,19,6,1,46,50,0.517504,16,GE_GATE,1,0,14
Deep-OC-SORT,dancetrack0026,49,19,6,1,46,50,0.517645,16,GE_GATE,1,0,13
Deep-OC-SORT,dancetrack0026,51,12,9,1,50,53,0.557264,18,GE_GATE,1,0,13
Deep-OC-SORT,dancetrack0026,52,5,15,1,51,54,0.368292,16,BETWEEN_0_AND_GATE,1,0,13
Deep-OC-SORT,dancetrack0026,52,12,9,1,50,53,0.55999,18,GE_GATE,1,0,13
Deep-OC-SORT,dancetrack0026,53,5,15,1,51,54,0.367941,16,BETWEEN_0_AND_GATE,1,0,14
Deep-OC-SORT,dancetrack0026,54,12,9,1,53,59,0.334606,18,BETWEEN_0_AND_GATE,1,0,15
Deep-OC-SORT,dancetrack0026,55,12,9,1,53,59,0.413244,14,BETWEEN_0_AND_GATE,1,0,15
Deep-OC-SORT,dancetrack0026,56,12,9,1,53,59,0.51366,12,GE_GATE,1,0,15
Deep-OC-SORT,dancetrack0026,57,12,9,1,53,59,0.559198,12,GE_GATE,1,0,14
Deep-OC-SORT,dancetrack0026,58,12,9,1,53,59,0.561994,12,GE_GATE,1,0,13
Deep-OC-SORT,dancetrack0026,61,13,10,1,60,63,0.525766,3,GE_GATE,1,0,13
Deep-OC-SORT,dancetrack0026,62,13,10,1,60,63,0.536369,3,GE_GATE,1,0,13
Deep-OC-SORT,dancetrack0026,66,5,15,1,65,69,0.32014,3,BETWEEN_0_AND_GATE,1,0,13
Deep-OC-SORT,dancetrack0026,67,5,15,1,65,69,0.404046,3,BETWEEN_0_AND_GATE,1,0,14
Deep-OC-SORT,dancetrack0026,68,5,15,1,65,69,0.431239,3,BETWEEN_0_AND_GATE,1,0,15
Deep-OC-SORT,dancetrack0026,74,15,5,1,73,78,0.626986,11,GE_GATE,1,0,14
Deep-OC-SORT,dancetrack0026,75,15,5,1,73,78,0.635222,11,GE_GATE,1,0,14
Deep-OC-SORT,dancetrack0026,76,7,4,1,75,81,0.621809,17,GE_GATE,1,0,13
Deep-OC-SORT,dancetrack0026,76,15,5,1,73,78,0.564538,11,GE_GATE,1,0,13
Deep-OC-SORT,dancetrack0026,77,7,4,1,75,81,0.663162,17,GE_GATE,1,0,14
Deep-OC-SORT,dancetrack0026,77,15,5,1,73,78,0.470286,11,BETWEEN_0_AND_GATE,1,0,14
Deep-OC-SORT,dancetrack0026,78,7,4,1,75,81,0.705012,17,GE_GATE,1,0,15
Deep-OC-SORT,dancetrack0026,79,7,4,1,75,81,0.712215,17,GE_GATE,1,0,14
Deep-OC-SORT,dancetrack0026,80,7,4,1,75,81,0.687377,17,GE_GATE,1,0,14
Deep-OC-SORT,dancetrack0026,82,15,5,1,81,86,0.27127,16,BETWEEN_0_AND_GATE,1,0,14
Deep-OC-SORT,dancetrack0026,83,15,5,1,81,86,0.264953,16,BETWEEN_0_AND_GATE,1,0,14
Deep-OC-SORT,dancetrack0026,84,15,5,1,81,86,0.262413,18,BETWEEN_0_AND_GATE,1,0,12
Deep-OC-SORT,dancetrack0026,85,15,5,1,81,86,0.290757,18,BETWEEN_0_AND_GATE,1,0,12
Deep-OC-SORT,dancetrack0026,86,9,18,1,85,90,0.244831,16,BETWEEN_0_AND_GATE,1,0,12
Deep-OC-SORT,dancetrack0026,87,9,18,1,85,90,0.272604,5,BETWEEN_0_AND_GATE,1,0,12
Deep-OC-SORT,dancetrack0026,88,9,18,1,85,90,0.313057,5,BETWEEN_0_AND_GATE,1,0,13
Deep-OC-SORT,dancetrack0026,89,9,18,1,85,90,0.356943,5,BETWEEN_0_AND_GATE,1,0,13
Deep-OC-SORT,dancetrack0026,99,7,4,1,98,111,0.428502,14,BETWEEN_0_AND_GATE,1,0,13
Deep-OC-SORT,dancetrack0026,100,7,4,1,98,111,0.460186,14,BETWEEN_0_AND_GATE,1,0,13
Deep-OC-SORT,dancetrack0026,101,7,4,1,98,111,0.451237,14,BETWEEN_0_AND_GATE,1,0,13
Deep-OC-SORT,dancetrack0026,102,7,4,1,98,111,0.447508,14,BETWEEN_0_AND_GATE,1,0,13
Deep-OC-SORT,dancetrack0026,103,7,4,1,98,111,0.440946,14,BETWEEN_0_AND_GATE,1,0,13
Deep-OC-SORT,dancetrack0026,104,7,4,1,98,111,0.433612,14,BETWEEN_0_AND_GATE,1,0,12
Deep-OC-SORT,dancetrack0026,105,7,4,1,98,111,0.435621,14,BETWEEN_0_AND_GATE,1,0,12
Deep-OC-SORT,dancetrack0026,106,7,4,1,98,111,0.429169,14,BETWEEN_0_AND_GATE,1,0,11
Deep-OC-SORT,dancetrack0026,106,17,12,1,105,108,0.589914,9,GE_GATE,1,0,11
Deep-OC-SORT,dancetrack0026,107,7,4,1,98,111,0.429004,14,BETWEEN_0_AND_GATE,1,0,12
Deep-OC-SORT,dancetrack0026,107,17,12,1,105,108,0.553037,9,GE_GATE,1,0,12
Deep-OC-SORT,dancetrack0026,108,7,4,1,98,111,0.417246,14,BETWEEN_0_AND_GATE,1,0,13
Deep-OC-SORT,dancetrack0026,109,7,4,1,98,111,0.402365,14,BETWEEN_0_AND_GATE,1,0,13
Deep-OC-SORT,dancetrack0026,110,7,4,1,98,111,0.406473,14,BETWEEN_0_AND_GATE,1,0,14
Deep-OC-SORT,dancetrack0026,113,25,1,1,112,117,0.333671,3,BETWEEN_0_AND_GATE,1,0,15
Deep-OC-SORT,dancetrack0026,114,25,1,1,112,117,0.35825,3,BETWEEN_0_AND_GATE,1,0,15
Deep-OC-SORT,dancetrack0026,115,25,1,1,112,117,0.347493,3,BETWEEN_0_AND_GATE,1,0,15
Deep-OC-SORT,dancetrack0026,116,14,11,1,115,118,0.662999,9,GE_GATE,1,0,14
Deep-OC-SORT,dancetrack0026,116,25,1,1,112,117,0.312279,3,BETWEEN_0_AND_GATE,1,0,14
Deep-OC-SORT,dancetrack0026,117,14,11,1,115,118,0.690725,9,GE_GATE,1,0,15
Deep-OC-SORT,dancetrack0026,119,3,0,1,118,124,0.347909,16,BETWEEN_0_AND_GATE,1,0,13
Deep-OC-SORT,dancetrack0026,120,3,0,1,118,124,0.280273,16,BETWEEN_0_AND_GATE,1,0,13
Deep-OC-SORT,dancetrack0026,121,3,0,1,118,124,0.259067,16,BETWEEN_0_AND_GATE,1,0,13
Deep-OC-SORT,dancetrack0026,122,3,0,1,118,124,0.220276,16,BETWEEN_0_AND_GATE,1,0,13
Deep-OC-SORT,dancetrack0026,123,3,0,1,118,124,0.202523,16,BETWEEN_0_AND_GATE,1,0,13
Deep-OC-SORT,dancetrack0026,128,14,11,1,127,130,0.377991,5,BETWEEN_0_AND_GATE,1,0,15
Deep-OC-SORT,dancetrack0026,129,14,11,1,127,130,0.415257,5,BETWEEN_0_AND_GATE,1,0,15
Deep-OC-SORT,dancetrack0026,132,14,11,1,131,133,0.495113,5,BETWEEN_0_AND_GATE,1,0,16
Deep-OC-SORT,dancetrack0026,136,20,13,1,135,140,0.362976,5,BETWEEN_0_AND_GATE,1,0,16
Deep-OC-SORT,dancetrack0026,137,4,17,1,136,142,0.497146,16,BETWEEN_0_AND_GATE,1,0,15
Deep-OC-SORT,dancetrack0026,137,20,13,1,135,140,0.430635,5,BETWEEN_0_AND_GATE,1,0,15
Deep-OC-SORT,dancetrack0026,138,4,17,1,136,142,0.491423,16,BETWEEN_0_AND_GATE,1,0,14
Deep-OC-SORT,dancetrack0026,138,20,13,1,135,140,0.703904,5,GE_GATE,1,0,14
Deep-OC-SORT,dancetrack0026,139,4,17,1,136,142,0.47519,16,BETWEEN_0_AND_GATE,1,0,15
Deep-OC-SORT,dancetrack0026,139,20,13,1,135,140,0.802928,5,GE_GATE,1,0,15
Deep-OC-SORT,dancetrack0026,140,4,17,1,136,142,0.476997,16,BETWEEN_0_AND_GATE,1,0,17
Deep-OC-SORT,dancetrack0026,141,4,17,1,136,142,0.48127,16,BETWEEN_0_AND_GATE,1,0,16
Deep-OC-SORT,dancetrack0026,149,24,8,1,148,150,0.416987,6,BETWEEN_0_AND_GATE,1,0,15
Deep-OC-SORT,dancetrack0026,156,4,17,1,155,158,0.295117,3,BETWEEN_0_AND_GATE,1,0,13
Deep-OC-SORT,dancetrack0026,157,4,17,1,155,158,0.321511,3,BETWEEN_0_AND_GATE,1,0,12
Deep-OC-SORT,dancetrack0026,162,12,9,1,161,164,0.554925,18,GE_GATE,1,0,15
Deep-OC-SORT,dancetrack0026,163,12,9,1,161,164,0.534512,18,GE_GATE,1,0,16
Deep-OC-SORT,dancetrack0026,166,12,9,1,165,168,0.443079,18,BETWEEN_0_AND_GATE,1,0,14
Deep-OC-SORT,dancetrack0026,167,12,9,1,165,168,0.440097,18,BETWEEN_0_AND_GATE,1,0,14
Deep-OC-SORT,dancetrack0026,168,30,8,1,167,172,0.764568,15,GE_GATE,1,0,13
Deep-OC-SORT,dancetrack0026,169,30,8,1,167,172,0.724185,15,GE_GATE,1,0,13
Deep-OC-SORT,dancetrack0026,170,30,8,1,167,172,0.659015,15,GE_GATE,1,0,11
Deep-OC-SORT,dancetrack0026,171,30,8,1,167,172,0.675408,15,GE_GATE,1,0,12
Deep-OC-SORT,dancetrack0026,200,24,2,1,199,202,0.783499,1,GE_GATE,1,0,13
Deep-OC-SORT,dancetrack0026,201,24,2,1,199,202,0.694226,1,GE_GATE,1,0,13
Deep-OC-SORT,dancetrack0026,203,34,14,1,202,205,0.203387,6,BETWEEN_0_AND_GATE,1,0,14
Deep-OC-SORT,dancetrack0026,204,34,14,1,202,205,0.265316,12,BETWEEN_0_AND_GATE,1,0,14
Deep-OC-SORT,dancetrack0026,216,7,5,1,215,219,0.44128,13,BETWEEN_0_AND_GATE,1,0,13
Deep-OC-SORT,dancetrack0026,217,7,5,1,215,219,0.385673,9,BETWEEN_0_AND_GATE,1,0,15
Deep-OC-SORT,dancetrack0026,218,7,5,1,215,219,0.469832,9,BETWEEN_0_AND_GATE,1,0,12
Deep-OC-SORT,dancetrack0026,220,31,13,1,219,226,0.490105,8,BETWEEN_0_AND_GATE,1,0,13
Deep-OC-SORT,dancetrack0026,221,31,13,1,219,226,0.470145,8,BETWEEN_0_AND_GATE,1,0,15
Deep-OC-SORT,dancetrack0026,222,9,12,1,221,225,0.269403,8,BETWEEN_0_AND_GATE,1,0,12
Deep-OC-SORT,dancetrack0026,222,31,13,1,219,226,0.456754,8,BETWEEN_0_AND_GATE,1,0,12
Deep-OC-SORT,dancetrack0026,223,9,12,1,221,225,0.294292,8,BETWEEN_0_AND_GATE,1,0,12
Deep-OC-SORT,dancetrack0026,223,31,13,1,219,226,0.438737,8,BETWEEN_0_AND_GATE,1,0,12
Deep-OC-SORT,dancetrack0026,224,9,12,1,221,225,0.327154,8,BETWEEN_0_AND_GATE,1,0,11
Deep-OC-SORT,dancetrack0026,224,31,13,1,219,226,0.45449,8,BETWEEN_0_AND_GATE,1,0,11
Deep-OC-SORT,dancetrack0026,225,31,13,1,219,226,0.657642,12,GE_GATE,1,0,12
Deep-OC-SORT,dancetrack0026,227,4,11,1,226,228,0.375701,8,BETWEEN_0_AND_GATE,1,0,13
Deep-OC-SORT,dancetrack0026,231,18,7,1,230,232,0.24113,8,BETWEEN_0_AND_GATE,1,0,11
Deep-OC-SORT,dancetrack0026,232,4,11,1,231,236,0.743484,13,GE_GATE,1,0,11
Deep-OC-SORT,dancetrack0026,233,4,11,1,231,236,0.419588,9,BETWEEN_0_AND_GATE,1,0,9
Deep-OC-SORT,dancetrack0026,233,8,3,1,232,235,0.288249,8,BETWEEN_0_AND_GATE,1,0,9
Deep-OC-SORT,dancetrack0026,234,4,11,1,231,236,0.349293,9,BETWEEN_0_AND_GATE,1,0,11
Deep-OC-SORT,dancetrack0026,234,8,3,1,232,235,0.250735,8,BETWEEN_0_AND_GATE,1,0,11
Deep-OC-SORT,dancetrack0026,235,4,11,1,231,236,0.210989,1,BETWEEN_0_AND_GATE,1,0,11
Deep-OC-SORT,dancetrack0026,239,8,3,1,238,243,0.177551,1,BETWEEN_0_AND_GATE,1,0,10
Deep-OC-SORT,dancetrack0026,240,8,3,1,238,243,0.328214,9,BETWEEN_0_AND_GATE,1,0,12
Deep-OC-SORT,dancetrack0026,241,8,3,1,238,243,0.319952,9,BETWEEN_0_AND_GATE,1,0,12
Deep-OC-SORT,dancetrack0026,242,4,11,1,241,243,0.629987,5,GE_GATE,1,0,11
Deep-OC-SORT,dancetrack0026,242,8,3,1,238,243,0.33701,9,BETWEEN_0_AND_GATE,1,0,11
Deep-OC-SORT,dancetrack0026,245,17,13,1,244,246,0.654687,5,GE_GATE,1,0,14
Deep-OC-SORT,dancetrack0026,246,4,11,1,245,247,0.638669,18,GE_GATE,1,0,14
Deep-OC-SORT,dancetrack0026,249,17,13,1,248,251,0.485929,18,BETWEEN_0_AND_GATE,1,0,13
Deep-OC-SORT,dancetrack0026,250,17,13,1,248,251,0.490952,18,BETWEEN_0_AND_GATE,1,0,13
Deep-OC-SORT,dancetrack0026,251,18,7,1,250,253,0.468956,5,BETWEEN_0_AND_GATE,1,0,12
Deep-OC-SORT,dancetrack0026,252,18,7,1,250,253,0.363601,5,BETWEEN_0_AND_GATE,1,0,12
Deep-OC-SORT,dancetrack0026,254,18,7,1,253,255,0.244079,18,BETWEEN_0_AND_GATE,1,0,11
Deep-OC-SORT,dancetrack0026,257,8,3,1,256,260,0.445306,5,BETWEEN_0_AND_GATE,1,0,11
Deep-OC-SORT,dancetrack0026,258,8,3,1,256,260,0.443892,5,BETWEEN_0_AND_GATE,1,0,11
Deep-OC-SORT,dancetrack0026,259,8,3,1,256,260,0.443595,5,BETWEEN_0_AND_GATE,1,0,10
Deep-OC-SORT,dancetrack0026,269,34,9,1,268,272,0.422211,18,BETWEEN_0_AND_GATE,1,0,8
Deep-OC-SORT,dancetrack0026,270,34,9,1,268,272,0.47589,18,BETWEEN_0_AND_GATE,1,0,8
Deep-OC-SORT,dancetrack0026,271,34,9,1,268,272,0.466435,18,BETWEEN_0_AND_GATE,1,0,8
Deep-OC-SORT,dancetrack0030,1232,5,0,1,1231,1234,0.568666,5,GE_GATE,1,0,5
Deep-OC-SORT,dancetrack0030,1233,5,0,1,1231,1234,0.533348,5,GE_GATE,1,0,5
Deep-OC-SORT,dancetrack0034,211,7,9,1,210,213,0.327682,10,BETWEEN_0_AND_GATE,1,0,13
Deep-OC-SORT,dancetrack0034,212,7,9,1,210,213,0.325747,10,BETWEEN_0_AND_GATE,1,0,12
Deep-OC-SORT,dancetrack0034,215,11,2,1,214,218,0.27212,10,BETWEEN_0_AND_GATE,1,0,13
Deep-OC-SORT,dancetrack0034,216,11,2,1,214,218,0.317753,10,BETWEEN_0_AND_GATE,1,0,13
Deep-OC-SORT,dancetrack0034,217,11,2,1,214,218,0.382116,10,BETWEEN_0_AND_GATE,1,0,12
Deep-OC-SORT,dancetrack0034,218,1,8,1,217,220,0.363228,10,BETWEEN_0_AND_GATE,1,0,11
Deep-OC-SORT,dancetrack0034,218,20,12,1,217,220,0.442701,5,BETWEEN_0_AND_GATE,1,0,11
Deep-OC-SORT,dancetrack0034,219,1,8,1,217,220,0.385731,10,BETWEEN_0_AND_GATE,1,0,11
Deep-OC-SORT,dancetrack0034,219,20,12,1,217,220,0.557392,5,GE_GATE,1,0,11
Deep-OC-SORT,dancetrack0034,239,1,8,1,238,241,0.576315,3,GE_GATE,1,0,12
Deep-OC-SORT,dancetrack0034,240,1,8,1,238,241,0.548384,3,GE_GATE,1,0,12
Deep-OC-SORT,dancetrack0034,243,20,12,1,242,246,0.347635,7,BETWEEN_0_AND_GATE,1,0,12
Deep-OC-SORT,dancetrack0034,244,20,12,1,242,246,0.325106,7,BETWEEN_0_AND_GATE,1,0,12
Deep-OC-SORT,dancetrack0034,245,20,12,1,242,246,0.31397,7,BETWEEN_0_AND_GATE,1,0,12
Deep-OC-SORT,dancetrack0034,250,7,9,1,249,251,0.712837,5,GE_GATE,1,0,10
Deep-OC-SORT,dancetrack0034,250,20,12,1,249,251,0.584625,13,GE_GATE,1,0,10
Deep-OC-SORT,dancetrack0034,251,1,8,1,250,257,0.648241,4,GE_GATE,1,0,11
Deep-OC-SORT,dancetrack0034,252,1,8,1,250,257,0.624198,4,GE_GATE,1,0,11
Deep-OC-SORT,dancetrack0034,253,1,8,1,250,257,0.631034,4,GE_GATE,1,0,11
Deep-OC-SORT,dancetrack0034,254,1,8,1,250,257,0.638297,4,GE_GATE,1,0,11
Deep-OC-SORT,dancetrack0034,255,1,8,1,250,257,0.649729,4,GE_GATE,1,0,11
Deep-OC-SORT,dancetrack0034,256,1,8,1,250,257,0.690295,4,GE_GATE,1,0,11
Deep-OC-SORT,dancetrack0034,343,23,13,1,342,348,0.445407,9,BETWEEN_0_AND_GATE,1,0,11
Deep-OC-SORT,dancetrack0034,344,23,13,1,342,348,0.56646,9,GE_GATE,1,0,11
Deep-OC-SORT,dancetrack0034,345,23,13,1,342,348,0.694371,9,GE_GATE,1,0,11
Deep-OC-SORT,dancetrack0034,346,23,13,1,342,348,0.678293,9,GE_GATE,1,0,11
Deep-OC-SORT,dancetrack0034,347,23,13,1,342,348,0.601179,9,GE_GATE,1,0,11
Deep-OC-SORT,dancetrack0034,351,20,11,1,350,353,0.759742,0,GE_GATE,1,0,11
Deep-OC-SORT,dancetrack0034,352,20,11,1,350,353,0.777408,0,GE_GATE,1,0,10
Deep-OC-SORT,dancetrack0034,396,7,7,1,395,404,0.39564,9,BETWEEN_0_AND_GATE,1,0,9
Deep-OC-SORT,dancetrack0034,397,7,7,1,395,404,0.387199,9,BETWEEN_0_AND_GATE,1,0,9
Deep-OC-SORT,dancetrack0034,398,7,7,1,395,404,0.386459,9,BETWEEN_0_AND_GATE,1,0,9
Deep-OC-SORT,dancetrack0034,399,7,7,1,395,404,0.389822,9,BETWEEN_0_AND_GATE,1,0,8
Deep-OC-SORT,dancetrack0034,400,7,7,1,395,404,0.403531,9,BETWEEN_0_AND_GATE,1,0,8
Deep-OC-SORT,dancetrack0034,401,7,7,1,395,404,0.429586,9,BETWEEN_0_AND_GATE,1,0,7
Deep-OC-SORT,dancetrack0034,401,28,10,1,400,405,0.647997,1,GE_GATE,1,0,7
Deep-OC-SORT,dancetrack0034,402,7,7,1,395,404,0.441562,9,BETWEEN_0_AND_GATE,1,0,7
Deep-OC-SORT,dancetrack0034,402,28,10,1,400,405,0.647062,1,GE_GATE,1,0,7
Deep-OC-SORT,dancetrack0034,403,7,7,1,395,404,0.453698,9,BETWEEN_0_AND_GATE,1,0,7
Deep-OC-SORT,dancetrack0034,403,28,10,1,400,405,0.639414,1,GE_GATE,1,0,7
Deep-OC-SORT,dancetrack0034,404,28,10,1,400,405,0.642815,1,GE_GATE,1,0,8
Deep-OC-SORT,dancetrack0034,482,7,7,1,481,486,0.685287,9,GE_GATE,1,0,10
Deep-OC-SORT,dancetrack0034,483,7,7,1,481,486,0.684986,9,GE_GATE,1,0,10
Deep-OC-SORT,dancetrack0034,484,7,7,1,481,486,0.686535,9,GE_GATE,1,0,9
Deep-OC-SORT,dancetrack0034,484,33,13,1,483,487,0.771821,0,GE_GATE,1,0,9
Deep-OC-SORT,dancetrack0034,485,7,7,1,481,486,0.658273,9,GE_GATE,1,0,9
Deep-OC-SORT,dancetrack0034,485,33,13,1,483,487,0.737258,0,GE_GATE,1,0,9
Deep-OC-SORT,dancetrack0034,486,33,13,1,483,487,0.650753,0,GE_GATE,1,0,10
Deep-OC-SORT,dancetrack0034,488,12,5,1,487,489,0.730382,2,GE_GATE,1,0,11
Deep-OC-SORT,dancetrack0034,492,35,11,1,491,494,0.529879,0,GE_GATE,1,0,11
Deep-OC-SORT,dancetrack0034,493,35,11,1,491,494,0.737544,0,GE_GATE,1,0,11
Deep-OC-SORT,dancetrack0034,517,35,11,1,516,522,0.436102,0,BETWEEN_0_AND_GATE,1,0,11
Deep-OC-SORT,dancetrack0034,518,35,11,1,516,522,0.447056,0,BETWEEN_0_AND_GATE,1,0,11
Deep-OC-SORT,dancetrack0034,519,35,11,1,516,522,0.463678,0,BETWEEN_0_AND_GATE,1,0,11
Deep-OC-SORT,dancetrack0034,520,35,11,1,516,522,0.474048,0,BETWEEN_0_AND_GATE,1,0,11
Deep-OC-SORT,dancetrack0034,521,35,11,1,516,522,0.482819,0,BETWEEN_0_AND_GATE,1,0,11
Deep-OC-SORT,dancetrack0034,537,12,5,1,536,540,0.501282,2,GE_GATE,1,0,12
Deep-OC-SORT,dancetrack0034,538,12,5,1,536,540,0.492794,2,BETWEEN_0_AND_GATE,1,0,12
Deep-OC-SORT,dancetrack0034,539,12,5,1,536,540,0.502447,2,GE_GATE,1,0,12
Deep-OC-SORT,dancetrack0034,543,37,13,1,542,547,0.6619,0,GE_GATE,1,0,12
Deep-OC-SORT,dancetrack0034,544,37,13,1,542,547,0.819562,0,GE_GATE,1,0,12
Deep-OC-SORT,dancetrack0034,545,37,13,1,542,547,0.614577,0,GE_GATE,1,0,12
Deep-OC-SORT,dancetrack0034,546,37,13,1,542,547,0.471341,0,BETWEEN_0_AND_GATE,1,0,12
Deep-OC-SORT,dancetrack0034,550,35,12,1,549,554,0.758113,13,GE_GATE,1,0,11
Deep-OC-SORT,dancetrack0034,551,35,12,1,549,554,0.670259,13,GE_GATE,1,0,11
Deep-OC-SORT,dancetrack0034,552,35,12,1,549,554,0.607657,13,GE_GATE,1,0,11
Deep-OC-SORT,dancetrack0034,553,35,12,1,549,554,0.575328,13,GE_GATE,1,0,11
Deep-OC-SORT,dancetrack0034,668,34,12,1,667,677,0.658127,13,GE_GATE,1,0,12
Deep-OC-SORT,dancetrack0034,669,34,12,1,667,677,0.656614,13,GE_GATE,1,0,12
Deep-OC-SORT,dancetrack0034,670,34,12,1,667,677,0.660778,13,GE_GATE,1,0,12
Deep-OC-SORT,dancetrack0034,671,34,12,1,667,677,0.650884,13,GE_GATE,1,0,12
Deep-OC-SORT,dancetrack0034,672,34,12,1,667,677,0.634242,13,GE_GATE,1,0,13
Deep-OC-SORT,dancetrack0034,673,34,12,1,667,677,0.611195,13,GE_GATE,1,0,13
Deep-OC-SORT,dancetrack0034,674,34,12,1,667,677,0.609278,13,GE_GATE,1,0,13
Deep-OC-SORT,dancetrack0034,675,34,12,1,667,677,0.61501,13,GE_GATE,1,0,13
Deep-OC-SORT,dancetrack0034,676,34,12,1,667,677,0.616241,13,GE_GATE,1,0,13
Deep-OC-SORT,dancetrack0034,728,40,3,1,727,735,0.380798,6,BETWEEN_0_AND_GATE,1,0,13
Deep-OC-SORT,dancetrack0034,729,5,9,1,728,731,0.48737,5,BETWEEN_0_AND_GATE,1,0,11
Deep-OC-SORT,dancetrack0034,729,40,3,1,727,735,0.384246,6,BETWEEN_0_AND_GATE,1,0,11
Deep-OC-SORT,dancetrack0034,730,5,9,1,728,731,0.437295,5,BETWEEN_0_AND_GATE,1,0,11
Deep-OC-SORT,dancetrack0034,730,40,3,1,727,735,0.367158,4,BETWEEN_0_AND_GATE,1,0,11
Deep-OC-SORT,dancetrack0034,731,40,3,1,727,735,0.420089,4,BETWEEN_0_AND_GATE,1,0,12
Deep-OC-SORT,dancetrack0034,732,40,3,1,727,735,0.413961,6,BETWEEN_0_AND_GATE,1,0,13
Deep-OC-SORT,dancetrack0034,733,40,3,1,727,735,0.412979,6,BETWEEN_0_AND_GATE,1,0,12
Deep-OC-SORT,dancetrack0034,734,40,3,1,727,735,0.416036,6,BETWEEN_0_AND_GATE,1,0,11
Deep-OC-SORT,dancetrack0034,884,40,3,1,883,891,0.612597,6,GE_GATE,1,0,11
Deep-OC-SORT,dancetrack0034,885,40,3,1,883,891,0.576251,6,GE_GATE,1,0,11
Deep-OC-SORT,dancetrack0034,886,40,3,1,883,891,0.567371,4,GE_GATE,1,0,11
Deep-OC-SORT,dancetrack0034,887,40,3,1,883,891,0.661073,4,GE_GATE,1,0,11
Deep-OC-SORT,dancetrack0034,888,40,3,1,883,891,0.638385,10,GE_GATE,1,0,12
Deep-OC-SORT,dancetrack0034,889,40,3,1,883,891,0.782022,10,GE_GATE,1,0,10
Deep-OC-SORT,dancetrack0034,890,40,3,1,883,891,0.855891,10,GE_GATE,1,0,10
Deep-OC-SORT,dancetrack0034,904,51,12,1,903,905,0.468505,0,BETWEEN_0_AND_GATE,1,0,11
Deep-OC-SORT,dancetrack0035,21,7,2,1,20,22,0.691902,6,GE_GATE,1,0,6
Deep-OC-SORT,dancetrack0035,64,3,0,1,63,74,0.598294,1,GE_GATE,1,0,7
Deep-OC-SORT,dancetrack0035,65,3,0,1,63,74,0.653043,1,GE_GATE,1,0,7
Deep-OC-SORT,dancetrack0035,66,3,0,1,63,74,0.680839,1,GE_GATE,1,0,7
Deep-OC-SORT,dancetrack0035,67,3,0,1,63,74,0.687354,1,GE_GATE,1,0,7
Deep-OC-SORT,dancetrack0035,68,3,0,1,63,74,0.679166,1,GE_GATE,1,0,7
Deep-OC-SORT,dancetrack0035,69,3,0,1,63,74,0.572401,1,GE_GATE,1,0,7
Deep-OC-SORT,dancetrack0035,70,3,0,1,63,74,0.571649,1,GE_GATE,1,0,7
Deep-OC-SORT,dancetrack0035,71,3,0,1,63,74,0.58748,1,GE_GATE,1,0,7
Deep-OC-SORT,dancetrack0035,72,3,0,1,63,74,0.560979,1,GE_GATE,1,0,7
Deep-OC-SORT,dancetrack0035,73,3,0,1,63,74,0.5771,1,GE_GATE,1,0,7
Deep-OC-SORT,dancetrack0035,75,3,0,1,74,77,0.602311,1,GE_GATE,1,0,7
Deep-OC-SORT,dancetrack0035,76,3,0,1,74,77,0.574911,1,GE_GATE,1,0,7
Deep-OC-SORT,dancetrack0035,349,10,3,1,348,352,0.64017,5,GE_GATE,1,0,7
Deep-OC-SORT,dancetrack0035,350,10,3,1,348,352,0.628263,5,GE_GATE,1,0,7
Deep-OC-SORT,dancetrack0035,351,10,3,1,348,352,0.61636,5,GE_GATE,1,0,7
Deep-OC-SORT,dancetrack0035,361,10,3,1,360,364,0.555617,5,GE_GATE,1,0,7
Deep-OC-SORT,dancetrack0035,362,10,3,1,360,364,0.615568,5,GE_GATE,1,0,7
Deep-OC-SORT,dancetrack0035,363,10,3,1,360,364,0.518829,5,GE_GATE,1,0,7
Deep-OC-SORT,dancetrack0035,419,10,3,1,418,422,0.496523,5,BETWEEN_0_AND_GATE,1,0,7
Deep-OC-SORT,dancetrack0035,420,10,3,1,418,422,0.508297,5,GE_GATE,1,0,7
Deep-OC-SORT,dancetrack0035,421,10,3,1,418,422,0.521252,5,GE_GATE,1,0,7
Deep-OC-SORT,dancetrack0035,422,5,1,1,421,428,0.495869,0,BETWEEN_0_AND_GATE,1,0,7
Deep-OC-SORT,dancetrack0035,423,5,1,1,421,428,0.571142,4,GE_GATE,1,0,7
Deep-OC-SORT,dancetrack0035,424,5,1,1,421,428,0.80192,4,GE_GATE,1,0,7
Deep-OC-SORT,dancetrack0035,425,4,6,1,424,426,0.504494,7,GE_GATE,1,0,6
Deep-OC-SORT,dancetrack0035,425,5,1,1,421,428,0.698928,4,GE_GATE,1,0,6
Deep-OC-SORT,dancetrack0035,426,5,1,1,421,428,0.541216,4,GE_GATE,1,0,7
Deep-OC-SORT,dancetrack0035,427,5,1,1,421,428,0.543713,4,GE_GATE,1,0,7
Deep-OC-SORT,dancetrack0035,430,4,6,1,429,433,0.342502,2,BETWEEN_0_AND_GATE,1,0,6
Deep-OC-SORT,dancetrack0035,431,4,6,1,429,433,0.350248,2,BETWEEN_0_AND_GATE,1,0,6
Deep-OC-SORT,dancetrack0035,432,4,6,1,429,433,0.372102,2,BETWEEN_0_AND_GATE,1,0,6
Deep-OC-SORT,dancetrack0041,48,6,16,1,47,50,0.594651,19,GE_GATE,1,0,9
Deep-OC-SORT,dancetrack0041,49,6,16,1,47,50,0.692378,19,GE_GATE,1,0,9
Deep-OC-SORT,dancetrack0041,55,1,14,1,54,56,0.744924,18,GE_GATE,1,0,10
Deep-OC-SORT,dancetrack0041,58,2,17,1,57,60,0.513762,19,GE_GATE,1,0,10
Deep-OC-SORT,dancetrack0041,59,2,17,1,57,60,0.61486,19,GE_GATE,1,0,8
Deep-OC-SORT,dancetrack0041,59,6,16,1,58,62,0.783378,1,GE_GATE,1,0,8
Deep-OC-SORT,dancetrack0041,60,6,16,1,58,62,0.67188,1,GE_GATE,1,0,10
Deep-OC-SORT,dancetrack0041,61,6,16,1,58,62,0.56137,1,GE_GATE,1,0,10
Deep-OC-SORT,dancetrack0041,63,3,21,1,62,65,0.815527,18,GE_GATE,1,0,10
Deep-OC-SORT,dancetrack0041,64,3,21,1,62,65,0.798666,18,GE_GATE,1,0,10
Deep-OC-SORT,dancetrack0041,69,2,17,1,68,71,0.713497,1,GE_GATE,1,0,9
Deep-OC-SORT,dancetrack0041,70,2,17,1,68,71,0.66001,1,GE_GATE,1,0,10
Deep-OC-SORT,dancetrack0041,72,6,16,1,71,74,0.820959,18,GE_GATE,1,0,10
Deep-OC-SORT,dancetrack0041,73,6,16,1,71,74,0.809264,18,GE_GATE,1,0,10
Deep-OC-SORT,dancetrack0041,80,3,21,1,79,82,0.597543,14,GE_GATE,1,0,10
Deep-OC-SORT,dancetrack0041,80,9,7,1,79,82,0.748848,1,GE_GATE,1,0,10
Deep-OC-SORT,dancetrack0041,81,3,21,1,79,82,0.589493,14,GE_GATE,1,0,10
Deep-OC-SORT,dancetrack0041,81,9,7,1,79,82,0.644548,1,GE_GATE,1,0,10
Deep-OC-SORT,dancetrack0041,83,2,17,1,82,86,0.869708,18,GE_GATE,1,0,10
Deep-OC-SORT,dancetrack0041,83,14,13,1,82,87,0.695165,0,GE_GATE,1,0,10
Deep-OC-SORT,dancetrack0041,84,2,17,1,82,86,0.704672,18,GE_GATE,1,0,10
Deep-OC-SORT,dancetrack0041,84,14,13,1,82,87,0.733902,0,GE_GATE,1,0,10
Deep-OC-SORT,dancetrack0041,85,2,17,1,82,86,0.610748,18,GE_GATE,1,0,10
Deep-OC-SORT,dancetrack0041,85,14,13,1,82,87,0.662267,0,GE_GATE,1,0,10
Deep-OC-SORT,dancetrack0041,86,14,13,1,82,87,0.549724,0,GE_GATE,1,0,11
Deep-OC-SORT,dancetrack0041,90,6,16,1,89,93,0.587752,14,GE_GATE,1,0,11
Deep-OC-SORT,dancetrack0041,91,6,16,1,89,93,0.625912,14,GE_GATE,1,0,11
Deep-OC-SORT,dancetrack0041,92,6,16,1,89,93,0.566389,14,GE_GATE,1,0,11
Deep-OC-SORT,dancetrack0041,93,12,15,1,92,94,0.726848,1,GE_GATE,1,0,11
Deep-OC-SORT,dancetrack0041,102,2,17,1,101,104,0.691179,14,GE_GATE,1,0,9
Deep-OC-SORT,dancetrack0041,102,6,16,1,101,108,0.689027,21,GE_GATE,1,0,9
Deep-OC-SORT,dancetrack0041,103,2,17,1,101,104,0.628257,14,GE_GATE,1,0,9
Deep-OC-SORT,dancetrack0041,103,6,16,1,101,108,0.72831,21,GE_GATE,1,0,9
Deep-OC-SORT,dancetrack0041,104,6,16,1,101,108,0.749919,21,GE_GATE,1,0,10
Deep-OC-SORT,dancetrack0041,105,6,16,1,101,108,0.807308,21,GE_GATE,1,0,10
Deep-OC-SORT,dancetrack0041,106,6,16,1,101,108,0.805228,21,GE_GATE,1,0,10
Deep-OC-SORT,dancetrack0041,107,6,16,1,101,108,0.735347,21,GE_GATE,1,0,9
Deep-OC-SORT,dancetrack0041,107,12,15,1,106,110,0.65825,18,GE_GATE,1,0,9
Deep-OC-SORT,dancetrack0041,108,12,15,1,106,110,0.819526,18,GE_GATE,1,0,9
Deep-OC-SORT,dancetrack0041,109,12,15,1,106,110,0.759752,18,GE_GATE,1,0,10
Deep-OC-SORT,dancetrack0041,114,5,19,1,113,116,0.582208,0,GE_GATE,1,0,11
Deep-OC-SORT,dancetrack0041,114,9,7,1,113,117,0.773806,14,GE_GATE,1,0,11
Deep-OC-SORT,dancetrack0041,115,5,19,1,113,116,0.581242,0,GE_GATE,1,0,11
Deep-OC-SORT,dancetrack0041,115,9,7,1,113,117,0.746494,14,GE_GATE,1,0,11
Deep-OC-SORT,dancetrack0041,116,2,17,1,115,118,0.66408,21,GE_GATE,1,0,11
Deep-OC-SORT,dancetrack0041,116,9,7,1,113,117,0.55687,14,GE_GATE,1,0,11
Deep-OC-SORT,dancetrack0041,117,2,17,1,115,118,0.65369,21,GE_GATE,1,0,12
Deep-OC-SORT,dancetrack0041,120,14,13,1,119,123,0.63549,18,GE_GATE,1,0,11
Deep-OC-SORT,dancetrack0041,121,14,13,1,119,123,0.633647,18,GE_GATE,1,0,11
Deep-OC-SORT,dancetrack0041,122,14,13,1,119,123,0.663181,18,GE_GATE,1,0,11
Deep-OC-SORT,dancetrack0041,124,7,1,1,123,126,0.686187,0,GE_GATE,1,0,10
Deep-OC-SORT,dancetrack0041,124,12,15,1,123,127,0.848379,14,GE_GATE,1,0,10
Deep-OC-SORT,dancetrack0041,125,7,1,1,123,126,0.650472,0,GE_GATE,1,0,10
Deep-OC-SORT,dancetrack0041,125,12,15,1,123,127,0.719415,14,GE_GATE,1,0,10
Deep-OC-SORT,dancetrack0041,126,12,15,1,123,127,0.641361,14,GE_GATE,1,0,11
Deep-OC-SORT,dancetrack0041,130,9,7,1,129,132,0.804701,21,GE_GATE,1,0,9
Deep-OC-SORT,dancetrack0041,131,9,7,1,129,132,0.661945,21,GE_GATE,1,0,10
Deep-OC-SORT,dancetrack0041,134,7,1,1,133,137,0.575301,19,GE_GATE,1,0,12
Deep-OC-SORT,dancetrack0041,135,7,1,1,133,137,0.769354,19,GE_GATE,1,0,11
Deep-OC-SORT,dancetrack0041,136,7,1,1,133,137,0.857591,19,GE_GATE,1,0,11
Deep-OC-SORT,dancetrack0041,141,12,15,1,140,143,0.741468,21,GE_GATE,1,0,10
Deep-OC-SORT,dancetrack0041,142,12,15,1,140,143,0.663546,21,GE_GATE,1,0,9
Deep-OC-SORT,dancetrack0041,152,13,18,1,151,154,0.832161,1,GE_GATE,1,0,10
Deep-OC-SORT,dancetrack0041,153,13,18,1,151,154,0.724286,1,GE_GATE,1,0,11
Deep-OC-SORT,dancetrack0041,154,3,21,1,153,156,0.430276,0,BETWEEN_0_AND_GATE,1,0,11
Deep-OC-SORT,dancetrack0041,155,3,21,1,153,156,0.312381,0,BETWEEN_0_AND_GATE,1,0,11
Deep-OC-SORT,dancetrack0041,163,1,13,1,162,168,0.569593,0,GE_GATE,1,0,12
Deep-OC-SORT,dancetrack0041,164,1,13,1,162,168,0.630443,16,GE_GATE,1,0,11
Deep-OC-SORT,dancetrack0041,165,1,13,1,162,168,0.65839,16,GE_GATE,1,0,11
Deep-OC-SORT,dancetrack0041,166,1,13,1,162,168,0.746703,16,GE_GATE,1,0,12
Deep-OC-SORT,dancetrack0041,167,1,13,1,162,168,0.911271,16,GE_GATE,1,0,11
Deep-OC-SORT,dancetrack0041,168,9,16,1,167,170,0.568615,0,GE_GATE,1,0,11
Deep-OC-SORT,dancetrack0041,169,9,16,1,167,170,0.547281,0,GE_GATE,1,0,11
Deep-OC-SORT,dancetrack0041,188,12,15,1,187,196,0.527257,17,GE_GATE,1,0,12
Deep-OC-SORT,dancetrack0041,189,12,15,1,187,196,0.537805,17,GE_GATE,1,0,12
Deep-OC-SORT,dancetrack0041,190,12,15,1,187,196,0.585259,17,GE_GATE,1,0,11
Deep-OC-SORT,dancetrack0041,191,12,15,1,187,196,0.591881,17,GE_GATE,1,0,11
Deep-OC-SORT,dancetrack0041,192,12,15,1,187,196,0.743581,17,GE_GATE,1,0,11
Deep-OC-SORT,dancetrack0041,193,12,15,1,187,196,0.686334,17,GE_GATE,1,0,11
Deep-OC-SORT,dancetrack0041,194,12,15,1,187,196,0.539037,17,GE_GATE,1,0,11
Deep-OC-SORT,dancetrack0041,195,12,15,1,187,196,0.572622,17,GE_GATE,1,0,11
Deep-OC-SORT,dancetrack0041,228,12,15,1,227,235,0.362728,7,BETWEEN_0_AND_GATE,1,0,12
Deep-OC-SORT,dancetrack0041,229,12,15,1,227,235,0.346819,7,BETWEEN_0_AND_GATE,1,0,12
Deep-OC-SORT,dancetrack0041,230,12,15,1,227,235,0.398732,7,BETWEEN_0_AND_GATE,1,0,12
Deep-OC-SORT,dancetrack0041,231,12,15,1,227,235,0.411696,7,BETWEEN_0_AND_GATE,1,0,11
Deep-OC-SORT,dancetrack0041,232,12,15,1,227,235,0.495125,7,BETWEEN_0_AND_GATE,1,0,12
Deep-OC-SORT,dancetrack0041,233,12,15,1,227,235,0.633477,7,GE_GATE,1,0,12
Deep-OC-SORT,dancetrack0041,234,12,15,1,227,235,0.702366,7,GE_GATE,1,0,12
Deep-OC-SORT,dancetrack0041,253,6,7,1,252,256,0.497386,0,BETWEEN_0_AND_GATE,1,0,14
Deep-OC-SORT,dancetrack0041,254,6,7,1,252,256,0.441345,0,BETWEEN_0_AND_GATE,1,0,15
Deep-OC-SORT,dancetrack0041,255,6,7,1,252,256,0.439408,0,BETWEEN_0_AND_GATE,1,0,15
Deep-OC-SORT,dancetrack0041,262,1,17,1,261,266,0.398774,1,BETWEEN_0_AND_GATE,1,0,14
Deep-OC-SORT,dancetrack0041,263,1,17,1,261,266,0.468311,1,BETWEEN_0_AND_GATE,1,0,13
Deep-OC-SORT,dancetrack0041,264,1,17,1,261,266,0.51346,1,GE_GATE,1,0,13
Deep-OC-SORT,dancetrack0041,265,1,17,1,261,266,0.581687,1,GE_GATE,1,0,14
Deep-OC-SORT,dancetrack0041,275,22,2,1,274,277,0.5688,0,GE_GATE,1,0,14
Deep-OC-SORT,dancetrack0041,276,22,2,1,274,277,0.480618,0,BETWEEN_0_AND_GATE,1,0,14
Deep-OC-SORT,dancetrack0041,285,22,2,1,284,287,0.510251,19,GE_GATE,1,0,15
Deep-OC-SORT,dancetrack0041,286,22,2,1,284,287,0.53731,19,GE_GATE,1,0,15
Deep-OC-SORT,dancetrack0041,291,24,10,1,290,293,0.510082,0,GE_GATE,1,0,13
Deep-OC-SORT,dancetrack0041,292,24,10,1,290,293,0.486033,0,BETWEEN_0_AND_GATE,1,0,13
Deep-OC-SORT,dancetrack0041,293,6,7,1,292,295,0.448138,18,BETWEEN_0_AND_GATE,1,0,13
Deep-OC-SORT,dancetrack0041,293,22,2,1,292,295,0.643296,1,GE_GATE,1,0,13
Deep-OC-SORT,dancetrack0041,294,6,7,1,292,295,0.428321,18,BETWEEN_0_AND_GATE,1,0,13
Deep-OC-SORT,dancetrack0041,294,22,2,1,292,295,0.655154,1,GE_GATE,1,0,13
Deep-OC-SORT,dancetrack0041,310,24,10,1,309,312,0.568223,1,GE_GATE,1,0,14
Deep-OC-SORT,dancetrack0041,311,24,10,1,309,312,0.542496,1,GE_GATE,1,0,14
Deep-OC-SORT,dancetrack0041,314,22,2,1,313,317,0.806985,7,GE_GATE,1,0,15
Deep-OC-SORT,dancetrack0041,315,22,2,1,313,317,0.772569,14,GE_GATE,1,0,14
Deep-OC-SORT,dancetrack0041,316,22,2,1,313,317,0.727912,7,GE_GATE,1,0,14
Deep-OC-SORT,dancetrack0041,318,2,12,1,317,319,0.745227,4,GE_GATE,1,0,13
Deep-OC-SORT,dancetrack0041,325,6,2,1,324,328,0.708885,21,GE_GATE,1,0,13
Deep-OC-SORT,dancetrack0041,326,6,2,1,324,328,0.72966,21,GE_GATE,1,0,14
Deep-OC-SORT,dancetrack0041,327,6,2,1,324,328,0.537903,21,GE_GATE,1,0,12
Deep-OC-SORT,dancetrack0041,332,24,10,1,331,335,0.603031,14,GE_GATE,1,0,15
Deep-OC-SORT,dancetrack0041,333,24,10,1,331,335,0.391975,14,BETWEEN_0_AND_GATE,1,0,14
Deep-OC-SORT,dancetrack0041,333,25,11,1,332,334,0.493009,18,BETWEEN_0_AND_GATE,1,0,14
Deep-OC-SORT,dancetrack0041,334,24,10,1,331,335,0.379596,14,BETWEEN_0_AND_GATE,1,0,15
Deep-OC-SORT,dancetrack0041,336,6,2,1,335,339,0.821932,16,GE_GATE,1,0,14
Deep-OC-SORT,dancetrack0041,337,6,2,1,335,339,0.706451,16,GE_GATE,1,0,13
Deep-OC-SORT,dancetrack0041,338,6,2,1,335,339,0.672932,16,GE_GATE,1,0,14
Deep-OC-SORT,dancetrack0041,343,24,10,1,342,345,0.660437,21,GE_GATE,1,0,12
Deep-OC-SORT,dancetrack0041,343,25,11,1,342,345,0.667164,14,GE_GATE,1,0,12
Deep-OC-SORT,dancetrack0041,344,24,10,1,342,345,0.510147,21,GE_GATE,1,0,13
Deep-OC-SORT,dancetrack0041,344,25,11,1,342,345,0.621075,14,GE_GATE,1,0,13
Deep-OC-SORT,dancetrack0041,351,28,4,1,350,353,0.664083,14,GE_GATE,1,0,16
Deep-OC-SORT,dancetrack0041,352,28,4,1,350,353,0.551411,14,GE_GATE,1,0,16
Deep-OC-SORT,dancetrack0041,354,25,11,1,353,356,0.608818,21,GE_GATE,1,0,16
Deep-OC-SORT,dancetrack0041,355,25,11,1,353,356,0.643524,21,GE_GATE,1,0,16
Deep-OC-SORT,dancetrack0041,363,24,10,1,362,365,0.704075,2,GE_GATE,1,0,18
Deep-OC-SORT,dancetrack0041,364,24,10,1,362,365,0.692059,2,GE_GATE,1,0,17
Deep-OC-SORT,dancetrack0041,377,28,11,1,376,381,0.563785,2,GE_GATE,1,0,16
Deep-OC-SORT,dancetrack0041,378,28,11,1,376,381,0.570997,2,GE_GATE,1,0,16
Deep-OC-SORT,dancetrack0041,379,28,11,1,376,381,0.479379,2,BETWEEN_0_AND_GATE,1,0,17
Deep-OC-SORT,dancetrack0041,380,28,11,1,376,381,0.416069,2,BETWEEN_0_AND_GATE,1,0,18
Deep-OC-SORT,dancetrack0041,385,33,15,1,384,392,0.674932,16,GE_GATE,1,0,20
Deep-OC-SORT,dancetrack0041,386,33,15,1,384,392,0.653672,16,GE_GATE,1,0,20
Deep-OC-SORT,dancetrack0041,387,33,15,1,384,392,0.574329,16,GE_GATE,1,0,20
Deep-OC-SORT,dancetrack0041,388,33,15,1,384,392,0.537683,16,GE_GATE,1,0,20
Deep-OC-SORT,dancetrack0041,389,25,4,1,388,393,0.698808,2,GE_GATE,1,0,19
Deep-OC-SORT,dancetrack0041,389,33,15,1,384,392,0.433065,16,BETWEEN_0_AND_GATE,1,0,19
Deep-OC-SORT,dancetrack0041,390,25,4,1,388,393,0.639838,2,GE_GATE,1,0,18
Deep-OC-SORT,dancetrack0041,390,33,15,1,384,392,0.41451,16,BETWEEN_0_AND_GATE,1,0,18
Deep-OC-SORT,dancetrack0041,391,25,4,1,388,393,0.506081,2,GE_GATE,1,0,18
Deep-OC-SORT,dancetrack0041,391,33,15,1,384,392,0.391377,16,BETWEEN_0_AND_GATE,1,0,18
Deep-OC-SORT,dancetrack0041,392,25,4,1,388,393,0.422814,2,BETWEEN_0_AND_GATE,1,0,19
Deep-OC-SORT,dancetrack0041,484,36,5,1,483,487,0.566998,3,GE_GATE,1,0,18
Deep-OC-SORT,dancetrack0041,485,36,5,1,483,487,0.494156,3,BETWEEN_0_AND_GATE,1,0,18
Deep-OC-SORT,dancetrack0041,486,36,5,1,483,487,0.478581,3,BETWEEN_0_AND_GATE,1,0,18
Deep-OC-SORT,dancetrack0041,608,5,19,1,607,609,0.759593,0,GE_GATE,1,0,17
Deep-OC-SORT,dancetrack0041,613,26,13,1,612,616,0.665023,9,GE_GATE,1,0,19
Deep-OC-SORT,dancetrack0041,614,26,13,1,612,616,0.659905,9,GE_GATE,1,0,20
Deep-OC-SORT,dancetrack0041,615,26,13,1,612,616,0.626471,9,GE_GATE,1,0,20
Deep-OC-SORT,dancetrack0041,627,6,15,1,626,633,0.624192,8,GE_GATE,1,0,19
Deep-OC-SORT,dancetrack0041,628,6,15,1,626,633,0.697604,8,GE_GATE,1,0,19
Deep-OC-SORT,dancetrack0041,629,6,15,1,626,633,0.679871,8,GE_GATE,1,0,20
Deep-OC-SORT,dancetrack0041,630,6,15,1,626,633,0.595998,8,GE_GATE,1,0,19
Deep-OC-SORT,dancetrack0041,631,6,15,1,626,633,0.57251,8,GE_GATE,1,0,19
Deep-OC-SORT,dancetrack0041,632,6,15,1,626,633,0.477631,8,BETWEEN_0_AND_GATE,1,0,19
Deep-OC-SORT,dancetrack0041,633,26,13,1,632,637,0.658118,10,GE_GATE,1,0,19
Deep-OC-SORT,dancetrack0041,633,48,7,1,632,638,0.708369,6,GE_GATE,1,0,19
Deep-OC-SORT,dancetrack0041,634,26,13,1,632,637,0.67345,10,GE_GATE,1,0,18
Deep-OC-SORT,dancetrack0041,634,48,7,1,632,638,0.690306,6,GE_GATE,1,0,18
Deep-OC-SORT,dancetrack0041,635,26,13,1,632,637,0.598106,10,GE_GATE,1,0,18
Deep-OC-SORT,dancetrack0041,635,48,7,1,632,638,0.606913,6,GE_GATE,1,0,18
Deep-OC-SORT,dancetrack0041,636,26,13,1,632,637,0.50199,10,GE_GATE,1,0,18
Deep-OC-SORT,dancetrack0041,636,48,7,1,632,638,0.418528,6,BETWEEN_0_AND_GATE,1,0,18
Deep-OC-SORT,dancetrack0041,637,48,7,1,632,638,0.402951,6,BETWEEN_0_AND_GATE,1,0,19
Deep-OC-SORT,dancetrack0041,643,6,15,1,642,650,0.627839,11,GE_GATE,1,0,19
Deep-OC-SORT,dancetrack0041,644,6,15,1,642,650,0.710579,11,GE_GATE,1,0,19
Deep-OC-SORT,dancetrack0041,645,6,15,1,642,650,0.737613,11,GE_GATE,1,0,19
Deep-OC-SORT,dancetrack0041,646,6,15,1,642,650,0.710708,11,GE_GATE,1,0,20
Deep-OC-SORT,dancetrack0041,647,6,15,1,642,650,0.683908,11,GE_GATE,1,0,20
Deep-OC-SORT,dancetrack0041,648,6,15,1,642,650,0.564915,11,GE_GATE,1,0,19
Deep-OC-SORT,dancetrack0041,649,6,15,1,642,650,0.507344,11,GE_GATE,1,0,20
Deep-OC-SORT,dancetrack0041,656,26,13,1,655,661,0.567832,8,GE_GATE,1,0,21
Deep-OC-SORT,dancetrack0041,657,26,13,1,655,661,0.560996,8,GE_GATE,1,0,21
Deep-OC-SORT,dancetrack0041,658,26,13,1,655,661,0.529523,8,GE_GATE,1,0,20
Deep-OC-SORT,dancetrack0041,659,26,13,1,655,661,0.521102,8,GE_GATE,1,0,20
Deep-OC-SORT,dancetrack0041,660,26,13,1,655,661,0.449487,8,BETWEEN_0_AND_GATE,1,0,20
Deep-OC-SORT,dancetrack0041,660,59,4,1,659,666,0.618829,3,GE_GATE,1,0,20
Deep-OC-SORT,dancetrack0041,661,9,16,1,660,663,0.516616,0,GE_GATE,1,0,20
Deep-OC-SORT,dancetrack0041,661,59,4,1,659,666,0.653499,3,GE_GATE,1,0,20
Deep-OC-SORT,dancetrack0041,662,9,16,1,660,663,0.506073,0,GE_GATE,1,0,19
Deep-OC-SORT,dancetrack0041,662,59,4,1,659,666,0.68634,3,GE_GATE,1,0,19
Deep-OC-SORT,dancetrack0041,663,59,4,1,659,666,0.697886,3,GE_GATE,1,0,20
Deep-OC-SORT,dancetrack0041,664,6,15,1,663,667,0.766753,6,GE_GATE,1,0,18
Deep-OC-SORT,dancetrack0041,664,59,4,1,659,666,0.665376,3,GE_GATE,1,0,18
Deep-OC-SORT,dancetrack0041,665,6,15,1,663,667,0.654877,6,GE_GATE,1,0,18
Deep-OC-SORT,dancetrack0041,665,59,4,1,659,666,0.695973,3,GE_GATE,1,0,18
Deep-OC-SORT,dancetrack0041,666,6,15,1,663,667,0.546378,6,GE_GATE,1,0,19
Deep-OC-SORT,dancetrack0041,669,2,12,1,668,674,0.601651,10,GE_GATE,1,0,18
Deep-OC-SORT,dancetrack0041,670,2,12,1,668,674,0.527369,10,GE_GATE,1,0,16
Deep-OC-SORT,dancetrack0041,670,57,2,1,669,671,0.31686,0,BETWEEN_0_AND_GATE,1,0,16
Deep-OC-SORT,dancetrack0041,671,2,12,1,668,674,0.491865,10,BETWEEN_0_AND_GATE,1,0,18
Deep-OC-SORT,dancetrack0041,672,2,12,1,668,674,0.413621,10,BETWEEN_0_AND_GATE,1,0,19
Deep-OC-SORT,dancetrack0041,673,2,12,1,668,674,0.345349,10,BETWEEN_0_AND_GATE,1,0,19
Deep-OC-SORT,dancetrack0041,674,26,13,1,673,678,0.679254,11,GE_GATE,1,0,19
Deep-OC-SORT,dancetrack0041,675,26,13,1,673,678,0.638939,11,GE_GATE,1,0,18
Deep-OC-SORT,dancetrack0041,676,26,13,1,673,678,0.574691,11,GE_GATE,1,0,20
Deep-OC-SORT,dancetrack0041,677,26,13,1,673,678,0.508993,11,GE_GATE,1,0,21
Deep-OC-SORT,dancetrack0041,681,6,15,1,680,683,0.718439,5,GE_GATE,1,0,21
Deep-OC-SORT,dancetrack0041,682,6,15,1,680,683,0.767892,5,GE_GATE,1,0,20
Deep-OC-SORT,dancetrack0041,692,26,13,1,691,693,0.648344,6,GE_GATE,1,0,19
Deep-OC-SORT,dancetrack0041,701,55,9,1,700,704,0.726133,18,GE_GATE,1,0,20
Deep-OC-SORT,dancetrack0041,702,55,9,1,700,704,0.577879,18,GE_GATE,1,0,20
Deep-OC-SORT,dancetrack0041,703,55,9,1,700,704,0.4953,18,BETWEEN_0_AND_GATE,1,0,20
Deep-OC-SORT,dancetrack0041,704,9,2,1,703,706,0.643917,21,GE_GATE,1,0,20
Deep-OC-SORT,dancetrack0041,705,9,2,1,703,706,0.581021,21,GE_GATE,1,0,19
Deep-OC-SORT,dancetrack0041,710,36,10,1,709,712,0.638644,18,GE_GATE,1,0,18
Deep-OC-SORT,dancetrack0041,711,36,10,1,709,712,0.494413,18,BETWEEN_0_AND_GATE,1,0,18
Deep-OC-SORT,dancetrack0041,715,55,9,1,714,716,0.779717,14,GE_GATE,1,0,18
Deep-OC-SORT,dancetrack0041,719,50,8,1,718,722,0.597108,18,GE_GATE,1,0,19
Deep-OC-SORT,dancetrack0041,720,50,8,1,718,722,0.455156,18,BETWEEN_0_AND_GATE,1,0,21
Deep-OC-SORT,dancetrack0041,721,50,8,1,718,722,0.390444,18,BETWEEN_0_AND_GATE,1,0,21
Deep-OC-SORT,dancetrack0041,726,36,10,1,725,728,0.679943,14,GE_GATE,1,0,21
Deep-OC-SORT,dancetrack0041,727,36,10,1,725,728,0.670515,14,GE_GATE,1,0,21
Deep-OC-SORT,dancetrack0041,752,44,5,1,751,753,0.400474,18,BETWEEN_0_AND_GATE,1,0,20
Deep-OC-SORT,dancetrack0041,760,24,3,1,759,761,0.428872,18,BETWEEN_0_AND_GATE,1,0,19
Deep-OC-SORT,dancetrack0041,768,59,4,1,767,769,0.46726,18,BETWEEN_0_AND_GATE,1,0,19
Deep-OC-SORT,dancetrack0041,787,2,11,1,786,793,0.44349,0,BETWEEN_0_AND_GATE,1,0,19
Deep-OC-SORT,dancetrack0041,788,2,11,1,786,793,0.467403,0,BETWEEN_0_AND_GATE,1,0,19
Deep-OC-SORT,dancetrack0041,789,2,11,1,786,793,0.498354,0,BETWEEN_0_AND_GATE,1,0,19
Deep-OC-SORT,dancetrack0041,790,2,11,1,786,793,0.430616,0,BETWEEN_0_AND_GATE,1,0,18
Deep-OC-SORT,dancetrack0041,790,4,8,1,789,796,0.453303,19,BETWEEN_0_AND_GATE,1,0,18
Deep-OC-SORT,dancetrack0041,791,2,11,1,786,793,0.393025,0,BETWEEN_0_AND_GATE,1,0,17
Deep-OC-SORT,dancetrack0041,791,4,8,1,789,796,0.529297,19,GE_GATE,1,0,17
Deep-OC-SORT,dancetrack0041,791,36,10,1,790,793,0.414476,1,BETWEEN_0_AND_GATE,1,0,17
Deep-OC-SORT,dancetrack0041,792,2,11,1,786,793,0.359222,0,BETWEEN_0_AND_GATE,1,0,17
Deep-OC-SORT,dancetrack0041,792,4,8,1,789,796,0.468688,19,BETWEEN_0_AND_GATE,1,0,17
Deep-OC-SORT,dancetrack0041,792,36,10,1,790,793,0.39662,1,BETWEEN_0_AND_GATE,1,0,17
Deep-OC-SORT,dancetrack0041,793,4,8,1,789,796,0.41142,19,BETWEEN_0_AND_GATE,1,0,19
Deep-OC-SORT,dancetrack0041,794,4,8,1,789,796,0.535476,19,GE_GATE,1,0,19
Deep-OC-SORT,dancetrack0041,795,4,8,1,789,796,0.506057,19,GE_GATE,1,0,19
Deep-OC-SORT,dancetrack0041,816,47,6,1,815,819,0.521838,0,GE_GATE,1,0,19
Deep-OC-SORT,dancetrack0041,817,47,6,1,815,819,0.463258,0,BETWEEN_0_AND_GATE,1,0,19
Deep-OC-SORT,dancetrack0041,818,47,6,1,815,819,0.379808,0,BETWEEN_0_AND_GATE,1,0,19
Deep-OC-SORT,dancetrack0041,820,24,3,1,819,822,0.531517,21,GE_GATE,1,0,19
Deep-OC-SORT,dancetrack0041,821,24,3,1,819,822,0.474326,21,BETWEEN_0_AND_GATE,1,0,19
Deep-OC-SORT,dancetrack0041,837,4,8,1,836,844,0.681109,1,GE_GATE,1,0,18
Deep-OC-SORT,dancetrack0041,838,4,8,1,836,844,0.618261,1,GE_GATE,1,0,17
Deep-OC-SORT,dancetrack0041,839,4,8,1,836,844,0.672177,1,GE_GATE,1,0,17
Deep-OC-SORT,dancetrack0041,840,4,8,1,836,844,0.657579,1,GE_GATE,1,0,18
Deep-OC-SORT,dancetrack0041,841,4,8,1,836,844,0.657744,1,GE_GATE,1,0,18
Deep-OC-SORT,dancetrack0041,842,4,8,1,836,844,0.59273,1,GE_GATE,1,0,18
Deep-OC-SORT,dancetrack0041,843,4,8,1,836,844,0.528178,1,GE_GATE,1,0,18
Deep-OC-SORT,dancetrack0041,879,44,5,1,878,881,0.482279,0,BETWEEN_0_AND_GATE,1,0,18
Deep-OC-SORT,dancetrack0041,880,44,5,1,878,881,0.486051,0,BETWEEN_0_AND_GATE,1,0,19
Deep-OC-SORT,dancetrack0041,882,2,11,1,881,886,0.629993,1,GE_GATE,1,0,19
Deep-OC-SORT,dancetrack0041,883,2,11,1,881,886,0.64169,1,GE_GATE,1,0,19
Deep-OC-SORT,dancetrack0041,884,2,11,1,881,886,0.619951,1,GE_GATE,1,0,19
Deep-OC-SORT,dancetrack0041,885,2,11,1,881,886,0.575299,1,GE_GATE,1,0,20
Deep-OC-SORT,dancetrack0041,919,50,0,1,918,924,0.570999,21,GE_GATE,1,0,17
Deep-OC-SORT,dancetrack0041,920,50,0,1,918,924,0.688413,21,GE_GATE,1,0,16
Deep-OC-SORT,dancetrack0041,921,50,0,1,918,924,0.671597,21,GE_GATE,1,0,15
Deep-OC-SORT,dancetrack0041,922,50,0,1,918,924,0.640502,21,GE_GATE,1,0,15
Deep-OC-SORT,dancetrack0041,923,50,0,1,918,924,0.481026,21,BETWEEN_0_AND_GATE,1,0,14
Deep-OC-SORT,dancetrack0043,119,9,4,1,118,124,0.415603,7,BETWEEN_0_AND_GATE,1,0,8
Deep-OC-SORT,dancetrack0043,120,9,4,1,118,124,0.426243,7,BETWEEN_0_AND_GATE,1,0,8
Deep-OC-SORT,dancetrack0043,121,9,4,1,118,124,0.457232,7,BETWEEN_0_AND_GATE,1,0,8
Deep-OC-SORT,dancetrack0043,122,9,4,1,118,124,0.476862,7,BETWEEN_0_AND_GATE,1,0,8
Deep-OC-SORT,dancetrack0043,123,9,4,1,118,124,0.487093,7,BETWEEN_0_AND_GATE,1,0,8
Deep-OC-SORT,dancetrack0043,144,8,10,1,143,148,0.520236,4,GE_GATE,1,0,9
Deep-OC-SORT,dancetrack0043,145,8,10,1,143,148,0.500007,4,GE_GATE,1,0,9
Deep-OC-SORT,dancetrack0043,146,8,10,1,143,148,0.432005,4,BETWEEN_0_AND_GATE,1,0,9
Deep-OC-SORT,dancetrack0043,147,8,10,1,143,148,0.368716,4,BETWEEN_0_AND_GATE,1,0,9
Deep-OC-SORT,dancetrack0043,148,1,1,1,147,152,0.684586,6,GE_GATE,1,0,9
Deep-OC-SORT,dancetrack0043,149,1,1,1,147,152,0.666645,6,GE_GATE,1,0,10
Deep-OC-SORT,dancetrack0043,150,1,1,1,147,152,0.650658,6,GE_GATE,1,0,9
Deep-OC-SORT,dancetrack0043,151,1,1,1,147,152,0.61121,6,GE_GATE,1,0,9
Deep-OC-SORT,dancetrack0043,152,8,10,1,151,157,0.479041,5,BETWEEN_0_AND_GATE,1,0,10
Deep-OC-SORT,dancetrack0043,153,8,10,1,151,157,0.522292,5,GE_GATE,1,0,10
Deep-OC-SORT,dancetrack0043,154,8,10,1,151,157,0.554975,5,GE_GATE,1,0,10
Deep-OC-SORT,dancetrack0043,155,8,10,1,151,157,0.591572,5,GE_GATE,1,0,9
Deep-OC-SORT,dancetrack0043,156,8,10,1,151,157,0.592739,5,GE_GATE,1,0,10
Deep-OC-SORT,dancetrack0043,159,1,1,1,158,164,0.377554,7,BETWEEN_0_AND_GATE,1,0,10
Deep-OC-SORT,dancetrack0043,160,1,1,1,158,164,0.436298,7,BETWEEN_0_AND_GATE,1,0,11
Deep-OC-SORT,dancetrack0043,161,1,1,1,158,164,0.457146,7,BETWEEN_0_AND_GATE,1,0,9
Deep-OC-SORT,dancetrack0043,162,1,1,1,158,164,0.473485,7,BETWEEN_0_AND_GATE,1,0,9
Deep-OC-SORT,dancetrack0043,163,1,1,1,158,164,0.472452,7,BETWEEN_0_AND_GATE,1,0,9
Deep-OC-SORT,dancetrack0043,170,4,6,1,169,171,0.653846,7,GE_GATE,1,0,7
Deep-OC-SORT,dancetrack0047,721,6,2,1,720,724,0.584327,7,GE_GATE,1,0,7
Deep-OC-SORT,dancetrack0047,722,6,2,1,720,724,0.626165,7,GE_GATE,1,0,7
Deep-OC-SORT,dancetrack0047,723,6,2,1,720,724,0.652179,7,GE_GATE,1,0,7
Deep-OC-SORT,dancetrack0047,966,14,0,1,965,970,0.732826,7,GE_GATE,1,0,7
Deep-OC-SORT,dancetrack0047,967,14,0,1,965,970,0.683619,7,GE_GATE,1,0,7
Deep-OC-SORT,dancetrack0047,968,14,0,1,965,970,0.594683,7,GE_GATE,1,0,7
Deep-OC-SORT,dancetrack0047,969,14,0,1,965,970,0.619824,6,GE_GATE,1,0,7
Deep-OC-SORT,dancetrack0047,1044,27,1,1,1043,1047,0.486111,5,BETWEEN_0_AND_GATE,1,0,7
Deep-OC-SORT,dancetrack0047,1045,27,1,1,1043,1047,0.492594,5,BETWEEN_0_AND_GATE,1,0,7
Deep-OC-SORT,dancetrack0047,1046,27,1,1,1043,1047,0.496956,5,BETWEEN_0_AND_GATE,1,0,7
Deep-OC-SORT,dancetrack0047,1152,32,2,1,1151,1160,0.406765,5,BETWEEN_0_AND_GATE,1,0,7
Deep-OC-SORT,dancetrack0047,1153,32,2,1,1151,1160,0.47593,5,BETWEEN_0_AND_GATE,1,0,7
Deep-OC-SORT,dancetrack0047,1154,32,2,1,1151,1160,0.55846,5,GE_GATE,1,0,7
Deep-OC-SORT,dancetrack0047,1155,32,2,1,1151,1160,0.569254,5,GE_GATE,1,0,7
Deep-OC-SORT,dancetrack0047,1156,32,2,1,1151,1160,0.573082,5,GE_GATE,1,0,7
Deep-OC-SORT,dancetrack0047,1157,32,2,1,1151,1160,0.528952,5,GE_GATE,1,0,7
Deep-OC-SORT,dancetrack0047,1158,32,2,1,1151,1160,0.48588,5,BETWEEN_0_AND_GATE,1,0,7
Deep-OC-SORT,dancetrack0047,1159,32,2,1,1151,1160,0.468686,3,BETWEEN_0_AND_GATE,1,0,7
Deep-OC-SORT,dancetrack0058,24,5,1,1,23,31,0.554571,6,GE_GATE,1,0,6
Deep-OC-SORT,dancetrack0058,25,5,1,1,23,31,0.55557,6,GE_GATE,1,0,6
Deep-OC-SORT,dancetrack0058,26,5,1,1,23,31,0.499288,3,BETWEEN_0_AND_GATE,1,0,6
Deep-OC-SORT,dancetrack0058,27,5,1,1,23,31,0.542071,3,GE_GATE,1,0,6
Deep-OC-SORT,dancetrack0058,28,5,1,1,23,31,0.620529,3,GE_GATE,1,0,6
Deep-OC-SORT,dancetrack0058,29,5,1,1,23,31,0.711297,3,GE_GATE,1,0,6
Deep-OC-SORT,dancetrack0058,30,5,1,1,23,31,0.69166,3,GE_GATE,1,0,6
Deep-OC-SORT,dancetrack0058,222,5,1,1,221,224,0.430504,6,BETWEEN_0_AND_GATE,1,0,6
Deep-OC-SORT,dancetrack0058,223,5,1,1,221,224,0.410617,6,BETWEEN_0_AND_GATE,1,0,6
Deep-OC-SORT,dancetrack0058,277,6,3,1,276,278,0.635603,6,GE_GATE,1,0,6
Deep-OC-SORT,dancetrack0058,622,4,5,1,621,625,0.47489,0,BETWEEN_0_AND_GATE,1,0,6
Deep-OC-SORT,dancetrack0058,623,4,5,1,621,625,0.457135,0,BETWEEN_0_AND_GATE,1,0,6
Deep-OC-SORT,dancetrack0058,624,4,5,1,621,625,0.470396,0,BETWEEN_0_AND_GATE,1,0,6
Deep-OC-SORT,dancetrack0058,1137,17,6,1,1136,1145,0.432323,1,BETWEEN_0_AND_GATE,1,0,6
Deep-OC-SORT,dancetrack0058,1138,17,6,1,1136,1145,0.423528,1,BETWEEN_0_AND_GATE,1,0,6
Deep-OC-SORT,dancetrack0058,1139,17,6,1,1136,1145,0.417164,1,BETWEEN_0_AND_GATE,1,0,6
Deep-OC-SORT,dancetrack0058,1140,17,6,1,1136,1145,0.410258,1,BETWEEN_0_AND_GATE,1,0,6
Deep-OC-SORT,dancetrack0058,1141,17,6,1,1136,1145,0.405497,1,BETWEEN_0_AND_GATE,1,0,6
Deep-OC-SORT,dancetrack0058,1142,17,6,1,1136,1145,0.416917,1,BETWEEN_0_AND_GATE,1,0,6
Deep-OC-SORT,dancetrack0058,1143,17,6,1,1136,1145,0.417513,1,BETWEEN_0_AND_GATE,1,0,6
Deep-OC-SORT,dancetrack0058,1144,17,6,1,1136,1145,0.439979,1,BETWEEN_0_AND_GATE,1,0,6
Deep-OC-SORT,dancetrack0058,1263,14,3,1,1262,1267,0.39779,1,BETWEEN_0_AND_GATE,1,0,6
Deep-OC-SORT,dancetrack0058,1264,14,3,1,1262,1267,0.433626,1,BETWEEN_0_AND_GATE,1,0,6
Deep-OC-SORT,dancetrack0058,1265,14,3,1,1262,1267,0.541328,1,GE_GATE,1,0,6
Deep-OC-SORT,dancetrack0058,1266,14,3,1,1262,1267,0.386182,0,BETWEEN_0_AND_GATE,1,0,6
Deep-OC-SORT,dancetrack0063,707,87,5,1,706,709,0.559102,7,GE_GATE,1,0,5
Deep-OC-SORT,dancetrack0063,708,87,5,1,706,709,0.783961,3,GE_GATE,1,0,6
Deep-OC-SORT,dancetrack0065,44,2,2,1,43,46,0.542654,1,GE_GATE,1,0,4
Deep-OC-SORT,dancetrack0065,45,2,2,1,43,46,0.471389,1,BETWEEN_0_AND_GATE,1,0,4
Deep-OC-SORT,dancetrack0065,47,1,4,1,46,49,0.457088,1,BETWEEN_0_AND_GATE,1,0,4
Deep-OC-SORT,dancetrack0065,48,1,4,1,46,49,0.423568,2,BETWEEN_0_AND_GATE,1,0,4
Deep-OC-SORT,dancetrack0065,90,4,3,1,89,91,0.558322,1,GE_GATE,1,0,4
Deep-OC-SORT,dancetrack0081,48,12,3,1,47,55,0.714759,17,GE_GATE,1,0,19
Deep-OC-SORT,dancetrack0081,49,12,3,1,47,55,0.819761,17,GE_GATE,1,0,19
Deep-OC-SORT,dancetrack0081,50,12,3,1,47,55,0.709151,17,GE_GATE,1,0,18
Deep-OC-SORT,dancetrack0081,51,12,3,1,47,55,0.648081,17,GE_GATE,1,0,18
Deep-OC-SORT,dancetrack0081,52,12,3,1,47,55,0.631875,15,GE_GATE,1,0,16
Deep-OC-SORT,dancetrack0081,53,12,3,1,47,55,0.608753,15,GE_GATE,1,0,16
Deep-OC-SORT,dancetrack0081,54,12,3,1,47,55,0.71369,15,GE_GATE,1,0,16
Deep-OC-SORT,dancetrack0081,78,22,4,1,77,82,0.63968,9,GE_GATE,1,0,18
Deep-OC-SORT,dancetrack0081,79,22,4,1,77,82,0.729214,9,GE_GATE,1,0,18
Deep-OC-SORT,dancetrack0081,80,22,4,1,77,82,0.829274,9,GE_GATE,1,0,18
Deep-OC-SORT,dancetrack0081,81,22,4,1,77,82,0.751301,9,GE_GATE,1,0,19
Deep-OC-SORT,dancetrack0081,210,33,14,1,209,212,0.663727,17,GE_GATE,1,0,18
Deep-OC-SORT,dancetrack0081,211,33,14,1,209,212,0.616172,17,GE_GATE,1,0,18
Deep-OC-SORT,dancetrack0081,216,36,19,1,215,218,0.447408,12,BETWEEN_0_AND_GATE,1,0,18
Deep-OC-SORT,dancetrack0081,217,36,19,1,215,218,0.40703,6,BETWEEN_0_AND_GATE,1,0,18
Deep-OC-SORT,dancetrack0081,222,30,13,1,221,224,0.689522,11,GE_GATE,1,0,18
Deep-OC-SORT,dancetrack0081,223,30,13,1,221,224,0.4074,11,BETWEEN_0_AND_GATE,1,0,17
Deep-OC-SORT,dancetrack0081,223,34,8,1,222,224,0.76543,6,GE_GATE,1,0,17
Deep-OC-SORT,dancetrack0081,539,49,9,1,538,541,0.670302,8,GE_GATE,1,0,19
Deep-OC-SORT,dancetrack0081,540,49,9,1,538,541,0.617693,8,GE_GATE,1,0,19
Deep-OC-SORT,dancetrack0081,541,43,5,1,540,545,0.700996,10,GE_GATE,1,0,19
Deep-OC-SORT,dancetrack0081,542,43,5,1,540,545,0.688803,10,GE_GATE,1,0,19
Deep-OC-SORT,dancetrack0081,543,43,5,1,540,545,0.677657,10,GE_GATE,1,0,19
Deep-OC-SORT,dancetrack0081,544,43,5,1,540,545,0.626333,10,GE_GATE,1,0,18
Deep-OC-SORT,dancetrack0081,544,47,16,1,543,545,0.559189,14,GE_GATE,1,0,18
Deep-OC-SORT,dancetrack0081,719,43,5,1,718,722,0.505626,8,GE_GATE,1,0,19
Deep-OC-SORT,dancetrack0081,720,43,5,1,718,722,0.620122,8,GE_GATE,1,0,15
Deep-OC-SORT,dancetrack0081,720,56,4,1,719,721,0.568476,6,GE_GATE,1,0,15
Deep-OC-SORT,dancetrack0081,721,43,5,1,718,722,0.731357,8,GE_GATE,1,0,17
Deep-OC-SORT,dancetrack0081,722,58,18,1,721,723,0.546674,7,GE_GATE,1,0,18
Deep-OC-SORT,dancetrack0081,729,11,14,1,728,730,0.706659,12,GE_GATE,1,0,19
Deep-OC-SORT,dancetrack0081,732,56,4,1,731,735,0.775249,9,GE_GATE,1,0,19
Deep-OC-SORT,dancetrack0081,733,56,4,1,731,735,0.715434,9,GE_GATE,1,0,19
Deep-OC-SORT,dancetrack0081,734,56,4,1,731,735,0.561496,9,GE_GATE,1,0,19
Deep-OC-SORT,dancetrack0081,741,59,11,1,740,744,0.659998,8,GE_GATE,1,0,19
Deep-OC-SORT,dancetrack0081,742,59,11,1,740,744,0.673132,8,GE_GATE,1,0,19
Deep-OC-SORT,dancetrack0081,743,59,11,1,740,744,0.530821,8,GE_GATE,1,0,18
Deep-OC-SORT,dancetrack0081,756,3,15,1,755,757,0.646684,12,GE_GATE,1,0,17
Deep-OC-SORT,dancetrack0081,965,52,14,1,964,971,0.396274,5,BETWEEN_0_AND_GATE,1,0,18
Deep-OC-SORT,dancetrack0081,966,52,14,1,964,971,0.382843,5,BETWEEN_0_AND_GATE,1,0,18
Deep-OC-SORT,dancetrack0081,967,52,14,1,964,971,0.331065,5,BETWEEN_0_AND_GATE,1,0,18
Deep-OC-SORT,dancetrack0081,968,52,14,1,964,971,0.298248,5,BETWEEN_0_AND_GATE,1,0,18
Deep-OC-SORT,dancetrack0081,969,52,14,1,964,971,0.287624,5,BETWEEN_0_AND_GATE,1,0,18
Deep-OC-SORT,dancetrack0081,970,52,14,1,964,971,0.270615,5,BETWEEN_0_AND_GATE,1,0,18
Deep-OC-SORT,dancetrack0081,975,52,14,1,974,979,0.547867,12,GE_GATE,1,0,19
Deep-OC-SORT,dancetrack0081,976,52,14,1,974,979,0.500402,12,GE_GATE,1,0,19
Deep-OC-SORT,dancetrack0081,977,52,14,1,974,979,0.44017,12,BETWEEN_0_AND_GATE,1,0,19
Deep-OC-SORT,dancetrack0081,978,52,14,1,974,979,0.43742,12,BETWEEN_0_AND_GATE,1,0,19
Deep-OC-SORT,dancetrack0090,102,8,12,1,101,109,0.253827,2,BETWEEN_0_AND_GATE,1,0,13
Deep-OC-SORT,dancetrack0090,103,8,12,1,101,109,0.258123,2,BETWEEN_0_AND_GATE,1,0,13
Deep-OC-SORT,dancetrack0090,104,8,12,1,101,109,0.259179,2,BETWEEN_0_AND_GATE,1,0,13
Deep-OC-SORT,dancetrack0090,105,8,12,1,101,109,0.253231,2,BETWEEN_0_AND_GATE,1,0,13
Deep-OC-SORT,dancetrack0090,106,8,12,1,101,109,0.24579,2,BETWEEN_0_AND_GATE,1,0,13
Deep-OC-SORT,dancetrack0090,107,8,12,1,101,109,0.240155,2,BETWEEN_0_AND_GATE,1,0,13
Deep-OC-SORT,dancetrack0090,108,8,12,1,101,109,0.233167,2,BETWEEN_0_AND_GATE,1,0,13
Deep-OC-SORT,dancetrack0090,110,8,12,1,109,111,0.232509,2,BETWEEN_0_AND_GATE,1,0,13
Deep-OC-SORT,dancetrack0090,120,20,11,1,119,124,0.174308,4,BETWEEN_0_AND_GATE,1,0,13
Deep-OC-SORT,dancetrack0090,121,20,11,1,119,124,0.159627,4,BETWEEN_0_AND_GATE,1,0,13
Deep-OC-SORT,dancetrack0090,122,20,11,1,119,124,0.150141,9,BETWEEN_0_AND_GATE,1,0,13
Deep-OC-SORT,dancetrack0090,123,20,11,1,119,124,0.1452,9,BETWEEN_0_AND_GATE,1,0,13
Deep-OC-SORT,dancetrack0090,152,19,9,1,151,156,0.373421,4,BETWEEN_0_AND_GATE,1,0,12
Deep-OC-SORT,dancetrack0090,153,19,9,1,151,156,0.32246,4,BETWEEN_0_AND_GATE,1,0,11
Deep-OC-SORT,dancetrack0090,154,19,9,1,151,156,0.316226,4,BETWEEN_0_AND_GATE,1,0,11
Deep-OC-SORT,dancetrack0090,155,19,9,1,151,156,0.296234,4,BETWEEN_0_AND_GATE,1,0,11
Deep-OC-SORT,dancetrack0090,319,23,12,1,318,327,0.410332,4,BETWEEN_0_AND_GATE,1,0,13
Deep-OC-SORT,dancetrack0090,320,23,12,1,318,327,0.408512,4,BETWEEN_0_AND_GATE,1,0,12
Deep-OC-SORT,dancetrack0090,321,23,12,1,318,327,0.407806,4,BETWEEN_0_AND_GATE,1,0,12
Deep-OC-SORT,dancetrack0090,322,23,12,1,318,327,0.40735,4,BETWEEN_0_AND_GATE,1,0,12
Deep-OC-SORT,dancetrack0090,323,23,12,1,318,327,0.403714,4,BETWEEN_0_AND_GATE,1,0,12
Deep-OC-SORT,dancetrack0090,324,23,12,1,318,327,0.400563,4,BETWEEN_0_AND_GATE,1,0,12
Deep-OC-SORT,dancetrack0090,325,23,12,1,318,327,0.397037,4,BETWEEN_0_AND_GATE,1,0,12
Deep-OC-SORT,dancetrack0090,326,23,12,1,318,327,0.406469,4,BETWEEN_0_AND_GATE,1,0,12
Deep-OC-SORT,dancetrack0090,353,24,3,1,352,361,0.390833,9,BETWEEN_0_AND_GATE,1,0,13
Deep-OC-SORT,dancetrack0090,354,24,3,1,352,361,0.416094,9,BETWEEN_0_AND_GATE,1,0,13
Deep-OC-SORT,dancetrack0090,355,24,3,1,352,361,0.430466,9,BETWEEN_0_AND_GATE,1,0,13
Deep-OC-SORT,dancetrack0090,356,24,3,1,352,361,0.493245,9,BETWEEN_0_AND_GATE,1,0,13
Deep-OC-SORT,dancetrack0090,357,24,3,1,352,361,0.47385,9,BETWEEN_0_AND_GATE,1,0,13
Deep-OC-SORT,dancetrack0090,358,24,3,1,352,361,0.448666,9,BETWEEN_0_AND_GATE,1,0,13
Deep-OC-SORT,dancetrack0090,359,24,3,1,352,361,0.472024,9,BETWEEN_0_AND_GATE,1,0,13
Deep-OC-SORT,dancetrack0090,360,24,3,1,352,361,0.478912,9,BETWEEN_0_AND_GATE,1,0,13
Deep-OC-SORT,dancetrack0090,434,17,13,1,433,438,0.778005,8,GE_GATE,1,0,13
Deep-OC-SORT,dancetrack0090,435,17,13,1,433,438,0.769593,8,GE_GATE,1,0,13
Deep-OC-SORT,dancetrack0090,436,17,13,1,433,438,0.755994,7,GE_GATE,1,0,13
Deep-OC-SORT,dancetrack0090,437,17,13,1,433,438,0.830945,7,GE_GATE,1,0,13
Deep-OC-SORT,dancetrack0090,488,23,12,1,487,491,0.56708,6,GE_GATE,1,0,13
Deep-OC-SORT,dancetrack0090,489,23,12,1,487,491,0.507385,6,GE_GATE,1,0,13
Deep-OC-SORT,dancetrack0090,490,17,13,1,489,492,0.564015,1,GE_GATE,1,0,12
Deep-OC-SORT,dancetrack0090,490,23,12,1,487,491,0.470422,6,BETWEEN_0_AND_GATE,1,0,12
Deep-OC-SORT,dancetrack0090,491,17,13,1,489,492,0.579039,1,GE_GATE,1,0,13
Deep-OC-SORT,dancetrack0090,494,17,13,1,493,496,0.469041,1,BETWEEN_0_AND_GATE,1,0,13
Deep-OC-SORT,dancetrack0090,495,17,13,1,493,496,0.463229,1,BETWEEN_0_AND_GATE,1,0,13
Deep-OC-SORT,dancetrack0090,518,27,12,1,517,520,0.598479,7,GE_GATE,1,0,13
Deep-OC-SORT,dancetrack0090,519,27,12,1,517,520,0.560966,7,GE_GATE,1,0,12
Deep-OC-SORT,dancetrack0090,524,24,3,1,523,530,0.55336,4,GE_GATE,1,0,12
Deep-OC-SORT,dancetrack0090,525,24,3,1,523,530,0.568461,4,GE_GATE,1,0,13
Deep-OC-SORT,dancetrack0090,526,24,3,1,523,530,0.581227,4,GE_GATE,1,0,13
Deep-OC-SORT,dancetrack0090,527,24,3,1,523,530,0.510416,4,GE_GATE,1,0,13
Deep-OC-SORT,dancetrack0090,528,24,3,1,523,530,0.527827,4,GE_GATE,1,0,13
Deep-OC-SORT,dancetrack0090,529,24,3,1,523,530,0.534756,4,GE_GATE,1,0,13
Deep-OC-SORT,dancetrack0090,717,30,13,1,716,724,0.45508,8,BETWEEN_0_AND_GATE,1,0,11
Deep-OC-SORT,dancetrack0090,718,30,13,1,716,724,0.40065,8,BETWEEN_0_AND_GATE,1,0,11
Deep-OC-SORT,dancetrack0090,719,30,13,1,716,724,0.411437,8,BETWEEN_0_AND_GATE,1,0,11
Deep-OC-SORT,dancetrack0090,720,30,13,1,716,724,0.42393,8,BETWEEN_0_AND_GATE,1,0,11
Deep-OC-SORT,dancetrack0090,721,30,13,1,716,724,0.41983,8,BETWEEN_0_AND_GATE,1,0,11
Deep-OC-SORT,dancetrack0090,722,30,13,1,716,724,0.425796,8,BETWEEN_0_AND_GATE,1,0,11
Deep-OC-SORT,dancetrack0090,723,30,13,1,716,724,0.424024,8,BETWEEN_0_AND_GATE,1,0,11
Deep-OC-SORT,dancetrack0090,897,43,7,1,896,898,0.708552,4,GE_GATE,1,0,13
Deep-OC-SORT,dancetrack0090,899,30,9,1,898,902,0.750021,6,GE_GATE,1,0,12
Deep-OC-SORT,dancetrack0090,900,30,9,1,898,902,0.754131,6,GE_GATE,1,0,11
Deep-OC-SORT,dancetrack0090,901,30,9,1,898,902,0.768014,6,GE_GATE,1,0,12
Deep-OC-SORT,dancetrack0090,902,41,1,1,901,904,0.33728,12,BETWEEN_0_AND_GATE,1,0,12
Deep-OC-SORT,dancetrack0090,903,41,1,1,901,904,0.287274,12,BETWEEN_0_AND_GATE,1,0,11
Deep-OC-SORT,dancetrack0090,903,43,7,1,902,905,0.586003,2,GE_GATE,1,0,11
Deep-OC-SORT,dancetrack0090,904,43,7,1,902,905,0.461584,2,BETWEEN_0_AND_GATE,1,0,12
Deep-OC-SORT,dancetrack0090,910,6,4,1,909,912,0.588264,9,GE_GATE,1,0,13
Deep-OC-SORT,dancetrack0090,911,6,4,1,909,912,0.704373,9,GE_GATE,1,0,13
Deep-OC-SORT,dancetrack0090,914,15,8,1,913,915,0.267072,12,BETWEEN_0_AND_GATE,1,0,13
Deep-OC-SORT,dancetrack0090,915,30,9,1,914,919,0.37404,2,BETWEEN_0_AND_GATE,1,0,12
Deep-OC-SORT,dancetrack0090,915,40,10,1,914,924,0.422097,6,BETWEEN_0_AND_GATE,1,0,12
Deep-OC-SORT,dancetrack0090,916,30,9,1,914,919,0.445375,5,BETWEEN_0_AND_GATE,1,0,12
Deep-OC-SORT,dancetrack0090,916,40,10,1,914,924,0.500969,6,GE_GATE,1,0,12
Deep-OC-SORT,dancetrack0090,917,6,4,1,916,922,0.54295,6,GE_GATE,1,0,11
Deep-OC-SORT,dancetrack0090,917,30,9,1,914,919,0.557183,5,GE_GATE,1,0,11
Deep-OC-SORT,dancetrack0090,917,40,10,1,914,924,0.600199,6,GE_GATE,1,0,11
Deep-OC-SORT,dancetrack0090,918,6,4,1,916,922,0.345132,2,BETWEEN_0_AND_GATE,1,0,10
Deep-OC-SORT,dancetrack0090,918,30,9,1,914,919,0.649118,5,GE_GATE,1,0,10
Deep-OC-SORT,dancetrack0090,918,35,6,1,917,920,0.239411,2,BETWEEN_0_AND_GATE,1,0,10
Deep-OC-SORT,dancetrack0090,918,40,10,1,914,924,0.157827,12,BETWEEN_0_AND_GATE,1,0,10
Deep-OC-SORT,dancetrack0090,919,6,4,1,916,922,0.323047,2,BETWEEN_0_AND_GATE,1,0,11
Deep-OC-SORT,dancetrack0090,919,35,6,1,917,920,0.250214,2,BETWEEN_0_AND_GATE,1,0,11
Deep-OC-SORT,dancetrack0090,919,40,10,1,914,924,0.185511,2,BETWEEN_0_AND_GATE,1,0,11
Deep-OC-SORT,dancetrack0090,920,6,4,1,916,922,0.672579,6,GE_GATE,1,0,12
Deep-OC-SORT,dancetrack0090,920,40,10,1,914,924,0.572346,6,GE_GATE,1,0,12
Deep-OC-SORT,dancetrack0090,921,6,4,1,916,922,0.894042,6,GE_GATE,1,0,12
Deep-OC-SORT,dancetrack0090,921,40,10,1,914,924,0.606166,6,GE_GATE,1,0,12
Deep-OC-SORT,dancetrack0090,922,30,9,1,921,924,0.819571,5,GE_GATE,1,0,12
Deep-OC-SORT,dancetrack0090,922,40,10,1,914,924,0.568042,6,GE_GATE,1,0,12
Deep-OC-SORT,dancetrack0090,923,30,9,1,921,924,0.744767,5,GE_GATE,1,0,12
Deep-OC-SORT,dancetrack0090,923,40,10,1,914,924,0.43733,6,BETWEEN_0_AND_GATE,1,0,12
Deep-OC-SORT,dancetrack0090,926,19,5,1,925,928,0.346286,12,BETWEEN_0_AND_GATE,1,0,12
Deep-OC-SORT,dancetrack0090,927,19,5,1,925,928,0.327941,12,BETWEEN_0_AND_GATE,1,0,12
Deep-OC-SORT,dancetrack0090,938,40,10,1,937,941,0.80748,5,GE_GATE,1,0,12
Deep-OC-SORT,dancetrack0090,939,40,10,1,937,941,0.792577,5,GE_GATE,1,0,12
Deep-OC-SORT,dancetrack0090,940,40,10,1,937,941,0.681078,5,GE_GATE,1,0,12
Deep-OC-SORT,dancetrack0090,956,40,10,1,955,963,0.318342,12,BETWEEN_0_AND_GATE,1,0,12
Deep-OC-SORT,dancetrack0090,957,40,10,1,955,963,0.322267,12,BETWEEN_0_AND_GATE,1,0,12
Deep-OC-SORT,dancetrack0090,958,40,10,1,955,963,0.326217,12,BETWEEN_0_AND_GATE,1,0,12
Deep-OC-SORT,dancetrack0090,959,40,10,1,955,963,0.325703,12,BETWEEN_0_AND_GATE,1,0,12
Deep-OC-SORT,dancetrack0090,960,40,10,1,955,963,0.334188,12,BETWEEN_0_AND_GATE,1,0,12
Deep-OC-SORT,dancetrack0090,961,40,10,1,955,963,0.332109,12,BETWEEN_0_AND_GATE,1,0,12
Deep-OC-SORT,dancetrack0090,962,40,10,1,955,963,0.341468,12,BETWEEN_0_AND_GATE,1,0,12
Deep-OC-SORT,dancetrack0094,32,11,2,1,31,36,0.536442,1,GE_GATE,1,0,15
Deep-OC-SORT,dancetrack0094,32,18,21,1,31,35,0.679267,10,GE_GATE,1,0,15
Deep-OC-SORT,dancetrack0094,33,11,2,1,31,36,0.70779,1,GE_GATE,1,0,17
Deep-OC-SORT,dancetrack0094,33,18,21,1,31,35,0.732272,10,GE_GATE,1,0,17
Deep-OC-SORT,dancetrack0094,34,11,2,1,31,36,0.603652,1,GE_GATE,1,0,18
Deep-OC-SORT,dancetrack0094,34,18,21,1,31,35,0.522335,10,GE_GATE,1,0,18
Deep-OC-SORT,dancetrack0094,35,11,2,1,31,36,0.58523,1,GE_GATE,1,0,16
Deep-OC-SORT,dancetrack0094,39,18,21,1,38,45,0.320156,10,BETWEEN_0_AND_GATE,1,0,16
Deep-OC-SORT,dancetrack0094,40,18,21,1,38,45,0.352633,6,BETWEEN_0_AND_GATE,1,0,16
Deep-OC-SORT,dancetrack0094,41,18,21,1,38,45,0.356266,6,BETWEEN_0_AND_GATE,1,0,18
Deep-OC-SORT,dancetrack0094,42,18,21,1,38,45,0.309924,6,BETWEEN_0_AND_GATE,1,0,17
Deep-OC-SORT,dancetrack0094,43,18,21,1,38,45,0.313414,6,BETWEEN_0_AND_GATE,1,0,17
Deep-OC-SORT,dancetrack0094,44,18,21,1,38,45,0.431594,6,BETWEEN_0_AND_GATE,1,0,16
Deep-OC-SORT,dancetrack0094,53,9,18,1,52,57,0.767078,9,GE_GATE,1,0,16
Deep-OC-SORT,dancetrack0094,54,9,18,1,52,57,0.784458,9,GE_GATE,1,0,17
Deep-OC-SORT,dancetrack0094,55,9,18,1,52,57,0.691164,9,GE_GATE,1,0,16
Deep-OC-SORT,dancetrack0094,56,9,18,1,52,57,0.659763,9,GE_GATE,1,0,15
Deep-OC-SORT,dancetrack0094,60,17,12,1,59,61,0.391524,3,BETWEEN_0_AND_GATE,1,0,14
Deep-OC-SORT,dancetrack0094,109,26,19,1,108,115,0.577802,5,GE_GATE,1,0,17
Deep-OC-SORT,dancetrack0094,110,26,19,1,108,115,0.534239,5,GE_GATE,1,0,17
Deep-OC-SORT,dancetrack0094,111,26,19,1,108,115,0.476456,5,BETWEEN_0_AND_GATE,1,0,18
Deep-OC-SORT,dancetrack0094,112,26,19,1,108,115,0.48411,1,BETWEEN_0_AND_GATE,1,0,17
Deep-OC-SORT,dancetrack0094,113,26,19,1,108,115,0.47239,1,BETWEEN_0_AND_GATE,1,0,17
Deep-OC-SORT,dancetrack0094,114,26,19,1,108,115,0.463389,1,BETWEEN_0_AND_GATE,1,0,19
Deep-OC-SORT,dancetrack0094,168,3,17,1,167,176,0.316927,3,BETWEEN_0_AND_GATE,1,0,19
Deep-OC-SORT,dancetrack0094,169,3,17,1,167,176,0.3051,3,BETWEEN_0_AND_GATE,1,0,19
Deep-OC-SORT,dancetrack0094,170,3,17,1,167,176,0.30836,3,BETWEEN_0_AND_GATE,1,0,19
Deep-OC-SORT,dancetrack0094,171,3,17,1,167,176,0.303928,3,BETWEEN_0_AND_GATE,1,0,19
Deep-OC-SORT,dancetrack0094,172,3,17,1,167,176,0.299519,3,BETWEEN_0_AND_GATE,1,0,20
Deep-OC-SORT,dancetrack0094,173,3,17,1,167,176,0.296622,3,BETWEEN_0_AND_GATE,1,0,20
Deep-OC-SORT,dancetrack0094,174,3,17,1,167,176,0.289603,3,BETWEEN_0_AND_GATE,1,0,20
Deep-OC-SORT,dancetrack0094,175,3,17,1,167,176,0.287822,3,BETWEEN_0_AND_GATE,1,0,20
Deep-OC-SORT,dancetrack0094,211,30,13,1,210,215,0.421166,19,BETWEEN_0_AND_GATE,1,0,21
Deep-OC-SORT,dancetrack0094,212,30,13,1,210,215,0.431643,19,BETWEEN_0_AND_GATE,1,0,21
Deep-OC-SORT,dancetrack0094,213,30,13,1,210,215,0.434417,19,BETWEEN_0_AND_GATE,1,0,20
Deep-OC-SORT,dancetrack0094,214,30,13,1,210,215,0.439288,19,BETWEEN_0_AND_GATE,1,0,20
Deep-OC-SORT,dancetrack0094,230,38,19,1,229,234,0.337264,1,BETWEEN_0_AND_GATE,1,0,21
Deep-OC-SORT,dancetrack0094,231,38,19,1,229,234,0.328829,1,BETWEEN_0_AND_GATE,1,0,21
Deep-OC-SORT,dancetrack0094,232,38,19,1,229,234,0.322306,1,BETWEEN_0_AND_GATE,1,0,21
Deep-OC-SORT,dancetrack0094,233,38,19,1,229,234,0.320632,1,BETWEEN_0_AND_GATE,1,0,21
Deep-OC-SORT,dancetrack0094,348,47,20,1,347,349,0.398421,17,BETWEEN_0_AND_GATE,1,0,19
Deep-OC-SORT,dancetrack0094,350,14,24,1,349,352,0.501338,14,GE_GATE,1,0,19
Deep-OC-SORT,dancetrack0094,351,14,24,1,349,352,0.433687,14,BETWEEN_0_AND_GATE,1,0,20
Deep-OC-SORT,dancetrack0094,381,52,7,1,380,385,0.488529,22,BETWEEN_0_AND_GATE,1,0,19
Deep-OC-SORT,dancetrack0094,382,52,7,1,380,385,0.528493,22,GE_GATE,1,0,20
Deep-OC-SORT,dancetrack0094,383,52,7,1,380,385,0.571595,22,GE_GATE,1,0,20
Deep-OC-SORT,dancetrack0094,384,52,7,1,380,385,0.576857,22,GE_GATE,1,0,20
Deep-OC-SORT,dancetrack0094,391,47,15,1,390,392,0.470068,7,BETWEEN_0_AND_GATE,1,0,21
Deep-OC-SORT,dancetrack0094,435,11,1,1,434,437,0.405441,23,BETWEEN_0_AND_GATE,1,0,20
Deep-OC-SORT,dancetrack0094,436,11,1,1,434,437,0.422742,23,BETWEEN_0_AND_GATE,1,0,20
Deep-OC-SORT,dancetrack0094,441,14,6,1,440,454,0.247725,17,BETWEEN_0_AND_GATE,1,0,22
Deep-OC-SORT,dancetrack0094,442,14,6,1,440,454,0.257979,18,BETWEEN_0_AND_GATE,1,0,21
Deep-OC-SORT,dancetrack0094,443,14,6,1,440,454,0.293617,18,BETWEEN_0_AND_GATE,1,0,21
Deep-OC-SORT,dancetrack0094,444,14,6,1,440,454,0.337133,18,BETWEEN_0_AND_GATE,1,0,21
Deep-OC-SORT,dancetrack0094,445,14,6,1,440,454,0.339023,18,BETWEEN_0_AND_GATE,1,0,21
Deep-OC-SORT,dancetrack0094,446,14,6,1,440,454,0.289193,18,BETWEEN_0_AND_GATE,1,0,21
Deep-OC-SORT,dancetrack0094,447,14,6,1,440,454,0.282433,18,BETWEEN_0_AND_GATE,1,0,19
Deep-OC-SORT,dancetrack0094,448,14,6,1,440,454,0.292337,18,BETWEEN_0_AND_GATE,1,0,19
Deep-OC-SORT,dancetrack0094,449,14,6,1,440,454,0.302769,18,BETWEEN_0_AND_GATE,1,0,19
Deep-OC-SORT,dancetrack0094,450,14,6,1,440,454,0.312211,18,BETWEEN_0_AND_GATE,1,0,19
Deep-OC-SORT,dancetrack0094,451,14,6,1,440,454,0.331909,18,BETWEEN_0_AND_GATE,1,0,19
Deep-OC-SORT,dancetrack0094,452,14,6,1,440,454,0.38113,18,BETWEEN_0_AND_GATE,1,0,18
Deep-OC-SORT,dancetrack0094,453,14,6,1,440,454,0.364566,18,BETWEEN_0_AND_GATE,1,0,19
Deep-OC-SORT,dancetrack0094,468,50,11,1,467,476,0.19876,22,BETWEEN_0_AND_GATE,1,0,18
Deep-OC-SORT,dancetrack0094,469,50,11,1,467,476,0.205503,22,BETWEEN_0_AND_GATE,1,0,18
Deep-OC-SORT,dancetrack0094,470,50,11,1,467,476,0.201308,22,BETWEEN_0_AND_GATE,1,0,17
Deep-OC-SORT,dancetrack0094,471,50,11,1,467,476,0.19707,22,BETWEEN_0_AND_GATE,1,0,17
Deep-OC-SORT,dancetrack0094,472,50,11,1,467,476,0.191802,22,BETWEEN_0_AND_GATE,1,0,17
Deep-OC-SORT,dancetrack0094,473,50,11,1,467,476,0.200557,22,BETWEEN_0_AND_GATE,1,0,17
Deep-OC-SORT,dancetrack0094,474,50,11,1,467,476,0.224227,22,BETWEEN_0_AND_GATE,1,0,17
Deep-OC-SORT,dancetrack0094,475,50,11,1,467,476,0.271593,22,BETWEEN_0_AND_GATE,1,0,17
Deep-OC-SORT,dancetrack0094,517,50,11,1,516,523,0.356066,22,BETWEEN_0_AND_GATE,1,0,16
Deep-OC-SORT,dancetrack0094,518,50,11,1,516,523,0.378626,22,BETWEEN_0_AND_GATE,1,0,16
Deep-OC-SORT,dancetrack0094,519,50,11,1,516,523,0.434036,22,BETWEEN_0_AND_GATE,1,0,16
Deep-OC-SORT,dancetrack0094,520,50,11,1,516,523,0.446519,22,BETWEEN_0_AND_GATE,1,0,16
Deep-OC-SORT,dancetrack0094,521,50,11,1,516,523,0.425105,22,BETWEEN_0_AND_GATE,1,0,16
Deep-OC-SORT,dancetrack0094,522,50,11,1,516,523,0.362435,22,BETWEEN_0_AND_GATE,1,0,16
Deep-OC-SORT,dancetrack0094,556,47,15,1,555,557,0.267543,7,BETWEEN_0_AND_GATE,1,0,16
Deep-OC-SORT,dancetrack0094,562,11,1,1,561,565,0.411514,4,BETWEEN_0_AND_GATE,1,0,18
Deep-OC-SORT,dancetrack0094,563,11,1,1,561,565,0.411714,4,BETWEEN_0_AND_GATE,1,0,18
Deep-OC-SORT,dancetrack0094,564,11,1,1,561,565,0.420824,4,BETWEEN_0_AND_GATE,1,0,18
Deep-OC-SORT,dancetrack0094,576,9,6,1,575,579,0.199111,17,BETWEEN_0_AND_GATE,1,0,18
Deep-OC-SORT,dancetrack0094,577,9,6,1,575,579,0.201998,17,BETWEEN_0_AND_GATE,1,0,18
Deep-OC-SORT,dancetrack0094,578,9,6,1,575,579,0.301557,17,BETWEEN_0_AND_GATE,1,0,18
Deep-OC-SORT,dancetrack0094,586,55,8,1,585,593,0.538492,3,GE_GATE,1,0,18
Deep-OC-SORT,dancetrack0094,587,55,8,1,585,593,0.600723,3,GE_GATE,1,0,18
Deep-OC-SORT,dancetrack0094,588,55,8,1,585,593,0.604505,3,GE_GATE,1,0,18
Deep-OC-SORT,dancetrack0094,589,55,8,1,585,593,0.595076,3,GE_GATE,1,0,18
Deep-OC-SORT,dancetrack0094,590,55,8,1,585,593,0.555875,3,GE_GATE,1,0,18
Deep-OC-SORT,dancetrack0094,591,55,8,1,585,593,0.536694,3,GE_GATE,1,0,18
Deep-OC-SORT,dancetrack0094,592,55,8,1,585,593,0.514565,3,GE_GATE,1,0,19
Deep-OC-SORT,dancetrack0097,103,3,2,1,102,106,0.767065,0,GE_GATE,1,0,3
Deep-OC-SORT,dancetrack0097,104,3,2,1,102,106,0.716512,0,GE_GATE,1,0,3
Deep-OC-SORT,dancetrack0097,105,3,2,1,102,106,0.558561,0,GE_GATE,1,0,3
Deep-OC-SORT,dancetrack0097,340,4,3,1,339,342,0.480805,2,BETWEEN_0_AND_GATE,1,0,3
Deep-OC-SORT,dancetrack0097,341,4,3,1,339,342,0.538664,2,GE_GATE,1,0,3
Deep-OC-SORT,dancetrack0097,356,4,3,1,355,364,0.513028,1,GE_GATE,1,0,3
Deep-OC-SORT,dancetrack0097,357,4,3,1,355,364,0.554372,1,GE_GATE,1,0,3
Deep-OC-SORT,dancetrack0097,358,4,3,1,355,364,0.593738,1,GE_GATE,1,0,3
Deep-OC-SORT,dancetrack0097,359,4,3,1,355,364,0.550581,1,GE_GATE,1,0,3
Deep-OC-SORT,dancetrack0097,360,4,3,1,355,364,0.512033,1,GE_GATE,1,0,3
Deep-OC-SORT,dancetrack0097,361,4,3,1,355,364,0.630031,1,GE_GATE,1,0,3
Deep-OC-SORT,dancetrack0097,362,4,3,1,355,364,0.630035,1,GE_GATE,1,0,3
Deep-OC-SORT,dancetrack0097,363,4,3,1,355,364,0.618955,1,GE_GATE,1,0,3
Deep-OC-SORT,dancetrack0097,428,4,3,1,427,431,0.668138,0,GE_GATE,1,0,2
Deep-OC-SORT,dancetrack0097,429,4,3,1,427,431,0.684203,0,GE_GATE,1,0,2
Deep-OC-SORT,dancetrack0097,430,4,3,1,427,431,0.636467,0,GE_GATE,1,0,3
Deep-OC-SORT,dancetrack0097,567,1,1,1,566,569,0.673856,2,GE_GATE,1,0,3
Deep-OC-SORT,dancetrack0097,568,1,1,1,566,569,0.678197,2,GE_GATE,1,0,3
Deep-OC-SORT,dancetrack0097,685,3,2,1,684,688,0.763772,0,GE_GATE,1,0,3
Deep-OC-SORT,dancetrack0097,686,3,2,1,684,688,0.791458,0,GE_GATE,1,0,3
Deep-OC-SORT,dancetrack0097,687,3,2,1,684,688,0.700553,0,GE_GATE,1,0,3
Deep-OC-SORT,dancetrack0097,1023,1,0,1,1022,1025,0.642174,2,GE_GATE,1,0,3
Deep-OC-SORT,dancetrack0097,1024,1,0,1,1022,1025,0.694801,2,GE_GATE,1,0,3
Hybrid-SORT,dancetrack0004,49,2,0,1,48,50,0.609528,2,GE_GATE,1,0,3
Hybrid-SORT,dancetrack0004,435,1,2,1,434,436,0.691688,0,GE_GATE,1,0,3
Hybrid-SORT,dancetrack0004,1029,3,3,1,1028,1030,0.618415,2,GE_GATE,1,0,3
Hybrid-SORT,dancetrack0005,422,3,1,1,421,425,0.441605,0,BETWEEN_0_AND_GATE,1,0,3
Hybrid-SORT,dancetrack0005,423,3,1,1,421,425,0.417875,0,BETWEEN_0_AND_GATE,1,0,3
Hybrid-SORT,dancetrack0005,424,3,1,1,421,425,0.373592,0,BETWEEN_0_AND_GATE,1,0,3
Hybrid-SORT,dancetrack0005,587,3,1,1,586,589,0.36027,2,BETWEEN_0_AND_GATE,1,0,3
Hybrid-SORT,dancetrack0005,588,3,1,1,586,589,0.465386,2,BETWEEN_0_AND_GATE,1,0,3
Hybrid-SORT,dancetrack0005,674,3,1,1,673,675,0.202031,2,BETWEEN_0_AND_GATE,1,0,3
Hybrid-SORT,dancetrack0005,675,1,3,1,674,676,0.29648,0,BETWEEN_0_AND_GATE,1,0,3
Hybrid-SORT,dancetrack0005,688,3,1,1,687,692,0.170696,0,BETWEEN_0_AND_GATE,1,0,3
Hybrid-SORT,dancetrack0005,689,3,1,1,687,692,0.174658,0,BETWEEN_0_AND_GATE,1,0,3
Hybrid-SORT,dancetrack0005,690,3,1,1,687,692,0.203898,0,BETWEEN_0_AND_GATE,1,0,3
Hybrid-SORT,dancetrack0005,691,3,1,1,687,692,0.227678,0,BETWEEN_0_AND_GATE,1,0,3
Hybrid-SORT,dancetrack0005,764,1,3,1,763,768,0.700469,1,GE_GATE,1,0,3
Hybrid-SORT,dancetrack0005,765,1,3,1,763,768,0.73593,1,GE_GATE,1,0,3
Hybrid-SORT,dancetrack0005,766,1,3,1,763,768,0.763192,1,GE_GATE,1,0,3
Hybrid-SORT,dancetrack0005,767,1,3,1,763,768,0.68516,1,GE_GATE,1,0,3
Hybrid-SORT,dancetrack0007,140,2,2,1,139,142,0.85353,5,GE_GATE,1,0,7
Hybrid-SORT,dancetrack0007,141,2,2,1,139,142,0.785272,5,GE_GATE,1,0,7
Hybrid-SORT,dancetrack0007,412,4,1,1,411,418,0.610662,5,GE_GATE,1,0,7
Hybrid-SORT,dancetrack0007,413,4,1,1,411,418,0.705337,5,GE_GATE,1,0,6
Hybrid-SORT,dancetrack0007,414,4,1,1,411,418,0.719609,5,GE_GATE,1,0,6
Hybrid-SORT,dancetrack0007,415,4,1,1,411,418,0.640057,5,GE_GATE,1,0,6
Hybrid-SORT,dancetrack0007,416,4,1,1,411,418,0.69995,5,GE_GATE,1,0,6
Hybrid-SORT,dancetrack0007,417,4,1,1,411,418,0.712182,5,GE_GATE,1,0,6
Hybrid-SORT,dancetrack0007,443,7,0,1,442,444,0.378577,2,BETWEEN_0_AND_GATE,1,0,7
Hybrid-SORT,dancetrack0007,476,5,1,1,475,481,0.612735,5,GE_GATE,1,0,7
Hybrid-SORT,dancetrack0007,477,5,1,1,475,481,0.675771,5,GE_GATE,1,0,7
Hybrid-SORT,dancetrack0007,478,5,1,1,475,481,0.658231,5,GE_GATE,1,0,7
Hybrid-SORT,dancetrack0007,479,5,1,1,475,481,0.6498,5,GE_GATE,1,0,7
Hybrid-SORT,dancetrack0007,480,5,1,1,475,481,0.655105,5,GE_GATE,1,0,7
Hybrid-SORT,dancetrack0007,642,6,3,1,641,644,0.718453,4,GE_GATE,1,0,7
Hybrid-SORT,dancetrack0007,643,6,3,1,641,644,0.507944,4,GE_GATE,1,0,7
Hybrid-SORT,dancetrack0007,739,1,4,1,738,740,0.746772,6,GE_GATE,1,0,7
Hybrid-SORT,dancetrack0007,887,6,3,1,886,888,0.515743,4,GE_GATE,1,0,7
Hybrid-SORT,dancetrack0007,895,2,1,1,894,896,0.43276,4,BETWEEN_0_AND_GATE,1,0,7
Hybrid-SORT,dancetrack0007,896,6,3,1,895,898,0.685286,2,GE_GATE,1,0,7
Hybrid-SORT,dancetrack0007,897,6,3,1,895,898,0.715883,2,GE_GATE,1,0,7
Hybrid-SORT,dancetrack0007,911,2,1,1,910,915,0.701323,3,GE_GATE,1,0,7
Hybrid-SORT,dancetrack0007,912,2,1,1,910,915,0.783302,3,GE_GATE,1,0,7
Hybrid-SORT,dancetrack0007,913,2,1,1,910,915,0.801395,3,GE_GATE,1,0,7
Hybrid-SORT,dancetrack0007,914,2,1,1,910,915,0.739114,3,GE_GATE,1,0,7
Hybrid-SORT,dancetrack0007,1000,2,1,1,999,1001,0.348474,3,BETWEEN_0_AND_GATE,1,0,7
Hybrid-SORT,dancetrack0007,1097,3,2,1,1096,1098,0.755237,7,GE_GATE,1,0,7
Hybrid-SORT,dancetrack0010,214,1,0,1,213,216,0.685938,1,GE_GATE,1,0,5
Hybrid-SORT,dancetrack0010,215,1,0,1,213,216,0.685176,1,GE_GATE,1,0,5
Hybrid-SORT,dancetrack0010,258,5,2,1,257,259,0.58871,3,GE_GATE,1,0,4
Hybrid-SORT,dancetrack0010,710,10,3,1,709,712,0.622774,2,GE_GATE,1,0,5
Hybrid-SORT,dancetrack0010,711,10,3,1,709,712,0.668609,2,GE_GATE,1,0,5
Hybrid-SORT,dancetrack0010,814,7,5,1,813,815,0.713796,4,GE_GATE,1,0,5
Hybrid-SORT,dancetrack0010,1055,7,5,1,1054,1057,0.436166,0,BETWEEN_0_AND_GATE,1,0,5
Hybrid-SORT,dancetrack0010,1056,7,5,1,1054,1057,0.630858,0,GE_GATE,1,0,5
Hybrid-SORT,dancetrack0014,189,10,10,1,188,192,0.895411,11,GE_GATE,1,0,10
Hybrid-SORT,dancetrack0014,190,10,10,1,188,192,0.799162,11,GE_GATE,1,0,10
Hybrid-SORT,dancetrack0014,191,10,10,1,188,192,0.713488,11,GE_GATE,1,0,10
Hybrid-SORT,dancetrack0014,271,11,1,1,270,272,0.533444,9,GE_GATE,1,0,10
Hybrid-SORT,dancetrack0014,463,2,8,1,462,464,0.706447,10,GE_GATE,1,0,10
Hybrid-SORT,dancetrack0014,469,18,6,1,468,472,0.749945,1,GE_GATE,1,0,9
Hybrid-SORT,dancetrack0014,470,18,6,1,468,472,0.685049,1,GE_GATE,1,0,9
Hybrid-SORT,dancetrack0014,471,18,6,1,468,472,0.470896,1,BETWEEN_0_AND_GATE,1,0,9
Hybrid-SORT,dancetrack0014,477,14,5,1,476,479,0.397668,1,BETWEEN_0_AND_GATE,1,0,9
Hybrid-SORT,dancetrack0014,478,14,5,1,476,479,0.448767,1,BETWEEN_0_AND_GATE,1,0,9
Hybrid-SORT,dancetrack0014,629,11,10,1,628,632,0.560929,9,GE_GATE,1,0,10
Hybrid-SORT,dancetrack0014,630,11,10,1,628,632,0.580713,9,GE_GATE,1,0,10
Hybrid-SORT,dancetrack0014,631,11,10,1,628,632,0.607473,9,GE_GATE,1,0,10
Hybrid-SORT,dancetrack0014,738,4,0,1,737,741,0.511498,1,GE_GATE,1,0,10
Hybrid-SORT,dancetrack0014,739,4,0,1,737,741,0.589779,1,GE_GATE,1,0,10
Hybrid-SORT,dancetrack0014,740,4,0,1,737,741,0.605052,1,GE_GATE,1,0,10
Hybrid-SORT,dancetrack0014,917,27,3,1,916,918,0.507903,5,GE_GATE,1,0,11
Hybrid-SORT,dancetrack0014,927,19,7,1,926,929,0.350347,10,BETWEEN_0_AND_GATE,1,0,11
Hybrid-SORT,dancetrack0014,928,19,7,1,926,929,0.366387,10,BETWEEN_0_AND_GATE,1,0,10
Hybrid-SORT,dancetrack0014,932,28,2,1,931,945,0.695118,5,GE_GATE,1,0,10
Hybrid-SORT,dancetrack0014,933,28,2,1,931,945,0.580965,5,GE_GATE,1,0,9
Hybrid-SORT,dancetrack0014,934,28,2,1,931,945,0.594742,5,GE_GATE,1,0,9
Hybrid-SORT,dancetrack0014,935,28,2,1,931,945,0.647827,5,GE_GATE,1,0,9
Hybrid-SORT,dancetrack0014,936,28,2,1,931,945,0.794658,5,GE_GATE,1,0,9
Hybrid-SORT,dancetrack0014,937,28,2,1,931,945,0.780774,5,GE_GATE,1,0,9
Hybrid-SORT,dancetrack0014,938,28,2,1,931,945,0.717086,5,GE_GATE,1,0,9
Hybrid-SORT,dancetrack0014,939,28,2,1,931,945,0.602034,5,GE_GATE,1,0,10
Hybrid-SORT,dancetrack0014,940,28,2,1,931,945,0.604832,5,GE_GATE,1,0,10
Hybrid-SORT,dancetrack0014,941,28,2,1,931,945,0.619085,5,GE_GATE,1,0,10
Hybrid-SORT,dancetrack0014,942,28,2,1,931,945,0.625659,5,GE_GATE,1,0,10
Hybrid-SORT,dancetrack0014,943,28,2,1,931,945,0.625212,5,GE_GATE,1,0,10
Hybrid-SORT,dancetrack0014,944,28,2,1,931,945,0.567463,5,GE_GATE,1,0,10
Hybrid-SORT,dancetrack0014,974,28,2,1,973,976,0.661207,0,GE_GATE,1,0,9
Hybrid-SORT,dancetrack0014,975,28,2,1,973,976,0.761666,0,GE_GATE,1,0,9
Hybrid-SORT,dancetrack0014,981,23,9,1,980,983,0.341027,7,BETWEEN_0_AND_GATE,1,0,9
Hybrid-SORT,dancetrack0014,982,23,9,1,980,983,0.344583,7,BETWEEN_0_AND_GATE,1,0,10
Hybrid-SORT,dancetrack0014,989,28,2,1,988,990,0.550018,7,GE_GATE,1,0,11
Hybrid-SORT,dancetrack0014,1098,23,9,1,1097,1099,0.650278,2,GE_GATE,1,0,10
Hybrid-SORT,dancetrack0014,1099,29,3,1,1098,1100,0.737117,4,GE_GATE,1,0,11
Hybrid-SORT,dancetrack0014,1107,23,9,1,1106,1110,0.562985,10,GE_GATE,1,0,9
Hybrid-SORT,dancetrack0014,1108,23,9,1,1106,1110,0.621602,10,GE_GATE,1,0,10
Hybrid-SORT,dancetrack0014,1109,23,9,1,1106,1110,0.545217,10,GE_GATE,1,0,9
Hybrid-SORT,dancetrack0014,1171,19,7,1,1170,1175,0.512003,1,GE_GATE,1,0,11
Hybrid-SORT,dancetrack0014,1172,19,7,1,1170,1175,0.502248,1,GE_GATE,1,0,11
Hybrid-SORT,dancetrack0014,1173,19,7,1,1170,1175,0.497877,1,BETWEEN_0_AND_GATE,1,0,11
Hybrid-SORT,dancetrack0014,1174,19,7,1,1170,1175,0.525081,1,GE_GATE,1,0,11
Hybrid-SORT,dancetrack0014,1193,2,8,1,1192,1196,0.680213,5,GE_GATE,1,0,10
Hybrid-SORT,dancetrack0014,1194,2,8,1,1192,1196,0.641005,5,GE_GATE,1,0,11
Hybrid-SORT,dancetrack0014,1195,2,8,1,1192,1196,0.527584,5,GE_GATE,1,0,11
Hybrid-SORT,dancetrack0019,1169,26,6,1,1168,1173,0.734498,0,GE_GATE,1,0,6
Hybrid-SORT,dancetrack0019,1170,26,6,1,1168,1173,0.70694,0,GE_GATE,1,0,6
Hybrid-SORT,dancetrack0019,1171,26,6,1,1168,1173,0.737473,0,GE_GATE,1,0,6
Hybrid-SORT,dancetrack0019,1172,26,6,1,1168,1173,0.635388,0,GE_GATE,1,0,6
Hybrid-SORT,dancetrack0019,1316,19,0,1,1315,1318,0.605663,5,GE_GATE,1,0,6
Hybrid-SORT,dancetrack0019,1317,19,0,1,1315,1318,0.612932,5,GE_GATE,1,0,6
Hybrid-SORT,dancetrack0019,1823,50,6,1,1822,1827,0.567461,2,GE_GATE,1,0,6
Hybrid-SORT,dancetrack0019,1824,50,6,1,1822,1827,0.553465,2,GE_GATE,1,0,6
Hybrid-SORT,dancetrack0019,1825,50,6,1,1822,1827,0.572654,2,GE_GATE,1,0,6
Hybrid-SORT,dancetrack0019,1826,50,6,1,1822,1827,0.431645,2,BETWEEN_0_AND_GATE,1,0,6
Hybrid-SORT,dancetrack0019,1980,53,3,1,1979,1988,0.805545,0,GE_GATE,1,0,6
Hybrid-SORT,dancetrack0019,1981,53,3,1,1979,1988,0.830581,0,GE_GATE,1,0,6
Hybrid-SORT,dancetrack0019,1982,53,3,1,1979,1988,0.83369,0,GE_GATE,1,0,6
Hybrid-SORT,dancetrack0019,1983,53,3,1,1979,1988,0.903055,0,GE_GATE,1,0,6
Hybrid-SORT,dancetrack0019,1984,53,3,1,1979,1988,0.785854,0,GE_GATE,1,0,6
Hybrid-SORT,dancetrack0019,1985,53,3,1,1979,1988,0.670673,0,GE_GATE,1,0,6
Hybrid-SORT,dancetrack0019,1986,53,3,1,1979,1988,0.696457,0,GE_GATE,1,0,6
Hybrid-SORT,dancetrack0019,1987,53,3,1,1979,1988,0.786377,0,GE_GATE,1,0,6
Hybrid-SORT,dancetrack0025,204,6,6,1,203,218,0.476888,0,BETWEEN_0_AND_GATE,1,0,8
Hybrid-SORT,dancetrack0025,205,6,6,1,203,218,0.498546,0,BETWEEN_0_AND_GATE,1,0,8
Hybrid-SORT,dancetrack0025,206,6,6,1,203,218,0.498511,0,BETWEEN_0_AND_GATE,1,0,8
Hybrid-SORT,dancetrack0025,207,6,6,1,203,218,0.511685,0,GE_GATE,1,0,8
Hybrid-SORT,dancetrack0025,208,6,6,1,203,218,0.492199,0,BETWEEN_0_AND_GATE,1,0,8
Hybrid-SORT,dancetrack0025,209,6,6,1,203,218,0.5057,0,GE_GATE,1,0,8
Hybrid-SORT,dancetrack0025,210,6,6,1,203,218,0.506489,0,GE_GATE,1,0,8
Hybrid-SORT,dancetrack0025,211,6,6,1,203,218,0.521438,0,GE_GATE,1,0,8
Hybrid-SORT,dancetrack0025,212,6,6,1,203,218,0.51141,0,GE_GATE,1,0,8
Hybrid-SORT,dancetrack0025,213,6,6,1,203,218,0.520328,0,GE_GATE,1,0,8
Hybrid-SORT,dancetrack0025,214,6,6,1,203,218,0.526499,0,GE_GATE,1,0,8
Hybrid-SORT,dancetrack0025,215,6,6,1,203,218,0.53456,0,GE_GATE,1,0,8
Hybrid-SORT,dancetrack0025,216,6,6,1,203,218,0.542389,0,GE_GATE,1,0,8
Hybrid-SORT,dancetrack0025,217,6,6,1,203,218,0.549656,0,GE_GATE,1,0,8
Hybrid-SORT,dancetrack0025,287,8,6,1,286,289,0.58294,0,GE_GATE,1,0,8
Hybrid-SORT,dancetrack0025,288,8,6,1,286,289,0.66407,0,GE_GATE,1,0,8
Hybrid-SORT,dancetrack0026,8,10,11,1,7,9,0.203001,4,BETWEEN_0_AND_GATE,1,0,14
Hybrid-SORT,dancetrack0026,14,10,11,1,13,15,0.768781,5,GE_GATE,1,0,13
Hybrid-SORT,dancetrack0026,24,3,2,1,23,29,0.663529,0,GE_GATE,1,0,15
Hybrid-SORT,dancetrack0026,25,3,2,1,23,29,0.667138,0,GE_GATE,1,0,14
Hybrid-SORT,dancetrack0026,26,3,2,1,23,29,0.698656,0,GE_GATE,1,0,16
Hybrid-SORT,dancetrack0026,27,3,2,1,23,29,0.721194,0,GE_GATE,1,0,17
Hybrid-SORT,dancetrack0026,28,3,2,1,23,29,0.72182,0,GE_GATE,1,0,16
Hybrid-SORT,dancetrack0026,33,17,6,1,32,34,0.363815,14,BETWEEN_0_AND_GATE,1,0,14
Hybrid-SORT,dancetrack0026,40,2,0,1,39,43,0.649361,4,GE_GATE,1,0,15
Hybrid-SORT,dancetrack0026,41,2,0,1,39,43,0.63731,4,GE_GATE,1,0,15
Hybrid-SORT,dancetrack0026,42,2,0,1,39,43,0.628986,4,GE_GATE,1,0,14
Hybrid-SORT,dancetrack0026,52,10,15,1,51,54,0.390753,16,BETWEEN_0_AND_GATE,1,0,13
Hybrid-SORT,dancetrack0026,53,10,15,1,51,54,0.384588,16,BETWEEN_0_AND_GATE,1,0,14
Hybrid-SORT,dancetrack0026,60,22,8,1,59,62,0.258357,16,BETWEEN_0_AND_GATE,1,0,13
Hybrid-SORT,dancetrack0026,61,13,10,1,60,63,0.589797,6,GE_GATE,1,0,13
Hybrid-SORT,dancetrack0026,61,22,8,1,59,62,0.239032,16,BETWEEN_0_AND_GATE,1,0,13
Hybrid-SORT,dancetrack0026,62,13,10,1,60,63,0.552904,3,GE_GATE,1,0,13
Hybrid-SORT,dancetrack0026,70,12,9,1,69,77,0.521305,1,GE_GATE,1,0,15
Hybrid-SORT,dancetrack0026,71,12,9,1,69,77,0.576614,13,GE_GATE,1,0,15
Hybrid-SORT,dancetrack0026,72,12,9,1,69,77,0.646589,13,GE_GATE,1,0,16
Hybrid-SORT,dancetrack0026,73,12,9,1,69,77,0.739778,13,GE_GATE,1,0,15
Hybrid-SORT,dancetrack0026,74,12,9,1,69,77,0.651526,13,GE_GATE,1,0,14
Hybrid-SORT,dancetrack0026,75,12,9,1,69,77,0.536112,13,GE_GATE,1,0,14
Hybrid-SORT,dancetrack0026,76,7,4,1,75,81,0.621809,17,GE_GATE,1,0,13
Hybrid-SORT,dancetrack0026,76,12,9,1,69,77,0.418107,13,BETWEEN_0_AND_GATE,1,0,13
Hybrid-SORT,dancetrack0026,77,7,4,1,75,81,0.663162,17,GE_GATE,1,0,14
Hybrid-SORT,dancetrack0026,78,7,4,1,75,81,0.705012,17,GE_GATE,1,0,15
Hybrid-SORT,dancetrack0026,79,7,4,1,75,81,0.712215,17,GE_GATE,1,0,14
Hybrid-SORT,dancetrack0026,80,7,4,1,75,81,0.687377,17,GE_GATE,1,0,14
Hybrid-SORT,dancetrack0026,86,18,18,1,85,90,0.245615,16,BETWEEN_0_AND_GATE,1,0,12
Hybrid-SORT,dancetrack0026,87,18,18,1,85,90,0.256852,5,BETWEEN_0_AND_GATE,1,0,12
Hybrid-SORT,dancetrack0026,88,18,18,1,85,90,0.288112,5,BETWEEN_0_AND_GATE,1,0,13
Hybrid-SORT,dancetrack0026,89,18,18,1,85,90,0.320785,5,BETWEEN_0_AND_GATE,1,0,13
Hybrid-SORT,dancetrack0026,106,5,12,1,105,108,0.590017,9,GE_GATE,1,0,11
Hybrid-SORT,dancetrack0026,107,5,12,1,105,108,0.553232,9,GE_GATE,1,0,12
Hybrid-SORT,dancetrack0026,118,24,18,1,117,124,0.383998,1,BETWEEN_0_AND_GATE,1,0,14
Hybrid-SORT,dancetrack0026,119,24,18,1,117,124,0.371065,1,BETWEEN_0_AND_GATE,1,0,13
Hybrid-SORT,dancetrack0026,120,24,18,1,117,124,0.384778,1,BETWEEN_0_AND_GATE,1,0,13
Hybrid-SORT,dancetrack0026,121,24,18,1,117,124,0.368422,1,BETWEEN_0_AND_GATE,1,0,13
Hybrid-SORT,dancetrack0026,122,24,18,1,117,124,0.347079,1,BETWEEN_0_AND_GATE,1,0,13
Hybrid-SORT,dancetrack0026,123,24,18,1,117,124,0.445531,1,BETWEEN_0_AND_GATE,1,0,13
Hybrid-SORT,dancetrack0026,149,29,8,1,148,150,0.533938,6,GE_GATE,1,0,15
Hybrid-SORT,dancetrack0026,157,2,13,1,156,163,0.280844,10,BETWEEN_0_AND_GATE,1,0,12
Hybrid-SORT,dancetrack0026,158,2,13,1,156,163,0.28758,10,BETWEEN_0_AND_GATE,1,0,13
Hybrid-SORT,dancetrack0026,159,2,13,1,156,163,0.663008,12,GE_GATE,1,0,15
Hybrid-SORT,dancetrack0026,160,2,13,1,156,163,0.672264,12,GE_GATE,1,0,16
Hybrid-SORT,dancetrack0026,161,2,13,1,156,163,0.721827,12,GE_GATE,1,0,15
Hybrid-SORT,dancetrack0026,162,2,13,1,156,163,0.566746,12,GE_GATE,1,0,15
Hybrid-SORT,dancetrack0026,165,30,12,1,164,166,0.294092,10,BETWEEN_0_AND_GATE,1,0,15
Hybrid-SORT,dancetrack0026,168,16,16,1,167,169,0.546298,3,GE_GATE,1,0,13
Hybrid-SORT,dancetrack0026,168,29,8,1,167,172,0.731349,15,GE_GATE,1,0,13
Hybrid-SORT,dancetrack0026,168,34,16,1,167,169,0.650824,3,GE_GATE,1,0,13
Hybrid-SORT,dancetrack0026,169,29,8,1,167,172,0.728358,15,GE_GATE,1,0,13
Hybrid-SORT,dancetrack0026,170,29,8,1,167,172,0.663746,15,GE_GATE,1,0,11
Hybrid-SORT,dancetrack0026,170,34,16,1,169,174,0.728434,3,GE_GATE,1,0,11
Hybrid-SORT,dancetrack0026,171,29,8,1,167,172,0.681208,15,GE_GATE,1,0,12
Hybrid-SORT,dancetrack0026,171,34,16,1,169,174,0.727896,3,GE_GATE,1,0,12
Hybrid-SORT,dancetrack0026,172,34,16,1,169,174,0.841072,3,GE_GATE,1,0,11
Hybrid-SORT,dancetrack0026,173,34,16,1,169,174,0.761102,3,GE_GATE,1,0,11
Hybrid-SORT,dancetrack0026,200,35,2,1,199,202,0.576303,1,GE_GATE,1,0,13
Hybrid-SORT,dancetrack0026,201,35,2,1,199,202,0.578778,1,GE_GATE,1,0,13
Hybrid-SORT,dancetrack0026,231,18,7,1,230,232,0.233399,8,BETWEEN_0_AND_GATE,1,0,11
Hybrid-SORT,dancetrack0026,232,38,11,1,231,236,0.78202,13,GE_GATE,1,0,11
Hybrid-SORT,dancetrack0026,233,8,3,1,232,235,0.285923,8,BETWEEN_0_AND_GATE,1,0,9
Hybrid-SORT,dancetrack0026,233,38,11,1,231,236,0.45359,9,BETWEEN_0_AND_GATE,1,0,9
Hybrid-SORT,dancetrack0026,234,8,3,1,232,235,0.246573,8,BETWEEN_0_AND_GATE,1,0,11
Hybrid-SORT,dancetrack0026,234,38,11,1,231,236,0.371714,9,BETWEEN_0_AND_GATE,1,0,11
Hybrid-SORT,dancetrack0026,235,38,11,1,231,236,0.22189,1,BETWEEN_0_AND_GATE,1,0,11
Hybrid-SORT,dancetrack0026,237,18,7,1,236,238,0.282474,9,BETWEEN_0_AND_GATE,1,0,14
Hybrid-SORT,dancetrack0026,239,18,7,1,238,240,0.197337,1,BETWEEN_0_AND_GATE,1,0,10
Hybrid-SORT,dancetrack0026,245,7,13,1,244,246,0.645606,5,GE_GATE,1,0,14
Hybrid-SORT,dancetrack0026,249,7,13,1,248,251,0.481998,18,BETWEEN_0_AND_GATE,1,0,13
Hybrid-SORT,dancetrack0026,250,7,13,1,248,251,0.477059,18,BETWEEN_0_AND_GATE,1,0,13
Hybrid-SORT,dancetrack0026,251,18,7,1,250,253,0.468956,5,BETWEEN_0_AND_GATE,1,0,12
Hybrid-SORT,dancetrack0026,252,18,7,1,250,253,0.363601,5,BETWEEN_0_AND_GATE,1,0,12
Hybrid-SORT,dancetrack0026,254,18,7,1,253,255,0.244079,18,BETWEEN_0_AND_GATE,1,0,11
Hybrid-SORT,dancetrack0026,269,7,13,1,268,272,0.607222,11,GE_GATE,1,0,8
Hybrid-SORT,dancetrack0026,269,31,9,1,268,272,0.422211,18,BETWEEN_0_AND_GATE,1,0,8
Hybrid-SORT,dancetrack0026,270,7,13,1,268,272,0.630309,11,GE_GATE,1,0,8
Hybrid-SORT,dancetrack0026,270,31,9,1,268,272,0.47589,18,BETWEEN_0_AND_GATE,1,0,8
Hybrid-SORT,dancetrack0026,271,7,13,1,268,272,0.587985,11,GE_GATE,1,0,8
Hybrid-SORT,dancetrack0026,271,31,9,1,268,272,0.466435,18,BETWEEN_0_AND_GATE,1,0,8
Hybrid-SORT,dancetrack0030,1232,5,0,1,1231,1234,0.461238,5,BETWEEN_0_AND_GATE,1,0,5
Hybrid-SORT,dancetrack0030,1233,5,0,1,1231,1234,0.454835,5,BETWEEN_0_AND_GATE,1,0,5
Hybrid-SORT,dancetrack0034,211,7,9,1,210,213,0.334465,10,BETWEEN_0_AND_GATE,1,0,13
Hybrid-SORT,dancetrack0034,212,7,9,1,210,213,0.339305,10,BETWEEN_0_AND_GATE,1,0,12
Hybrid-SORT,dancetrack0034,218,19,12,1,217,220,0.442701,5,BETWEEN_0_AND_GATE,1,0,11
Hybrid-SORT,dancetrack0034,219,19,12,1,217,220,0.557392,5,GE_GATE,1,0,11
Hybrid-SORT,dancetrack0034,239,1,8,1,238,241,0.497055,3,BETWEEN_0_AND_GATE,1,0,12
Hybrid-SORT,dancetrack0034,240,1,8,1,238,241,0.516612,3,GE_GATE,1,0,12
Hybrid-SORT,dancetrack0034,243,19,12,1,242,246,0.353743,7,BETWEEN_0_AND_GATE,1,0,12
Hybrid-SORT,dancetrack0034,244,19,12,1,242,246,0.336548,7,BETWEEN_0_AND_GATE,1,0,12
Hybrid-SORT,dancetrack0034,245,19,12,1,242,246,0.330585,7,BETWEEN_0_AND_GATE,1,0,12
Hybrid-SORT,dancetrack0034,250,7,9,1,249,251,0.712837,5,GE_GATE,1,0,10
Hybrid-SORT,dancetrack0034,250,19,12,1,249,251,0.639815,13,GE_GATE,1,0,10
Hybrid-SORT,dancetrack0034,343,8,13,1,342,348,0.458942,9,BETWEEN_0_AND_GATE,1,0,11
Hybrid-SORT,dancetrack0034,344,8,13,1,342,348,0.599288,9,GE_GATE,1,0,11
Hybrid-SORT,dancetrack0034,345,8,13,1,342,348,0.693936,9,GE_GATE,1,0,11
Hybrid-SORT,dancetrack0034,346,8,13,1,342,348,0.649268,9,GE_GATE,1,0,11
Hybrid-SORT,dancetrack0034,347,8,13,1,342,348,0.577198,9,GE_GATE,1,0,11
Hybrid-SORT,dancetrack0034,351,19,11,1,350,353,0.674741,0,GE_GATE,1,0,11
Hybrid-SORT,dancetrack0034,352,19,11,1,350,353,0.662802,0,GE_GATE,1,0,10
Hybrid-SORT,dancetrack0034,401,28,10,1,400,405,0.590349,1,GE_GATE,1,0,7
Hybrid-SORT,dancetrack0034,402,28,10,1,400,405,0.597301,1,GE_GATE,1,0,7
Hybrid-SORT,dancetrack0034,403,28,10,1,400,405,0.598085,1,GE_GATE,1,0,7
Hybrid-SORT,dancetrack0034,404,28,10,1,400,405,0.609289,1,GE_GATE,1,0,8
Hybrid-SORT,dancetrack0034,482,5,7,1,481,486,0.71421,9,GE_GATE,1,0,10
Hybrid-SORT,dancetrack0034,483,5,7,1,481,486,0.709415,9,GE_GATE,1,0,10
Hybrid-SORT,dancetrack0034,484,5,7,1,481,486,0.706393,9,GE_GATE,1,0,9
Hybrid-SORT,dancetrack0034,484,29,13,1,483,487,0.771821,0,GE_GATE,1,0,9
Hybrid-SORT,dancetrack0034,485,5,7,1,481,486,0.672748,9,GE_GATE,1,0,9
Hybrid-SORT,dancetrack0034,485,29,13,1,483,487,0.737258,0,GE_GATE,1,0,9
Hybrid-SORT,dancetrack0034,486,29,13,1,483,487,0.650753,0,GE_GATE,1,0,10
Hybrid-SORT,dancetrack0034,488,6,5,1,487,489,0.730382,2,GE_GATE,1,0,11
Hybrid-SORT,dancetrack0034,492,31,11,1,491,494,0.529879,0,GE_GATE,1,0,11
Hybrid-SORT,dancetrack0034,493,31,11,1,491,494,0.737544,0,GE_GATE,1,0,11
Hybrid-SORT,dancetrack0034,512,29,13,1,511,515,0.499283,9,BETWEEN_0_AND_GATE,1,0,10
Hybrid-SORT,dancetrack0034,513,29,13,1,511,515,0.510343,9,GE_GATE,1,0,10
Hybrid-SORT,dancetrack0034,514,29,13,1,511,515,0.498564,9,BETWEEN_0_AND_GATE,1,0,11
Hybrid-SORT,dancetrack0034,543,31,13,1,542,547,0.6619,0,GE_GATE,1,0,12
Hybrid-SORT,dancetrack0034,544,31,13,1,542,547,0.819562,0,GE_GATE,1,0,12
Hybrid-SORT,dancetrack0034,545,31,13,1,542,547,0.614577,0,GE_GATE,1,0,12
Hybrid-SORT,dancetrack0034,546,31,13,1,542,547,0.471341,0,BETWEEN_0_AND_GATE,1,0,12
Hybrid-SORT,dancetrack0034,729,7,9,1,728,731,0.48938,5,BETWEEN_0_AND_GATE,1,0,11
Hybrid-SORT,dancetrack0034,730,7,9,1,728,731,0.441398,5,BETWEEN_0_AND_GATE,1,0,11
Hybrid-SORT,dancetrack0034,782,46,2,1,781,788,0.071701,8,BETWEEN_0_AND_GATE,1,0,12
Hybrid-SORT,dancetrack0034,783,46,2,1,781,788,0.073943,8,BETWEEN_0_AND_GATE,1,0,12
Hybrid-SORT,dancetrack0034,784,46,2,1,781,788,0.075577,8,BETWEEN_0_AND_GATE,1,0,12
Hybrid-SORT,dancetrack0034,785,46,2,1,781,788,0.075162,8,BETWEEN_0_AND_GATE,1,0,12
Hybrid-SORT,dancetrack0034,786,46,2,1,781,788,0.073952,8,BETWEEN_0_AND_GATE,1,0,12
Hybrid-SORT,dancetrack0034,787,46,2,1,781,788,0.072019,8,BETWEEN_0_AND_GATE,1,0,13
Hybrid-SORT,dancetrack0034,891,8,11,1,890,898,0.372237,5,BETWEEN_0_AND_GATE,1,0,8
Hybrid-SORT,dancetrack0034,892,8,11,1,890,898,0.448824,5,BETWEEN_0_AND_GATE,1,0,9
Hybrid-SORT,dancetrack0034,893,8,11,1,890,898,0.473062,5,BETWEEN_0_AND_GATE,1,0,9
Hybrid-SORT,dancetrack0034,894,8,11,1,890,898,0.560423,12,GE_GATE,1,0,12
Hybrid-SORT,dancetrack0034,895,8,11,1,890,898,0.539923,12,GE_GATE,1,0,11
Hybrid-SORT,dancetrack0034,896,8,11,1,890,898,0.657008,12,GE_GATE,1,0,10
Hybrid-SORT,dancetrack0034,897,8,11,1,890,898,0.422071,12,BETWEEN_0_AND_GATE,1,0,11
Hybrid-SORT,dancetrack0035,21,6,2,1,20,22,0.742201,6,GE_GATE,1,0,6
Hybrid-SORT,dancetrack0035,221,3,1,1,220,224,0.599061,0,GE_GATE,1,0,7
Hybrid-SORT,dancetrack0035,222,3,1,1,220,224,0.643735,0,GE_GATE,1,0,7
Hybrid-SORT,dancetrack0035,223,3,1,1,220,224,0.661022,0,GE_GATE,1,0,7
Hybrid-SORT,dancetrack0035,361,3,3,1,360,364,0.513262,5,GE_GATE,1,0,7
Hybrid-SORT,dancetrack0035,362,3,3,1,360,364,0.579801,5,GE_GATE,1,0,7
Hybrid-SORT,dancetrack0035,363,3,3,1,360,364,0.48583,5,BETWEEN_0_AND_GATE,1,0,7
Hybrid-SORT,dancetrack0035,419,9,3,1,418,422,0.489754,5,BETWEEN_0_AND_GATE,1,0,7
Hybrid-SORT,dancetrack0035,420,9,3,1,418,422,0.494708,5,BETWEEN_0_AND_GATE,1,0,7
Hybrid-SORT,dancetrack0035,421,9,3,1,418,422,0.494667,5,BETWEEN_0_AND_GATE,1,0,7
Hybrid-SORT,dancetrack0035,430,4,6,1,429,433,0.746489,2,GE_GATE,1,0,6
Hybrid-SORT,dancetrack0035,431,4,6,1,429,433,0.686959,2,GE_GATE,1,0,6
Hybrid-SORT,dancetrack0035,432,4,6,1,429,433,0.627823,2,GE_GATE,1,0,6
Hybrid-SORT,dancetrack0041,55,1,14,1,54,56,0.742687,18,GE_GATE,1,0,10
Hybrid-SORT,dancetrack0041,59,6,16,1,58,62,0.77684,1,GE_GATE,1,0,8
Hybrid-SORT,dancetrack0041,60,6,16,1,58,62,0.683572,1,GE_GATE,1,0,10
Hybrid-SORT,dancetrack0041,61,6,16,1,58,62,0.572734,1,GE_GATE,1,0,10
Hybrid-SORT,dancetrack0041,72,6,16,1,71,74,0.803774,18,GE_GATE,1,0,10
Hybrid-SORT,dancetrack0041,73,6,16,1,71,74,0.814174,18,GE_GATE,1,0,10
Hybrid-SORT,dancetrack0041,83,2,17,1,82,86,0.846033,18,GE_GATE,1,0,10
Hybrid-SORT,dancetrack0041,84,2,17,1,82,86,0.762628,18,GE_GATE,1,0,10
Hybrid-SORT,dancetrack0041,85,2,17,1,82,86,0.677267,18,GE_GATE,1,0,10
Hybrid-SORT,dancetrack0041,93,11,15,1,92,94,0.726848,1,GE_GATE,1,0,11
Hybrid-SORT,dancetrack0041,102,2,17,1,101,104,0.691179,14,GE_GATE,1,0,9
Hybrid-SORT,dancetrack0041,103,2,17,1,101,104,0.628257,14,GE_GATE,1,0,9
Hybrid-SORT,dancetrack0041,107,11,15,1,106,110,0.65825,18,GE_GATE,1,0,9
Hybrid-SORT,dancetrack0041,108,11,15,1,106,110,0.819526,18,GE_GATE,1,0,9
Hybrid-SORT,dancetrack0041,109,11,15,1,106,110,0.759752,18,GE_GATE,1,0,10
Hybrid-SORT,dancetrack0041,124,8,1,1,123,126,0.686187,0,GE_GATE,1,0,10
Hybrid-SORT,dancetrack0041,125,8,1,1,123,126,0.650472,0,GE_GATE,1,0,10
Hybrid-SORT,dancetrack0041,132,7,18,1,131,134,0.521031,12,GE_GATE,1,0,11
Hybrid-SORT,dancetrack0041,133,7,18,1,131,134,0.6129,0,GE_GATE,1,0,11
Hybrid-SORT,dancetrack0041,134,8,1,1,133,137,0.575301,19,GE_GATE,1,0,12
Hybrid-SORT,dancetrack0041,135,8,1,1,133,137,0.769354,19,GE_GATE,1,0,11
Hybrid-SORT,dancetrack0041,135,13,13,1,134,138,0.663878,14,GE_GATE,1,0,11
Hybrid-SORT,dancetrack0041,136,8,1,1,133,137,0.857591,19,GE_GATE,1,0,11
Hybrid-SORT,dancetrack0041,136,13,13,1,134,138,0.682977,14,GE_GATE,1,0,11
Hybrid-SORT,dancetrack0041,137,13,13,1,134,138,0.655894,14,GE_GATE,1,0,11
Hybrid-SORT,dancetrack0041,141,11,15,1,140,143,0.741468,21,GE_GATE,1,0,10
Hybrid-SORT,dancetrack0041,142,11,15,1,140,143,0.663546,21,GE_GATE,1,0,9
Hybrid-SORT,dancetrack0041,152,7,18,1,151,154,0.832161,1,GE_GATE,1,0,10
Hybrid-SORT,dancetrack0041,153,7,18,1,151,154,0.724286,1,GE_GATE,1,0,11
Hybrid-SORT,dancetrack0041,245,21,21,1,244,248,0.652972,14,GE_GATE,1,0,14
Hybrid-SORT,dancetrack0041,246,21,21,1,244,248,0.682241,14,GE_GATE,1,0,13
Hybrid-SORT,dancetrack0041,247,21,21,1,244,248,0.611615,14,GE_GATE,1,0,14
Hybrid-SORT,dancetrack0041,253,2,7,1,252,256,0.388026,0,BETWEEN_0_AND_GATE,1,0,14
Hybrid-SORT,dancetrack0041,254,2,7,1,252,256,0.388755,13,BETWEEN_0_AND_GATE,1,0,15
Hybrid-SORT,dancetrack0041,255,2,7,1,252,256,0.402848,13,BETWEEN_0_AND_GATE,1,0,15
Hybrid-SORT,dancetrack0041,275,20,2,1,274,277,0.516302,0,GE_GATE,1,0,14
Hybrid-SORT,dancetrack0041,276,20,2,1,274,277,0.463119,0,BETWEEN_0_AND_GATE,1,0,14
Hybrid-SORT,dancetrack0041,287,15,17,1,286,290,0.59532,14,GE_GATE,1,0,14
Hybrid-SORT,dancetrack0041,288,15,17,1,286,290,0.618493,14,GE_GATE,1,0,14
Hybrid-SORT,dancetrack0041,289,15,17,1,286,290,0.5977,14,GE_GATE,1,0,14
Hybrid-SORT,dancetrack0041,291,20,15,1,290,293,0.425661,19,BETWEEN_0_AND_GATE,1,0,13
Hybrid-SORT,dancetrack0041,292,20,15,1,290,293,0.467617,19,BETWEEN_0_AND_GATE,1,0,13
Hybrid-SORT,dancetrack0041,314,3,2,1,313,317,0.809664,7,GE_GATE,1,0,15
Hybrid-SORT,dancetrack0041,315,3,2,1,313,317,0.771942,14,GE_GATE,1,0,14
Hybrid-SORT,dancetrack0041,316,3,2,1,313,317,0.7293,7,GE_GATE,1,0,14
Hybrid-SORT,dancetrack0041,318,26,12,1,317,319,0.745227,4,GE_GATE,1,0,13
Hybrid-SORT,dancetrack0041,325,3,2,1,324,328,0.698082,21,GE_GATE,1,0,13
Hybrid-SORT,dancetrack0041,326,3,2,1,324,328,0.731828,21,GE_GATE,1,0,14
Hybrid-SORT,dancetrack0041,327,3,2,1,324,328,0.727712,21,GE_GATE,1,0,12
Hybrid-SORT,dancetrack0041,327,18,15,1,326,331,0.598672,18,GE_GATE,1,0,12
Hybrid-SORT,dancetrack0041,328,18,15,1,326,331,0.573216,18,GE_GATE,1,0,14
Hybrid-SORT,dancetrack0041,329,18,15,1,326,331,0.565749,18,GE_GATE,1,0,14
Hybrid-SORT,dancetrack0041,330,18,15,1,326,331,0.622687,11,GE_GATE,1,0,15
Hybrid-SORT,dancetrack0041,336,3,2,1,335,339,0.845323,16,GE_GATE,1,0,14
Hybrid-SORT,dancetrack0041,337,3,2,1,335,339,0.742794,16,GE_GATE,1,0,13
Hybrid-SORT,dancetrack0041,338,3,2,1,335,339,0.715838,16,GE_GATE,1,0,14
Hybrid-SORT,dancetrack0041,343,18,11,1,342,345,0.667331,14,GE_GATE,1,0,12
Hybrid-SORT,dancetrack0041,343,22,10,1,342,345,0.646789,21,GE_GATE,1,0,12
Hybrid-SORT,dancetrack0041,344,18,11,1,342,345,0.617756,14,GE_GATE,1,0,13
Hybrid-SORT,dancetrack0041,344,22,10,1,342,345,0.594863,21,GE_GATE,1,0,13
Hybrid-SORT,dancetrack0041,346,14,13,1,345,350,0.522548,18,GE_GATE,1,0,14
Hybrid-SORT,dancetrack0041,347,14,13,1,345,350,0.515209,18,GE_GATE,1,0,14
Hybrid-SORT,dancetrack0041,348,14,13,1,345,350,0.53362,18,GE_GATE,1,0,14
Hybrid-SORT,dancetrack0041,349,14,13,1,345,350,0.583417,18,GE_GATE,1,0,15
Hybrid-SORT,dancetrack0041,354,18,11,1,353,356,0.524458,21,GE_GATE,1,0,16
Hybrid-SORT,dancetrack0041,355,18,11,1,353,356,0.683225,21,GE_GATE,1,0,16
Hybrid-SORT,dancetrack0041,363,22,10,1,362,365,0.755022,2,GE_GATE,1,0,18
Hybrid-SORT,dancetrack0041,364,22,10,1,362,365,0.739498,2,GE_GATE,1,0,17
Hybrid-SORT,dancetrack0041,389,35,4,1,388,393,0.698808,2,GE_GATE,1,0,19
Hybrid-SORT,dancetrack0041,390,35,4,1,388,393,0.639838,2,GE_GATE,1,0,18
Hybrid-SORT,dancetrack0041,391,35,4,1,388,393,0.506081,2,GE_GATE,1,0,18
Hybrid-SORT,dancetrack0041,392,35,4,1,388,393,0.422814,2,BETWEEN_0_AND_GATE,1,0,19
Hybrid-SORT,dancetrack0041,397,6,7,1,396,403,0.683924,4,GE_GATE,1,0,19
Hybrid-SORT,dancetrack0041,398,6,7,1,396,403,0.652675,4,GE_GATE,1,0,19
Hybrid-SORT,dancetrack0041,399,6,7,1,396,403,0.716943,4,GE_GATE,1,0,19
Hybrid-SORT,dancetrack0041,400,6,7,1,396,403,0.658313,4,GE_GATE,1,0,19
Hybrid-SORT,dancetrack0041,401,6,7,1,396,403,0.761979,4,GE_GATE,1,0,20
Hybrid-SORT,dancetrack0041,402,6,7,1,396,403,0.610813,10,GE_GATE,1,0,19
Hybrid-SORT,dancetrack0041,459,29,8,1,458,468,0.556408,6,GE_GATE,1,0,19
Hybrid-SORT,dancetrack0041,460,29,8,1,458,468,0.44061,6,BETWEEN_0_AND_GATE,1,0,19
Hybrid-SORT,dancetrack0041,461,29,8,1,458,468,0.479328,5,BETWEEN_0_AND_GATE,1,0,19
Hybrid-SORT,dancetrack0041,462,29,8,1,458,468,0.566803,5,GE_GATE,1,0,19
Hybrid-SORT,dancetrack0041,463,29,8,1,458,468,0.637034,5,GE_GATE,1,0,18
Hybrid-SORT,dancetrack0041,464,29,8,1,458,468,0.653735,5,GE_GATE,1,0,18
Hybrid-SORT,dancetrack0041,465,29,8,1,458,468,0.587617,5,GE_GATE,1,0,19
Hybrid-SORT,dancetrack0041,466,29,8,1,458,468,0.517649,5,GE_GATE,1,0,19
Hybrid-SORT,dancetrack0041,467,29,8,1,458,468,0.403157,5,BETWEEN_0_AND_GATE,1,0,18
Hybrid-SORT,dancetrack0041,487,29,8,1,486,490,0.675454,9,GE_GATE,1,0,18
Hybrid-SORT,dancetrack0041,488,29,8,1,486,490,0.64814,9,GE_GATE,1,0,18
Hybrid-SORT,dancetrack0041,489,29,8,1,486,490,0.568148,9,GE_GATE,1,0,18
Hybrid-SORT,dancetrack0041,516,38,3,1,515,520,0.82389,9,GE_GATE,1,0,19
Hybrid-SORT,dancetrack0041,517,38,3,1,515,520,0.676041,9,GE_GATE,1,0,20
Hybrid-SORT,dancetrack0041,518,19,12,1,517,519,0.608767,14,GE_GATE,1,0,19
Hybrid-SORT,dancetrack0041,518,38,3,1,515,520,0.585155,9,GE_GATE,1,0,19
Hybrid-SORT,dancetrack0041,519,38,3,1,515,520,0.491575,9,BETWEEN_0_AND_GATE,1,0,19
Hybrid-SORT,dancetrack0041,526,38,3,1,525,529,0.620536,8,GE_GATE,1,0,18
Hybrid-SORT,dancetrack0041,527,22,5,1,526,532,0.634383,6,GE_GATE,1,0,17
Hybrid-SORT,dancetrack0041,527,38,3,1,525,529,0.590462,8,GE_GATE,1,0,17
Hybrid-SORT,dancetrack0041,528,22,5,1,526,532,0.672471,6,GE_GATE,1,0,17
Hybrid-SORT,dancetrack0041,528,38,3,1,525,529,0.545701,8,GE_GATE,1,0,17
Hybrid-SORT,dancetrack0041,529,22,5,1,526,532,0.749918,6,GE_GATE,1,0,18
Hybrid-SORT,dancetrack0041,530,22,5,1,526,532,0.717643,6,GE_GATE,1,0,18
Hybrid-SORT,dancetrack0041,531,22,5,1,526,532,0.688781,6,GE_GATE,1,0,18
Hybrid-SORT,dancetrack0041,568,36,10,1,567,572,0.603439,9,GE_GATE,1,0,20
Hybrid-SORT,dancetrack0041,569,36,10,1,567,572,0.661524,9,GE_GATE,1,0,20
Hybrid-SORT,dancetrack0041,570,36,10,1,567,572,0.640086,9,GE_GATE,1,0,20
Hybrid-SORT,dancetrack0041,571,36,10,1,567,572,0.563874,9,GE_GATE,1,0,20
Hybrid-SORT,dancetrack0041,602,50,15,1,601,611,0.465814,10,BETWEEN_0_AND_GATE,1,0,16
Hybrid-SORT,dancetrack0041,603,50,15,1,601,611,0.458635,10,BETWEEN_0_AND_GATE,1,0,16
Hybrid-SORT,dancetrack0041,604,50,15,1,601,611,0.494851,10,BETWEEN_0_AND_GATE,1,0,16
Hybrid-SORT,dancetrack0041,605,50,15,1,601,611,0.505437,10,GE_GATE,1,0,16
Hybrid-SORT,dancetrack0041,606,50,15,1,601,611,0.530076,10,GE_GATE,1,0,16
Hybrid-SORT,dancetrack0041,607,50,15,1,601,611,0.526659,10,GE_GATE,1,0,18
Hybrid-SORT,dancetrack0041,608,9,19,1,607,609,0.759593,0,GE_GATE,1,0,17
Hybrid-SORT,dancetrack0041,608,50,15,1,601,611,0.626362,10,GE_GATE,1,0,17
Hybrid-SORT,dancetrack0041,609,50,15,1,601,611,0.668968,10,GE_GATE,1,0,18
Hybrid-SORT,dancetrack0041,610,50,15,1,601,611,0.679815,10,GE_GATE,1,0,18
Hybrid-SORT,dancetrack0041,627,50,15,1,626,633,0.624943,8,GE_GATE,1,0,19
Hybrid-SORT,dancetrack0041,628,50,15,1,626,633,0.698901,8,GE_GATE,1,0,19
Hybrid-SORT,dancetrack0041,629,50,15,1,626,633,0.681551,8,GE_GATE,1,0,20
Hybrid-SORT,dancetrack0041,630,50,15,1,626,633,0.597769,8,GE_GATE,1,0,19
Hybrid-SORT,dancetrack0041,631,50,15,1,626,633,0.574528,8,GE_GATE,1,0,19
Hybrid-SORT,dancetrack0041,632,50,15,1,626,633,0.479487,8,BETWEEN_0_AND_GATE,1,0,19
Hybrid-SORT,dancetrack0041,633,35,7,1,632,638,0.723418,6,GE_GATE,1,0,19
Hybrid-SORT,dancetrack0041,634,18,4,1,633,644,0.659184,5,GE_GATE,1,0,18
Hybrid-SORT,dancetrack0041,634,35,7,1,632,638,0.749067,6,GE_GATE,1,0,18
Hybrid-SORT,dancetrack0041,635,18,4,1,633,644,0.718968,5,GE_GATE,1,0,18
Hybrid-SORT,dancetrack0041,635,35,7,1,632,638,0.679794,6,GE_GATE,1,0,18
Hybrid-SORT,dancetrack0041,636,18,4,1,633,644,0.706559,5,GE_GATE,1,0,18
Hybrid-SORT,dancetrack0041,636,35,7,1,632,638,0.4918,6,BETWEEN_0_AND_GATE,1,0,18
Hybrid-SORT,dancetrack0041,637,18,4,1,633,644,0.769578,5,GE_GATE,1,0,19
Hybrid-SORT,dancetrack0041,637,35,7,1,632,638,0.485124,6,BETWEEN_0_AND_GATE,1,0,19
Hybrid-SORT,dancetrack0041,638,18,4,1,633,644,0.759218,5,GE_GATE,1,0,20
Hybrid-SORT,dancetrack0041,639,18,4,1,633,644,0.708309,5,GE_GATE,1,0,20
Hybrid-SORT,dancetrack0041,640,18,4,1,633,644,0.650451,5,GE_GATE,1,0,20
Hybrid-SORT,dancetrack0041,641,18,4,1,633,644,0.638394,5,GE_GATE,1,0,20
Hybrid-SORT,dancetrack0041,642,18,4,1,633,644,0.541968,5,GE_GATE,1,0,20
Hybrid-SORT,dancetrack0041,643,18,4,1,633,644,0.538908,5,GE_GATE,1,0,19
Hybrid-SORT,dancetrack0041,643,50,15,1,642,650,0.6247,11,GE_GATE,1,0,19
Hybrid-SORT,dancetrack0041,644,50,15,1,642,650,0.715285,11,GE_GATE,1,0,19
Hybrid-SORT,dancetrack0041,645,50,15,1,642,650,0.743624,11,GE_GATE,1,0,19
Hybrid-SORT,dancetrack0041,646,50,15,1,642,650,0.749367,11,GE_GATE,1,0,20
Hybrid-SORT,dancetrack0041,647,50,15,1,642,650,0.728694,11,GE_GATE,1,0,20
Hybrid-SORT,dancetrack0041,648,50,15,1,642,650,0.606739,11,GE_GATE,1,0,19
Hybrid-SORT,dancetrack0041,649,50,15,1,642,650,0.54961,11,GE_GATE,1,0,20
Hybrid-SORT,dancetrack0041,650,35,7,1,649,654,0.714766,5,GE_GATE,1,0,20
Hybrid-SORT,dancetrack0041,651,35,7,1,649,654,0.750092,5,GE_GATE,1,0,20
Hybrid-SORT,dancetrack0041,652,35,7,1,649,654,0.64596,5,GE_GATE,1,0,21
Hybrid-SORT,dancetrack0041,653,35,7,1,649,654,0.522412,5,GE_GATE,1,0,21
Hybrid-SORT,dancetrack0041,660,18,4,1,659,666,0.618829,3,GE_GATE,1,0,20
Hybrid-SORT,dancetrack0041,661,14,16,1,660,663,0.575995,0,GE_GATE,1,0,20
Hybrid-SORT,dancetrack0041,661,18,4,1,659,666,0.653499,3,GE_GATE,1,0,20
Hybrid-SORT,dancetrack0041,662,14,16,1,660,663,0.559696,0,GE_GATE,1,0,19
Hybrid-SORT,dancetrack0041,662,18,4,1,659,666,0.68634,3,GE_GATE,1,0,19
Hybrid-SORT,dancetrack0041,663,18,4,1,659,666,0.697886,3,GE_GATE,1,0,20
Hybrid-SORT,dancetrack0041,664,18,4,1,659,666,0.665376,3,GE_GATE,1,0,18
Hybrid-SORT,dancetrack0041,664,21,21,1,663,666,0.55915,19,GE_GATE,1,0,18
Hybrid-SORT,dancetrack0041,664,50,15,1,663,667,0.772784,6,GE_GATE,1,0,18
Hybrid-SORT,dancetrack0041,665,18,4,1,659,666,0.695973,3,GE_GATE,1,0,18
Hybrid-SORT,dancetrack0041,665,21,21,1,663,666,0.484579,19,BETWEEN_0_AND_GATE,1,0,18
Hybrid-SORT,dancetrack0041,665,50,15,1,663,667,0.659627,6,GE_GATE,1,0,18
Hybrid-SORT,dancetrack0041,666,50,15,1,663,667,0.548907,6,GE_GATE,1,0,19
Hybrid-SORT,dancetrack0041,681,50,15,1,680,683,0.79079,5,GE_GATE,1,0,21
Hybrid-SORT,dancetrack0041,682,50,15,1,680,683,0.759673,5,GE_GATE,1,0,20
Hybrid-SORT,dancetrack0041,692,3,13,1,691,693,0.634803,6,GE_GATE,1,0,19
Hybrid-SORT,dancetrack0041,698,56,2,1,697,700,0.65395,14,GE_GATE,1,0,20
Hybrid-SORT,dancetrack0041,699,56,2,1,697,700,0.501233,14,GE_GATE,1,0,20
Hybrid-SORT,dancetrack0041,704,56,2,1,703,706,0.64591,21,GE_GATE,1,0,20
Hybrid-SORT,dancetrack0041,705,56,2,1,703,706,0.58974,21,GE_GATE,1,0,19
Hybrid-SORT,dancetrack0041,706,50,15,1,705,714,0.619666,3,GE_GATE,1,0,19
Hybrid-SORT,dancetrack0041,707,50,15,1,705,714,0.620709,3,GE_GATE,1,0,19
Hybrid-SORT,dancetrack0041,708,50,15,1,705,714,0.623501,3,GE_GATE,1,0,19
Hybrid-SORT,dancetrack0041,709,50,15,1,705,714,0.629822,3,GE_GATE,1,0,19
Hybrid-SORT,dancetrack0041,710,50,15,1,705,714,0.681135,3,GE_GATE,1,0,18
Hybrid-SORT,dancetrack0041,711,50,15,1,705,714,0.710692,3,GE_GATE,1,0,18
Hybrid-SORT,dancetrack0041,712,50,15,1,705,714,0.637656,3,GE_GATE,1,0,17
Hybrid-SORT,dancetrack0041,712,56,2,1,711,714,0.553064,16,GE_GATE,1,0,17
Hybrid-SORT,dancetrack0041,713,50,15,1,705,714,0.589444,3,GE_GATE,1,0,16
Hybrid-SORT,dancetrack0041,713,56,2,1,711,714,0.673986,16,GE_GATE,1,0,16
Hybrid-SORT,dancetrack0041,715,24,9,1,714,716,0.663511,14,GE_GATE,1,0,18
Hybrid-SORT,dancetrack0041,748,46,11,1,747,750,0.383872,14,BETWEEN_0_AND_GATE,1,0,19
Hybrid-SORT,dancetrack0041,749,46,11,1,747,750,0.343236,14,BETWEEN_0_AND_GATE,1,0,19
Hybrid-SORT,dancetrack0041,752,38,5,1,751,753,0.405378,18,BETWEEN_0_AND_GATE,1,0,20
Hybrid-SORT,dancetrack0041,760,22,3,1,759,761,0.418419,18,BETWEEN_0_AND_GATE,1,0,19
Hybrid-SORT,dancetrack0041,768,18,4,1,767,769,0.451192,18,BETWEEN_0_AND_GATE,1,0,19
Hybrid-SORT,dancetrack0041,787,65,11,1,786,793,0.434213,0,BETWEEN_0_AND_GATE,1,0,19
Hybrid-SORT,dancetrack0041,788,65,11,1,786,793,0.495021,0,BETWEEN_0_AND_GATE,1,0,19
Hybrid-SORT,dancetrack0041,789,65,11,1,786,793,0.500734,0,GE_GATE,1,0,19
Hybrid-SORT,dancetrack0041,790,65,11,1,786,793,0.506892,0,GE_GATE,1,0,18
Hybrid-SORT,dancetrack0041,791,53,10,1,790,793,0.412443,1,BETWEEN_0_AND_GATE,1,0,17
Hybrid-SORT,dancetrack0041,791,65,11,1,786,793,0.478344,0,BETWEEN_0_AND_GATE,1,0,17
Hybrid-SORT,dancetrack0041,792,53,10,1,790,793,0.393393,1,BETWEEN_0_AND_GATE,1,0,17
Hybrid-SORT,dancetrack0041,792,65,11,1,786,793,0.511038,0,GE_GATE,1,0,17
Hybrid-SORT,dancetrack0041,816,29,6,1,815,819,0.505384,0,GE_GATE,1,0,19
Hybrid-SORT,dancetrack0041,817,29,6,1,815,819,0.447698,0,BETWEEN_0_AND_GATE,1,0,19
Hybrid-SORT,dancetrack0041,818,29,6,1,815,819,0.358118,0,BETWEEN_0_AND_GATE,1,0,19
Hybrid-SORT,dancetrack0041,837,14,8,1,836,844,0.681109,1,GE_GATE,1,0,18
Hybrid-SORT,dancetrack0041,838,14,8,1,836,844,0.618261,1,GE_GATE,1,0,17
Hybrid-SORT,dancetrack0041,839,14,8,1,836,844,0.672177,1,GE_GATE,1,0,17
Hybrid-SORT,dancetrack0041,840,14,8,1,836,844,0.657579,1,GE_GATE,1,0,18
Hybrid-SORT,dancetrack0041,841,14,8,1,836,844,0.657744,1,GE_GATE,1,0,18
Hybrid-SORT,dancetrack0041,842,14,8,1,836,844,0.59273,1,GE_GATE,1,0,18
Hybrid-SORT,dancetrack0041,843,14,8,1,836,844,0.528178,1,GE_GATE,1,0,18
Hybrid-SORT,dancetrack0041,860,57,7,1,859,864,0.459914,14,BETWEEN_0_AND_GATE,1,0,20
Hybrid-SORT,dancetrack0041,861,57,7,1,859,864,0.458966,14,BETWEEN_0_AND_GATE,1,0,20
Hybrid-SORT,dancetrack0041,862,57,7,1,859,864,0.433539,14,BETWEEN_0_AND_GATE,1,0,21
Hybrid-SORT,dancetrack0041,863,57,7,1,859,864,0.445734,14,BETWEEN_0_AND_GATE,1,0,21
Hybrid-SORT,dancetrack0041,866,57,7,1,865,870,0.428443,14,BETWEEN_0_AND_GATE,1,0,21
Hybrid-SORT,dancetrack0041,867,57,7,1,865,870,0.462057,14,BETWEEN_0_AND_GATE,1,0,21
Hybrid-SORT,dancetrack0041,868,57,7,1,865,870,0.512746,14,GE_GATE,1,0,20
Hybrid-SORT,dancetrack0041,869,57,7,1,865,870,0.512172,14,GE_GATE,1,0,20
Hybrid-SORT,dancetrack0041,886,24,9,1,885,892,0.74697,16,GE_GATE,1,0,20
Hybrid-SORT,dancetrack0041,887,24,9,1,885,892,0.755552,16,GE_GATE,1,0,20
Hybrid-SORT,dancetrack0041,888,24,9,1,885,892,0.819433,16,GE_GATE,1,0,20
Hybrid-SORT,dancetrack0041,889,24,9,1,885,892,0.830208,16,GE_GATE,1,0,20
Hybrid-SORT,dancetrack0041,890,24,9,1,885,892,0.738214,16,GE_GATE,1,0,20
Hybrid-SORT,dancetrack0041,891,24,9,1,885,892,0.701304,16,GE_GATE,1,0,20
Hybrid-SORT,dancetrack0041,908,56,2,1,907,911,0.714999,16,GE_GATE,1,0,17
Hybrid-SORT,dancetrack0041,909,56,2,1,907,911,0.679803,16,GE_GATE,1,0,18
Hybrid-SORT,dancetrack0041,910,56,2,1,907,911,0.747384,16,GE_GATE,1,0,20
Hybrid-SORT,dancetrack0041,935,56,10,1,934,936,0.472809,16,BETWEEN_0_AND_GATE,1,0,14
Hybrid-SORT,dancetrack0043,128,5,5,1,127,132,0.299226,7,BETWEEN_0_AND_GATE,1,0,10
Hybrid-SORT,dancetrack0043,129,5,5,1,127,132,0.311285,7,BETWEEN_0_AND_GATE,1,0,10
Hybrid-SORT,dancetrack0043,130,5,5,1,127,132,0.318965,7,BETWEEN_0_AND_GATE,1,0,10
Hybrid-SORT,dancetrack0043,131,5,5,1,127,132,0.324316,7,BETWEEN_0_AND_GATE,1,0,9
Hybrid-SORT,dancetrack0043,131,10,3,1,130,133,0.623527,6,GE_GATE,1,0,9
Hybrid-SORT,dancetrack0043,132,10,3,1,130,133,0.513531,6,GE_GATE,1,0,9
Hybrid-SORT,dancetrack0043,144,14,10,1,143,148,0.520236,4,GE_GATE,1,0,9
Hybrid-SORT,dancetrack0043,145,14,10,1,143,148,0.500007,4,GE_GATE,1,0,9
Hybrid-SORT,dancetrack0043,146,14,10,1,143,148,0.432005,4,BETWEEN_0_AND_GATE,1,0,9
Hybrid-SORT,dancetrack0043,147,14,10,1,143,148,0.368716,4,BETWEEN_0_AND_GATE,1,0,9
Hybrid-SORT,dancetrack0043,162,12,3,1,161,164,0.349414,4,BETWEEN_0_AND_GATE,1,0,9
Hybrid-SORT,dancetrack0043,163,12,3,1,161,164,0.334397,4,BETWEEN_0_AND_GATE,1,0,9
Hybrid-SORT,dancetrack0043,165,15,9,1,164,171,0.354236,5,BETWEEN_0_AND_GATE,1,0,9
Hybrid-SORT,dancetrack0043,166,15,9,1,164,171,0.471904,5,BETWEEN_0_AND_GATE,1,0,9
Hybrid-SORT,dancetrack0043,167,15,9,1,164,171,0.574214,5,GE_GATE,1,0,10
Hybrid-SORT,dancetrack0043,168,15,9,1,164,171,0.696208,5,GE_GATE,1,0,9
Hybrid-SORT,dancetrack0043,169,15,9,1,164,171,0.652748,5,GE_GATE,1,0,8
Hybrid-SORT,dancetrack0043,170,15,9,1,164,171,0.461494,5,BETWEEN_0_AND_GATE,1,0,7
Hybrid-SORT,dancetrack0043,172,3,1,1,171,176,0.492868,4,BETWEEN_0_AND_GATE,1,0,9
Hybrid-SORT,dancetrack0043,173,3,1,1,171,176,0.48629,4,BETWEEN_0_AND_GATE,1,0,9
Hybrid-SORT,dancetrack0043,174,3,1,1,171,176,0.458008,11,BETWEEN_0_AND_GATE,1,0,9
Hybrid-SORT,dancetrack0043,175,3,1,1,171,176,0.498153,11,BETWEEN_0_AND_GATE,1,0,9
Hybrid-SORT,dancetrack0047,620,22,2,1,619,624,0.326774,0,BETWEEN_0_AND_GATE,1,0,7
Hybrid-SORT,dancetrack0047,621,22,2,1,619,624,0.374636,0,BETWEEN_0_AND_GATE,1,0,7
Hybrid-SORT,dancetrack0047,622,22,2,1,619,624,0.41672,0,BETWEEN_0_AND_GATE,1,0,7
Hybrid-SORT,dancetrack0047,623,22,2,1,619,624,0.454597,0,BETWEEN_0_AND_GATE,1,0,7
Hybrid-SORT,dancetrack0058,24,5,1,1,23,31,0.573516,6,GE_GATE,1,0,6
Hybrid-SORT,dancetrack0058,25,5,1,1,23,31,0.566487,6,GE_GATE,1,0,6
Hybrid-SORT,dancetrack0058,26,5,1,1,23,31,0.480465,6,BETWEEN_0_AND_GATE,1,0,6
Hybrid-SORT,dancetrack0058,27,5,1,1,23,31,0.500656,3,GE_GATE,1,0,6
Hybrid-SORT,dancetrack0058,28,5,1,1,23,31,0.580086,3,GE_GATE,1,0,6
Hybrid-SORT,dancetrack0058,29,5,1,1,23,31,0.67309,3,GE_GATE,1,0,6
Hybrid-SORT,dancetrack0058,30,5,1,1,23,31,0.66097,3,GE_GATE,1,0,6
Hybrid-SORT,dancetrack0058,222,4,1,1,221,224,0.434977,6,BETWEEN_0_AND_GATE,1,0,6
Hybrid-SORT,dancetrack0058,223,4,1,1,221,224,0.419199,6,BETWEEN_0_AND_GATE,1,0,6
Hybrid-SORT,dancetrack0058,277,3,3,1,276,278,0.637802,6,GE_GATE,1,0,6
Hybrid-SORT,dancetrack0058,902,4,1,1,901,910,0.605216,5,GE_GATE,1,0,6
Hybrid-SORT,dancetrack0058,903,4,1,1,901,910,0.595971,5,GE_GATE,1,0,6
Hybrid-SORT,dancetrack0058,904,4,1,1,901,910,0.579605,5,GE_GATE,1,0,6
Hybrid-SORT,dancetrack0058,905,4,1,1,901,910,0.563582,5,GE_GATE,1,0,6
Hybrid-SORT,dancetrack0058,906,4,1,1,901,910,0.556657,5,GE_GATE,1,0,6
Hybrid-SORT,dancetrack0058,907,4,1,1,901,910,0.544894,5,GE_GATE,1,0,6
Hybrid-SORT,dancetrack0058,908,4,1,1,901,910,0.519323,5,GE_GATE,1,0,6
Hybrid-SORT,dancetrack0058,909,4,1,1,901,910,0.526326,5,GE_GATE,1,0,6
Hybrid-SORT,dancetrack0058,1263,3,3,1,1262,1267,0.384766,1,BETWEEN_0_AND_GATE,1,0,6
Hybrid-SORT,dancetrack0058,1264,3,3,1,1262,1267,0.405754,1,BETWEEN_0_AND_GATE,1,0,6
Hybrid-SORT,dancetrack0058,1265,3,3,1,1262,1267,0.505904,1,GE_GATE,1,0,6
Hybrid-SORT,dancetrack0058,1266,3,3,1,1262,1267,0.407065,1,BETWEEN_0_AND_GATE,1,0,6
Hybrid-SORT,dancetrack0065,47,1,4,1,46,49,0.475171,1,BETWEEN_0_AND_GATE,1,0,4
Hybrid-SORT,dancetrack0065,48,1,4,1,46,49,0.405324,2,BETWEEN_0_AND_GATE,1,0,4
Hybrid-SORT,dancetrack0079,68,9,4,1,67,72,0.450366,7,BETWEEN_0_AND_GATE,1,0,8
Hybrid-SORT,dancetrack0079,69,9,4,1,67,72,0.480898,7,BETWEEN_0_AND_GATE,1,0,8
Hybrid-SORT,dancetrack0079,70,9,4,1,67,72,0.495541,7,BETWEEN_0_AND_GATE,1,0,7
Hybrid-SORT,dancetrack0079,71,9,4,1,67,72,0.452177,7,BETWEEN_0_AND_GATE,1,0,7
Hybrid-SORT,dancetrack0081,56,17,5,1,55,58,0.771642,9,GE_GATE,1,0,16
Hybrid-SORT,dancetrack0081,57,17,5,1,55,58,0.743869,9,GE_GATE,1,0,16
Hybrid-SORT,dancetrack0081,77,19,18,1,76,81,0.649634,13,GE_GATE,1,0,19
Hybrid-SORT,dancetrack0081,78,19,18,1,76,81,0.688113,13,GE_GATE,1,0,18
Hybrid-SORT,dancetrack0081,78,23,4,1,77,82,0.724309,9,GE_GATE,1,0,18
Hybrid-SORT,dancetrack0081,79,19,18,1,76,81,0.701526,13,GE_GATE,1,0,18
Hybrid-SORT,dancetrack0081,79,23,4,1,77,82,0.817033,9,GE_GATE,1,0,18
Hybrid-SORT,dancetrack0081,80,19,18,1,76,81,0.691723,13,GE_GATE,1,0,18
Hybrid-SORT,dancetrack0081,80,23,4,1,77,82,0.829758,9,GE_GATE,1,0,18
Hybrid-SORT,dancetrack0081,81,23,4,1,77,82,0.722132,9,GE_GATE,1,0,19
Hybrid-SORT,dancetrack0081,84,12,16,1,83,86,0.707953,15,GE_GATE,1,0,19
Hybrid-SORT,dancetrack0081,85,12,16,1,83,86,0.712053,15,GE_GATE,1,0,19
Hybrid-SORT,dancetrack0081,124,11,15,1,123,134,0.494936,7,BETWEEN_0_AND_GATE,1,0,17
Hybrid-SORT,dancetrack0081,125,11,15,1,123,134,0.506547,7,GE_GATE,1,0,17
Hybrid-SORT,dancetrack0081,126,11,15,1,123,134,0.487533,7,BETWEEN_0_AND_GATE,1,0,17
Hybrid-SORT,dancetrack0081,127,11,15,1,123,134,0.514045,16,GE_GATE,1,0,17
Hybrid-SORT,dancetrack0081,128,11,15,1,123,134,0.507941,16,GE_GATE,1,0,17
Hybrid-SORT,dancetrack0081,129,11,15,1,123,134,0.495055,7,BETWEEN_0_AND_GATE,1,0,17
Hybrid-SORT,dancetrack0081,130,11,15,1,123,134,0.477497,7,BETWEEN_0_AND_GATE,1,0,17
Hybrid-SORT,dancetrack0081,131,11,15,1,123,134,0.471708,7,BETWEEN_0_AND_GATE,1,0,17
Hybrid-SORT,dancetrack0081,132,11,15,1,123,134,0.45526,7,BETWEEN_0_AND_GATE,1,0,17
Hybrid-SORT,dancetrack0081,133,11,15,1,123,134,0.439005,7,BETWEEN_0_AND_GATE,1,0,17
Hybrid-SORT,dancetrack0081,216,36,19,1,215,218,0.444883,12,BETWEEN_0_AND_GATE,1,0,18
Hybrid-SORT,dancetrack0081,217,36,19,1,215,218,0.405699,6,BETWEEN_0_AND_GATE,1,0,18
Hybrid-SORT,dancetrack0081,222,29,13,1,221,224,0.684267,11,GE_GATE,1,0,18
Hybrid-SORT,dancetrack0081,223,29,13,1,221,224,0.395362,11,BETWEEN_0_AND_GATE,1,0,17
Hybrid-SORT,dancetrack0081,527,45,4,1,526,528,0.647309,6,GE_GATE,1,0,19
Hybrid-SORT,dancetrack0081,539,42,9,1,538,541,0.670302,8,GE_GATE,1,0,19
Hybrid-SORT,dancetrack0081,540,42,9,1,538,541,0.617693,8,GE_GATE,1,0,19
Hybrid-SORT,dancetrack0081,541,5,5,1,540,545,0.742273,10,GE_GATE,1,0,19
Hybrid-SORT,dancetrack0081,542,5,5,1,540,545,0.740767,10,GE_GATE,1,0,19
Hybrid-SORT,dancetrack0081,543,5,5,1,540,545,0.819589,10,GE_GATE,1,0,19
Hybrid-SORT,dancetrack0081,544,5,5,1,540,545,0.80268,10,GE_GATE,1,0,18
Hybrid-SORT,dancetrack0081,719,8,5,1,718,722,0.513174,8,GE_GATE,1,0,19
Hybrid-SORT,dancetrack0081,720,8,5,1,718,722,0.582287,8,GE_GATE,1,0,15
Hybrid-SORT,dancetrack0081,720,50,4,1,719,721,0.548816,6,GE_GATE,1,0,15
Hybrid-SORT,dancetrack0081,721,8,5,1,718,722,0.663354,8,GE_GATE,1,0,17
Hybrid-SORT,dancetrack0081,729,31,14,1,728,730,0.706659,12,GE_GATE,1,0,19
Hybrid-SORT,dancetrack0081,732,50,4,1,731,735,0.598794,9,GE_GATE,1,0,19
Hybrid-SORT,dancetrack0081,733,50,4,1,731,735,0.567792,9,GE_GATE,1,0,19
Hybrid-SORT,dancetrack0081,734,50,4,1,731,735,0.475491,9,BETWEEN_0_AND_GATE,1,0,19
Hybrid-SORT,dancetrack0081,741,54,11,1,740,744,0.659998,8,GE_GATE,1,0,19
Hybrid-SORT,dancetrack0081,742,54,11,1,740,744,0.673132,8,GE_GATE,1,0,19
Hybrid-SORT,dancetrack0081,743,54,11,1,740,744,0.530821,8,GE_GATE,1,0,18
Hybrid-SORT,dancetrack0081,769,44,16,1,768,780,0.768568,15,GE_GATE,1,0,17
Hybrid-SORT,dancetrack0081,770,44,16,1,768,780,0.880798,15,GE_GATE,1,0,17
Hybrid-SORT,dancetrack0081,771,44,16,1,768,780,0.874159,15,GE_GATE,1,0,16
Hybrid-SORT,dancetrack0081,772,44,16,1,768,780,0.799191,15,GE_GATE,1,0,17
Hybrid-SORT,dancetrack0081,773,44,16,1,768,780,0.628939,15,GE_GATE,1,0,17
Hybrid-SORT,dancetrack0081,774,44,16,1,768,780,0.517479,15,GE_GATE,1,0,18
Hybrid-SORT,dancetrack0081,775,44,16,1,768,780,0.448274,12,BETWEEN_0_AND_GATE,1,0,18
Hybrid-SORT,dancetrack0081,776,44,16,1,768,780,0.45658,12,BETWEEN_0_AND_GATE,1,0,18
Hybrid-SORT,dancetrack0081,777,44,16,1,768,780,0.517296,12,GE_GATE,1,0,18
Hybrid-SORT,dancetrack0081,778,44,16,1,768,780,0.517667,12,GE_GATE,1,0,18
Hybrid-SORT,dancetrack0081,779,44,16,1,768,780,0.57362,12,GE_GATE,1,0,18
Hybrid-SORT,dancetrack0090,120,7,11,1,119,124,0.174308,4,BETWEEN_0_AND_GATE,1,0,13
Hybrid-SORT,dancetrack0090,121,7,11,1,119,124,0.159627,4,BETWEEN_0_AND_GATE,1,0,13
Hybrid-SORT,dancetrack0090,122,7,11,1,119,124,0.150141,9,BETWEEN_0_AND_GATE,1,0,13
Hybrid-SORT,dancetrack0090,123,7,11,1,119,124,0.1452,9,BETWEEN_0_AND_GATE,1,0,13
Hybrid-SORT,dancetrack0090,152,19,9,1,151,156,0.38968,4,BETWEEN_0_AND_GATE,1,0,12
Hybrid-SORT,dancetrack0090,153,19,9,1,151,156,0.353624,4,BETWEEN_0_AND_GATE,1,0,11
Hybrid-SORT,dancetrack0090,154,19,9,1,151,156,0.342145,4,BETWEEN_0_AND_GATE,1,0,11
Hybrid-SORT,dancetrack0090,155,19,9,1,151,156,0.316794,4,BETWEEN_0_AND_GATE,1,0,11
Hybrid-SORT,dancetrack0090,230,1,2,1,229,241,0.74275,3,GE_GATE,1,0,10
Hybrid-SORT,dancetrack0090,231,1,2,1,229,241,0.769783,3,GE_GATE,1,0,10
Hybrid-SORT,dancetrack0090,232,1,2,1,229,241,0.684386,3,GE_GATE,1,0,10
Hybrid-SORT,dancetrack0090,233,1,2,1,229,241,0.5432,4,GE_GATE,1,0,9
Hybrid-SORT,dancetrack0090,234,1,2,1,229,241,0.531566,4,GE_GATE,1,0,9
Hybrid-SORT,dancetrack0090,235,1,2,1,229,241,0.528712,4,GE_GATE,1,0,9
Hybrid-SORT,dancetrack0090,236,1,2,1,229,241,0.544122,4,GE_GATE,1,0,9
Hybrid-SORT,dancetrack0090,237,1,2,1,229,241,0.547858,4,GE_GATE,1,0,9
Hybrid-SORT,dancetrack0090,238,1,2,1,229,241,0.534805,4,GE_GATE,1,0,10
Hybrid-SORT,dancetrack0090,239,1,2,1,229,241,0.529962,4,GE_GATE,1,0,10
Hybrid-SORT,dancetrack0090,240,1,2,1,229,241,0.528327,4,GE_GATE,1,0,10
Hybrid-SORT,dancetrack0090,251,12,3,1,250,257,0.456755,4,BETWEEN_0_AND_GATE,1,0,12
Hybrid-SORT,dancetrack0090,252,12,3,1,250,257,0.441751,4,BETWEEN_0_AND_GATE,1,0,12
Hybrid-SORT,dancetrack0090,253,12,3,1,250,257,0.487147,4,BETWEEN_0_AND_GATE,1,0,12
Hybrid-SORT,dancetrack0090,254,12,3,1,250,257,0.490891,4,BETWEEN_0_AND_GATE,1,0,12
Hybrid-SORT,dancetrack0090,255,12,3,1,250,257,0.468226,4,BETWEEN_0_AND_GATE,1,0,13
Hybrid-SORT,dancetrack0090,256,12,3,1,250,257,0.489285,4,BETWEEN_0_AND_GATE,1,0,13
Hybrid-SORT,dancetrack0090,285,24,13,1,284,287,0.454999,8,BETWEEN_0_AND_GATE,1,0,13
Hybrid-SORT,dancetrack0090,286,24,13,1,284,287,0.447506,8,BETWEEN_0_AND_GATE,1,0,13
Hybrid-SORT,dancetrack0090,290,24,13,1,289,296,0.442318,8,BETWEEN_0_AND_GATE,1,0,13
Hybrid-SORT,dancetrack0090,291,24,13,1,289,296,0.468736,8,BETWEEN_0_AND_GATE,1,0,13
Hybrid-SORT,dancetrack0090,292,24,13,1,289,296,0.493855,8,BETWEEN_0_AND_GATE,1,0,13
Hybrid-SORT,dancetrack0090,293,24,13,1,289,296,0.516685,8,GE_GATE,1,0,13
Hybrid-SORT,dancetrack0090,294,24,13,1,289,296,0.550398,8,GE_GATE,1,0,13
Hybrid-SORT,dancetrack0090,295,24,13,1,289,296,0.412519,8,BETWEEN_0_AND_GATE,1,0,13
Hybrid-SORT,dancetrack0090,296,8,5,1,295,301,0.518131,6,GE_GATE,1,0,13
Hybrid-SORT,dancetrack0090,297,8,5,1,295,301,0.499235,6,BETWEEN_0_AND_GATE,1,0,13
Hybrid-SORT,dancetrack0090,298,8,5,1,295,301,0.552034,6,GE_GATE,1,0,13
Hybrid-SORT,dancetrack0090,299,8,5,1,295,301,0.590741,6,GE_GATE,1,0,13
Hybrid-SORT,dancetrack0090,300,5,6,1,299,304,0.557155,9,GE_GATE,1,0,12
Hybrid-SORT,dancetrack0090,300,8,5,1,295,301,0.444615,9,BETWEEN_0_AND_GATE,1,0,12
Hybrid-SORT,dancetrack0090,301,5,6,1,299,304,0.687991,5,GE_GATE,1,0,13
Hybrid-SORT,dancetrack0090,302,5,6,1,299,304,0.67462,5,GE_GATE,1,0,13
Hybrid-SORT,dancetrack0090,303,5,6,1,299,304,0.680877,5,GE_GATE,1,0,13
Hybrid-SORT,dancetrack0090,320,8,5,1,319,329,0.599925,6,GE_GATE,1,0,12
Hybrid-SORT,dancetrack0090,321,8,5,1,319,329,0.579327,6,GE_GATE,1,0,12
Hybrid-SORT,dancetrack0090,322,8,5,1,319,329,0.557238,6,GE_GATE,1,0,12
Hybrid-SORT,dancetrack0090,323,8,5,1,319,329,0.525208,6,GE_GATE,1,0,12
Hybrid-SORT,dancetrack0090,324,8,5,1,319,329,0.505128,6,GE_GATE,1,0,12
Hybrid-SORT,dancetrack0090,325,8,5,1,319,329,0.483782,6,BETWEEN_0_AND_GATE,1,0,12
Hybrid-SORT,dancetrack0090,326,8,5,1,319,329,0.467731,6,BETWEEN_0_AND_GATE,1,0,12
Hybrid-SORT,dancetrack0090,327,8,5,1,319,329,0.437131,6,BETWEEN_0_AND_GATE,1,0,13
Hybrid-SORT,dancetrack0090,328,8,5,1,319,329,0.417491,6,BETWEEN_0_AND_GATE,1,0,13
Hybrid-SORT,dancetrack0090,353,12,3,1,352,361,0.384887,9,BETWEEN_0_AND_GATE,1,0,13
Hybrid-SORT,dancetrack0090,354,12,3,1,352,361,0.388565,9,BETWEEN_0_AND_GATE,1,0,13
Hybrid-SORT,dancetrack0090,355,12,3,1,352,361,0.403828,9,BETWEEN_0_AND_GATE,1,0,13
Hybrid-SORT,dancetrack0090,356,12,3,1,352,361,0.464835,9,BETWEEN_0_AND_GATE,1,0,13
Hybrid-SORT,dancetrack0090,357,12,3,1,352,361,0.448594,9,BETWEEN_0_AND_GATE,1,0,13
Hybrid-SORT,dancetrack0090,358,12,3,1,352,361,0.426685,9,BETWEEN_0_AND_GATE,1,0,13
Hybrid-SORT,dancetrack0090,359,12,3,1,352,361,0.450941,9,BETWEEN_0_AND_GATE,1,0,13
Hybrid-SORT,dancetrack0090,360,12,3,1,352,361,0.452082,9,BETWEEN_0_AND_GATE,1,0,13
Hybrid-SORT,dancetrack0090,412,8,5,1,411,414,0.595241,6,GE_GATE,1,0,13
Hybrid-SORT,dancetrack0090,413,8,5,1,411,414,0.534237,6,GE_GATE,1,0,13
Hybrid-SORT,dancetrack0090,518,8,12,1,517,520,0.636494,7,GE_GATE,1,0,13
Hybrid-SORT,dancetrack0090,519,8,12,1,517,520,0.581914,7,GE_GATE,1,0,12
Hybrid-SORT,dancetrack0090,519,11,13,1,518,525,0.655732,8,GE_GATE,1,0,12
Hybrid-SORT,dancetrack0090,520,11,13,1,518,525,0.779979,8,GE_GATE,1,0,13
Hybrid-SORT,dancetrack0090,521,11,13,1,518,525,0.751235,8,GE_GATE,1,0,13
Hybrid-SORT,dancetrack0090,522,11,13,1,518,525,0.826373,8,GE_GATE,1,0,13
Hybrid-SORT,dancetrack0090,523,11,13,1,518,525,0.770001,8,GE_GATE,1,0,13
Hybrid-SORT,dancetrack0090,524,6,3,1,523,530,0.570611,4,GE_GATE,1,0,12
Hybrid-SORT,dancetrack0090,524,11,13,1,518,525,0.631825,8,GE_GATE,1,0,12
Hybrid-SORT,dancetrack0090,525,6,3,1,523,530,0.592512,4,GE_GATE,1,0,13
Hybrid-SORT,dancetrack0090,526,6,3,1,523,530,0.612577,4,GE_GATE,1,0,13
Hybrid-SORT,dancetrack0090,527,6,3,1,523,530,0.518994,4,GE_GATE,1,0,13
Hybrid-SORT,dancetrack0090,528,6,3,1,523,530,0.537786,4,GE_GATE,1,0,13
Hybrid-SORT,dancetrack0090,529,6,3,1,523,530,0.546018,4,GE_GATE,1,0,13
Hybrid-SORT,dancetrack0090,898,1,3,1,897,905,0.368543,11,BETWEEN_0_AND_GATE,1,0,13
Hybrid-SORT,dancetrack0090,899,1,3,1,897,905,0.471026,11,BETWEEN_0_AND_GATE,1,0,12
Hybrid-SORT,dancetrack0090,899,7,9,1,898,902,0.750021,6,GE_GATE,1,0,12
Hybrid-SORT,dancetrack0090,900,1,3,1,897,905,0.347394,2,BETWEEN_0_AND_GATE,1,0,11
Hybrid-SORT,dancetrack0090,900,7,9,1,898,902,0.754131,6,GE_GATE,1,0,11
Hybrid-SORT,dancetrack0090,901,1,3,1,897,905,0.417079,11,BETWEEN_0_AND_GATE,1,0,12
Hybrid-SORT,dancetrack0090,901,7,9,1,898,902,0.768014,6,GE_GATE,1,0,12
Hybrid-SORT,dancetrack0090,902,1,3,1,897,905,0.421368,7,BETWEEN_0_AND_GATE,1,0,12
Hybrid-SORT,dancetrack0090,903,1,3,1,897,905,0.364432,2,BETWEEN_0_AND_GATE,1,0,11
Hybrid-SORT,dancetrack0090,903,29,7,1,902,905,0.586679,2,GE_GATE,1,0,11
Hybrid-SORT,dancetrack0090,904,1,3,1,897,905,0.282364,2,BETWEEN_0_AND_GATE,1,0,12
Hybrid-SORT,dancetrack0090,904,29,7,1,902,905,0.488803,2,BETWEEN_0_AND_GATE,1,0,12
Hybrid-SORT,dancetrack0090,906,1,3,1,905,908,0.676134,7,GE_GATE,1,0,13
Hybrid-SORT,dancetrack0090,907,1,3,1,905,908,0.539257,7,GE_GATE,1,0,13
Hybrid-SORT,dancetrack0090,910,12,4,1,909,912,0.510443,9,GE_GATE,1,0,13
Hybrid-SORT,dancetrack0090,911,12,4,1,909,912,0.711868,9,GE_GATE,1,0,13
Hybrid-SORT,dancetrack0090,915,7,9,1,914,919,0.37404,2,BETWEEN_0_AND_GATE,1,0,12
Hybrid-SORT,dancetrack0090,915,23,10,1,914,924,0.422097,6,BETWEEN_0_AND_GATE,1,0,12
Hybrid-SORT,dancetrack0090,916,7,9,1,914,919,0.445375,5,BETWEEN_0_AND_GATE,1,0,12
Hybrid-SORT,dancetrack0090,916,23,10,1,914,924,0.500969,6,GE_GATE,1,0,12
Hybrid-SORT,dancetrack0090,917,7,9,1,914,919,0.557183,5,GE_GATE,1,0,11
Hybrid-SORT,dancetrack0090,917,23,10,1,914,924,0.600199,6,GE_GATE,1,0,11
Hybrid-SORT,dancetrack0090,918,7,9,1,914,919,0.649118,5,GE_GATE,1,0,10
Hybrid-SORT,dancetrack0090,918,23,10,1,914,924,0.157827,12,BETWEEN_0_AND_GATE,1,0,10
Hybrid-SORT,dancetrack0090,919,23,10,1,914,924,0.185511,2,BETWEEN_0_AND_GATE,1,0,11
Hybrid-SORT,dancetrack0090,920,23,10,1,914,924,0.572346,6,GE_GATE,1,0,12
Hybrid-SORT,dancetrack0090,921,23,10,1,914,924,0.606166,6,GE_GATE,1,0,12
Hybrid-SORT,dancetrack0090,922,7,9,1,921,924,0.819571,5,GE_GATE,1,0,12
Hybrid-SORT,dancetrack0090,922,23,10,1,914,924,0.568042,6,GE_GATE,1,0,12
Hybrid-SORT,dancetrack0090,923,7,9,1,921,924,0.744767,5,GE_GATE,1,0,12
Hybrid-SORT,dancetrack0090,923,23,10,1,914,924,0.43733,6,BETWEEN_0_AND_GATE,1,0,12
Hybrid-SORT,dancetrack0090,935,1,3,1,934,936,0.638147,9,GE_GATE,1,0,12
Hybrid-SORT,dancetrack0090,938,23,10,1,937,941,0.830572,5,GE_GATE,1,0,12
Hybrid-SORT,dancetrack0090,939,23,10,1,937,941,0.808413,5,GE_GATE,1,0,12
Hybrid-SORT,dancetrack0090,940,23,10,1,937,941,0.686046,5,GE_GATE,1,0,12
Hybrid-SORT,dancetrack0090,956,23,10,1,955,963,0.310556,12,BETWEEN_0_AND_GATE,1,0,12
Hybrid-SORT,dancetrack0090,957,23,10,1,955,963,0.315096,12,BETWEEN_0_AND_GATE,1,0,12
Hybrid-SORT,dancetrack0090,958,23,10,1,955,963,0.319678,12,BETWEEN_0_AND_GATE,1,0,12
Hybrid-SORT,dancetrack0090,959,23,10,1,955,963,0.319896,12,BETWEEN_0_AND_GATE,1,0,12
Hybrid-SORT,dancetrack0090,960,23,10,1,955,963,0.328971,12,BETWEEN_0_AND_GATE,1,0,12
Hybrid-SORT,dancetrack0090,961,23,10,1,955,963,0.327662,12,BETWEEN_0_AND_GATE,1,0,12
Hybrid-SORT,dancetrack0090,962,23,10,1,955,963,0.337655,12,BETWEEN_0_AND_GATE,1,0,12
Hybrid-SORT,dancetrack0094,32,11,2,1,31,36,0.514776,1,GE_GATE,1,0,15
Hybrid-SORT,dancetrack0094,33,11,2,1,31,36,0.650393,1,GE_GATE,1,0,17
Hybrid-SORT,dancetrack0094,34,11,2,1,31,36,0.691344,1,GE_GATE,1,0,18
Hybrid-SORT,dancetrack0094,34,14,17,1,33,37,0.532344,9,GE_GATE,1,0,18
Hybrid-SORT,dancetrack0094,35,11,2,1,31,36,0.681561,1,GE_GATE,1,0,16
Hybrid-SORT,dancetrack0094,35,14,17,1,33,37,0.420924,9,BETWEEN_0_AND_GATE,1,0,16
Hybrid-SORT,dancetrack0094,36,14,17,1,33,37,0.347543,9,BETWEEN_0_AND_GATE,1,0,16
Hybrid-SORT,dancetrack0094,53,3,18,1,52,57,0.625025,9,GE_GATE,1,0,16
Hybrid-SORT,dancetrack0094,54,3,18,1,52,57,0.613169,9,GE_GATE,1,0,17
Hybrid-SORT,dancetrack0094,54,13,13,1,53,57,0.70382,5,GE_GATE,1,0,17
Hybrid-SORT,dancetrack0094,55,3,18,1,52,57,0.641129,9,GE_GATE,1,0,16
Hybrid-SORT,dancetrack0094,55,13,13,1,53,57,0.795948,5,GE_GATE,1,0,16
Hybrid-SORT,dancetrack0094,56,3,18,1,52,57,0.601386,9,GE_GATE,1,0,15
Hybrid-SORT,dancetrack0094,56,13,13,1,53,57,0.616397,5,GE_GATE,1,0,15
Hybrid-SORT,dancetrack0094,60,12,10,1,59,66,0.485585,6,BETWEEN_0_AND_GATE,1,0,14
Hybrid-SORT,dancetrack0094,61,12,10,1,59,66,0.562363,6,GE_GATE,1,0,16
Hybrid-SORT,dancetrack0094,62,12,10,1,59,66,0.627103,6,GE_GATE,1,0,16
Hybrid-SORT,dancetrack0094,63,12,10,1,59,66,0.682258,6,GE_GATE,1,0,16
Hybrid-SORT,dancetrack0094,64,12,10,1,59,66,0.610165,6,GE_GATE,1,0,15
Hybrid-SORT,dancetrack0094,65,12,10,1,59,66,0.560021,6,GE_GATE,1,0,15
Hybrid-SORT,dancetrack0094,109,24,19,1,108,115,0.577802,5,GE_GATE,1,0,17
Hybrid-SORT,dancetrack0094,110,24,19,1,108,115,0.534239,5,GE_GATE,1,0,17
Hybrid-SORT,dancetrack0094,111,24,19,1,108,115,0.476456,5,BETWEEN_0_AND_GATE,1,0,18
Hybrid-SORT,dancetrack0094,112,24,19,1,108,115,0.48411,1,BETWEEN_0_AND_GATE,1,0,17
Hybrid-SORT,dancetrack0094,112,25,5,1,111,117,0.413576,1,BETWEEN_0_AND_GATE,1,0,17
Hybrid-SORT,dancetrack0094,113,24,19,1,108,115,0.47239,1,BETWEEN_0_AND_GATE,1,0,17
Hybrid-SORT,dancetrack0094,113,25,5,1,111,117,0.415213,1,BETWEEN_0_AND_GATE,1,0,17
Hybrid-SORT,dancetrack0094,114,24,19,1,108,115,0.463389,1,BETWEEN_0_AND_GATE,1,0,19
Hybrid-SORT,dancetrack0094,114,25,5,1,111,117,0.426252,1,BETWEEN_0_AND_GATE,1,0,19
Hybrid-SORT,dancetrack0094,115,25,5,1,111,117,0.457988,1,BETWEEN_0_AND_GATE,1,0,23
Hybrid-SORT,dancetrack0094,116,25,5,1,111,117,0.483792,1,BETWEEN_0_AND_GATE,1,0,22
Hybrid-SORT,dancetrack0094,215,30,20,1,214,220,0.516123,15,GE_GATE,1,0,20
Hybrid-SORT,dancetrack0094,216,30,20,1,214,220,0.517405,15,GE_GATE,1,0,20
Hybrid-SORT,dancetrack0094,217,30,20,1,214,220,0.527292,15,GE_GATE,1,0,21
Hybrid-SORT,dancetrack0094,218,30,20,1,214,220,0.528592,15,GE_GATE,1,0,21
Hybrid-SORT,dancetrack0094,219,30,20,1,214,220,0.542496,15,GE_GATE,1,0,20
Hybrid-SORT,dancetrack0094,230,13,19,1,229,234,0.280973,5,BETWEEN_0_AND_GATE,1,0,21
Hybrid-SORT,dancetrack0094,231,13,19,1,229,234,0.268086,1,BETWEEN_0_AND_GATE,1,0,21
Hybrid-SORT,dancetrack0094,232,13,19,1,229,234,0.28175,1,BETWEEN_0_AND_GATE,1,0,21
Hybrid-SORT,dancetrack0094,233,13,19,1,229,234,0.299757,1,BETWEEN_0_AND_GATE,1,0,21
Hybrid-SORT,dancetrack0094,266,35,14,1,265,267,0.620828,24,GE_GATE,1,0,18
Hybrid-SORT,dancetrack0094,348,38,20,1,347,349,0.541336,17,GE_GATE,1,0,19
Hybrid-SORT,dancetrack0094,350,10,24,1,349,352,0.5827,14,GE_GATE,1,0,19
Hybrid-SORT,dancetrack0094,351,10,24,1,349,352,0.517199,14,GE_GATE,1,0,20
Hybrid-SORT,dancetrack0094,379,32,5,1,378,382,0.482825,23,BETWEEN_0_AND_GATE,1,0,20
Hybrid-SORT,dancetrack0094,380,32,5,1,378,382,0.501106,23,GE_GATE,1,0,20
Hybrid-SORT,dancetrack0094,381,32,5,1,378,382,0.436062,23,BETWEEN_0_AND_GATE,1,0,19
Hybrid-SORT,dancetrack0094,386,26,12,1,385,389,0.709803,5,GE_GATE,1,0,21
Hybrid-SORT,dancetrack0094,387,26,12,1,385,389,0.578331,5,GE_GATE,1,0,20
Hybrid-SORT,dancetrack0094,388,26,12,1,385,389,0.494452,5,BETWEEN_0_AND_GATE,1,0,21
Hybrid-SORT,dancetrack0094,391,8,9,1,390,398,0.292484,14,BETWEEN_0_AND_GATE,1,0,21
Hybrid-SORT,dancetrack0094,391,14,15,1,390,392,0.490051,7,BETWEEN_0_AND_GATE,1,0,21
Hybrid-SORT,dancetrack0094,392,8,9,1,390,398,0.341796,14,BETWEEN_0_AND_GATE,1,0,22
Hybrid-SORT,dancetrack0094,393,8,9,1,390,398,0.37532,14,BETWEEN_0_AND_GATE,1,0,21
Hybrid-SORT,dancetrack0094,394,8,9,1,390,398,0.380591,14,BETWEEN_0_AND_GATE,1,0,21
Hybrid-SORT,dancetrack0094,395,8,9,1,390,398,0.397906,14,BETWEEN_0_AND_GATE,1,0,22
Hybrid-SORT,dancetrack0094,396,8,9,1,390,398,0.419892,14,BETWEEN_0_AND_GATE,1,0,19
Hybrid-SORT,dancetrack0094,397,8,9,1,390,398,0.391313,14,BETWEEN_0_AND_GATE,1,0,19
Hybrid-SORT,dancetrack0094,495,3,18,1,494,496,0.154809,17,BETWEEN_0_AND_GATE,1,0,15
Hybrid-SORT,dancetrack0094,499,3,18,1,498,500,0.539804,6,GE_GATE,1,0,16
Hybrid-SORT,dancetrack0094,507,46,6,1,506,521,0.328325,17,BETWEEN_0_AND_GATE,1,0,17
Hybrid-SORT,dancetrack0094,508,46,6,1,506,521,0.33832,17,BETWEEN_0_AND_GATE,1,0,17
Hybrid-SORT,dancetrack0094,509,46,6,1,506,521,0.357157,17,BETWEEN_0_AND_GATE,1,0,17
Hybrid-SORT,dancetrack0094,510,46,6,1,506,521,0.375473,17,BETWEEN_0_AND_GATE,1,0,17
Hybrid-SORT,dancetrack0094,511,46,6,1,506,521,0.394804,17,BETWEEN_0_AND_GATE,1,0,17
Hybrid-SORT,dancetrack0094,512,46,6,1,506,521,0.426362,17,BETWEEN_0_AND_GATE,1,0,17
Hybrid-SORT,dancetrack0094,513,46,6,1,506,521,0.454583,17,BETWEEN_0_AND_GATE,1,0,17
Hybrid-SORT,dancetrack0094,514,46,6,1,506,521,0.483084,17,BETWEEN_0_AND_GATE,1,0,17
Hybrid-SORT,dancetrack0094,515,46,6,1,506,521,0.507547,17,GE_GATE,1,0,17
Hybrid-SORT,dancetrack0094,516,46,6,1,506,521,0.529168,17,GE_GATE,1,0,17
Hybrid-SORT,dancetrack0094,517,46,6,1,506,521,0.578826,17,GE_GATE,1,0,16
Hybrid-SORT,dancetrack0094,518,46,6,1,506,521,0.60519,17,GE_GATE,1,0,16
Hybrid-SORT,dancetrack0094,519,46,6,1,506,521,0.604994,17,GE_GATE,1,0,16
Hybrid-SORT,dancetrack0094,520,46,6,1,506,521,0.538406,17,GE_GATE,1,0,16
Hybrid-SORT,dancetrack0094,593,51,14,1,592,596,0.0,-1,ZERO,0,0,19
Hybrid-SORT,dancetrack0094,594,51,14,1,592,596,0.0,-1,ZERO,0,0,19
Hybrid-SORT,dancetrack0094,595,51,14,1,592,596,0.0,-1,ZERO,0,0,19
Hybrid-SORT,dancetrack0097,103,3,2,1,102,106,0.756226,0,GE_GATE,1,0,3
Hybrid-SORT,dancetrack0097,104,3,2,1,102,106,0.700446,0,GE_GATE,1,0,3
Hybrid-SORT,dancetrack0097,105,3,2,1,102,106,0.540622,0,GE_GATE,1,0,3
Hybrid-SORT,dancetrack0097,340,4,3,1,339,342,0.436037,2,BETWEEN_0_AND_GATE,1,0,3
Hybrid-SORT,dancetrack0097,341,4,3,1,339,342,0.492886,2,BETWEEN_0_AND_GATE,1,0,3
Hybrid-SORT,dancetrack0097,356,4,3,1,355,364,0.519727,1,GE_GATE,1,0,3
Hybrid-SORT,dancetrack0097,357,4,3,1,355,364,0.565729,1,GE_GATE,1,0,3
Hybrid-SORT,dancetrack0097,358,4,3,1,355,364,0.612103,1,GE_GATE,1,0,3
Hybrid-SORT,dancetrack0097,359,4,3,1,355,364,0.57344,1,GE_GATE,1,0,3
Hybrid-SORT,dancetrack0097,360,4,3,1,355,364,0.538785,1,GE_GATE,1,0,3
Hybrid-SORT,dancetrack0097,361,4,3,1,355,364,0.584283,1,GE_GATE,1,0,3
Hybrid-SORT,dancetrack0097,362,4,3,1,355,364,0.594216,1,GE_GATE,1,0,3
Hybrid-SORT,dancetrack0097,363,4,3,1,355,364,0.632817,1,GE_GATE,1,0,3
Hybrid-SORT,dancetrack0097,428,4,3,1,427,431,0.700001,0,GE_GATE,1,0,2
Hybrid-SORT,dancetrack0097,429,4,3,1,427,431,0.732443,0,GE_GATE,1,0,2
Hybrid-SORT,dancetrack0097,430,4,3,1,427,431,0.621878,0,GE_GATE,1,0,3
Hybrid-SORT,dancetrack0097,567,2,1,1,566,569,0.735342,2,GE_GATE,1,0,3
Hybrid-SORT,dancetrack0097,568,2,1,1,566,569,0.803644,2,GE_GATE,1,0,3
