draw_index,tuple_seed_expr,py38_tuple_hash_signed,mt19937_init_key,init_state_sha256,first16_random_sha256
0,"(20261006, 0)",-7255421955597121565,11191322118112430051,fe752bf8953f6a9159ea0e9e2590188e66d78dd8565c26b64300d02e309c7f9a,fff6c29e3647175925cca8992722e6a043a69b74c190cb2bf58a87eee8cdd87d
1,"(20261006, 1)",-747781199495123140,17698962874214428476,6149b4d595e604acda16947987c08db9920c3ee57f6d5f28b3fbe52a1f467777,adff0afeff8c26b5ebd544aae2e2e8c5d2a02fb7f717dfd2c6b4aada7876b01b
2,"(20261006, 2)",5759859556606875285,5759859556606875285,aa18fee92ba99092a8ec79d4e6da7ff2297b2c3499d509a556136be1979f2ec1,5f5762e1f19370ca85c3ae332ed988b4ea8be4a3c95abcee97fb170a8ef04cb9
3,"(20261006, 3)",-3531571855350189209,14915172218359362407,f839f47e1dd3ed2e0f510621a5a66ba0f5dd82c44858477f3c969e6f47476ef1,a2b7fab0e9995f6c3a8b132b045e6a3dcfdff0658dd7ee748a15b62554a84659
4,"(20261006, 4)",2976068900751809216,2976068900751809216,4195d5236492bf1146fdb618c0d660e94c7bfa2964a8855f97c99307658c9efb,dd1886ba588a00854831a8d40d2c00f6440107da4e07fa46148e5c4ca6ec75bc
5,"(20261006, 5)",-1917005128220887150,16529738945488664466,3947de2db1068e3ea3b96f88f13241efbcae74c099757a7fc06371dafae3af04,fb4fb5c5c6c294f670492a0d965bd9208e0cf5ff3ed5b80b7a7d9d1a9444393f
6,"(20261006, 6)",4590635627881111275,4590635627881111275,af1c188c8912fa2009e27245bd49f2b529ab566d9b1f15781159c28e9f586a9c,3f261173fa7ce95a21ef830c58b790f796af550cfd5745bdfc1eb642364cf05a
7,"(20261006, 7)",-4700795784075953219,13745948289633598397,929e48f819591215a128bdc88466f291bb66464056f01ae714e77122ac300e0c,8c49d1f45a9cb00fa3a629af99960b6f85bfdd7f831b2c6d38e7cfa5900bfcc4
8,"(20261006, 8)",1806844972026045206,1806844972026045206,432696dae408153370cabe705d8400c290950d1795b91bd3d37655452b7a25e2,81b881bdb64a16a0bcf432e986882e4c6422f71969d9fbe1f39aac431368b48d
9,"(20261006, 9)",8314485728128043631,8314485728128043631,60bc31df2f21e9a334260f219efbd28e178afe5373fd789929cb1955f6da7d91,ad29a1ee6e7e1abdd418c9b9612453aaba5910c9616586bb965675438a6d783e
10,"(20261006, 10)",3421411699155347265,3421411699155347265,d0fcf708a8fa7e98fc06ccb14b4d50bc05cbd8ad72086e8e9b3e7843efe395ef,fcb8b833726fd9cfba04a2f219be363c007ec0a1a2bd2edc75cc0e1ea5ed8e6e
11,"(20261006, 11)",-8517691618452205926,9929052455257345690,13ad754c5b1159de66620a5b120d0b93f98569d6bd7f369910e95cf0d2e45535,7d68f73e924413f9b6de382d5c07c78f643f2bdfb4838b888daf759dab9ab15e
12,"(20261006, 12)",637621043300281196,637621043300281196,6c0c59647240ec7a3fd5699a0e8f9f8790f58de2e3bb51c96570d019b3464dcb,8fa828f5cfdb527faba220fde9ad3fe1466b98be963cd12249c58d104a0e4117
13,"(20261006, 13)",7145261799402279621,7145261799402279621,ed0030ef30ac4c03e9d8559537c3f6b788dcc2fd916b19b24fb933a60273ca0a,cbbf05c750284e549ddcd6a3960f4a3ad478f803e65e51df3ec4534d2fe86096
14,"(20261006, 14)",2252187770429583255,2252187770429583255,e930075c122dfc8138490f6d3ad528faceb71732af37caf2b171c109521fa789,2f506e7833ee80bad4cfa9e26b13ea606b7896f7de8b3365ac550a04b0fc6f7b
15,"(20261006, 15)",8759828526531581680,8759828526531581680,579ec2cac4dd57be9ef7b02e798c361efab661b925e577ab677947c07a515419,51122fba05bc08ed99c1b24382ceda29a7078119d36b99a055c67ca560950fd0
16,"(20261006, 16)",-7577632174060339639,10869111899649211977,4f053167fce87d4ddf87b0bd95477484070addb0c2fa3e58d3de57b47ca3dba1,b9247faf2237f15b6d378e8a394801c15cb3b84e33a1a75235040186ef9f7146
17,"(20261006, 17)",5976037870676515611,5976037870676515611,11f075ca79e607b8f01217aa4f7dc17ac4e6f0e85b2606425b7e27d5710758d2,771a979de204e1cd19f3de928c9f7373b0d739cb3bd80af7e3050ac7d00e594f
18,"(20261006, 18)",-5963065446931037580,12483678626778514036,1ce8bab5e43f2ec9230dc300943fe0ed29c3f86b797bc7b52bac4b1dbae04d0c,9239514f6013d719c112cbf1e40c8c6bc5667eadd28b9f7d86b4f0e5f678f60e
19,"(20261006, 19)",7590604597805817670,7590604597805817670,a48d22e186700ea8ee9272a395a4e0a361752df7b9c6a3b5e300e241b2613b5b,8beac5df7cce197a246c03f544c2ab06687dacad1fe6d511952f2091a99c85c6
20,"(20261006, 20)",-8746856102786103649,9699887970923447967,0a68da1b84674f9f1ba30d176696cf8bc8f6401c44bde51dceaa7afceec002c6,a9736473c2864a6d3ecfef65c0cc8f1c1494063cd464f2aa191f510b82644d3e
21,"(20261006, 21)",4806813941950751601,4806813941950751601,a2c0e26705acaa09c3f185a785080f5c5177a7220e44c93c6f5f2cab5921dde1,f79256808c85522c4800d89c1fc60640b97a8a795973076dc52eb75ad83f91cc
22,"(20261006, 22)",-7132289375656801590,11314454698052750026,1776e377ddc5156c01e51b96646a6ff97b93d046dfd627c6cae10afed5158835,9a36400052ea5b07b430bc788c99bc49901a7e02410458b74afb97e6dece5fb8
23,"(20261006, 23)",-624648619554803165,17822095454154748451,ed8b9c0c1a57b818f3c239140ccf8bea934ada74b39531f9d23242b782990a1d,a19ee8bffc89837181eb9172ffacbdb3f7dfef39c10679b0551bd598056703d9
24,"(20261006, 24)",8530664042197683957,8530664042197683957,04dbd03bec5c27039842c09c03f2312314fe226d3ab9d0ca2550b9d1b4ca1041,dcbe7174b4d54d3e6ffe881efce36536bdf5e13b052d0c6bafc68a05e5f1d047
25,"(20261006, 25)",-3408439275409869234,15038304798299682382,7fb33ec5feaa9858ab5f30008475319acd50d7d384f3d4817b7fd9a6842b4437,84df8ff794ca3c889aa68ffc6cc90d83087ec9aa7665ea3358c02d35349318dd
26,"(20261006, 26)",-8301513304382565600,10145230769326986016,1dbc6381ef4cd3e7fa59e08cf0691646601337b00c9fb034e468bbbbd54ba57c,ace01e91228d5be7569769ab2a3093b6fe36fe9ca1bea5b73394933b9077410a
27,"(20261006, 27)",-1793872548280567175,16652871525428984441,ff9021f7a88c671347f913cbb65f5929e8d2ae30764820f7ae1844f6fbef0999,eec12a40ed35d9084b8c1c967c86a4ab16a3cf12e4096d4b87282260c68c6da4
28,"(20261006, 28)",315410824837063122,315410824837063122,430e25bcfb9c89fb29602fe7fda8835408aca4bfbc832ded632fa54877b5e1c8,eed3bf669dd041bd6d43782d8437cefaaf09d3f78dd8ace769f637a362013147
29,"(20261006, 29)",-4577663204135633244,13869080869573918372,600722de10a6bf585ddc40cd026db2236f575b8da23dd6aa90378f4258e83b79,161c98f8322a8ff617b86f5651904028f0d38dac9938cbd5c4b1f441a4e0a14e
30,"(20261006, 30)",1929977551966365181,1929977551966365181,4ad974bddc53faec79c9677da9b47064d38e45ffc0735756ae3b960413691bc6,8086c388a062092105566eccb23eefed9e1292f119992afa9ff6396578868cd0
31,"(20261006, 31)",-2963096477006331185,15483647596703220431,1761b534ed3175da67c1129785bb860f7b0a4a3bbdef24f713bf45be95291582,1aa08c1d0b7cad1e0dd0be454f12a8f5b1064624451608e7a71fd6e70ea39e90
32,"(20261006, 32)",-853813103888700888,17592930969820850728,504f95cb1096249a5beffce789731d77ee1d8ec4ea3c06c91cd7ac32f46a7d81,4617488d668347e8a56d03f5fafc66bdf79e1ea0125eab0ca94280cbbdd8ef2c
33,"(20261006, 33)",-5746887132861397254,12699856940848154362,c8dc8bb666729250d523c74abbeb75c8bb55f24798a74d8d77802cbfdd80a312,044661f1bf0baf26cc4c145db8c4c61c19ee5c151865198de48c7b0fbd8293e0
34,"(20261006, 34)",760753623240601171,760753623240601171,379352eef8dd85753ef7e6706b726294683bb4b37ba768c935e3f4cf16fd40a3,766d9b19f0ae51c58aa88dd88ec9d8b7a7f5cb6f85f3ff32d721f7a61be2ba0d
35,"(20261006, 35)",7268394379342599596,7268394379342599596,f183490bd227b37e634a99bd2564942c9c13d60003466da6374923e9cd7a30cf,31b6f16c954fd822e89fc34d91146386a751aaa3774077bb9cc9179d6e340c36
36,"(20261006, 36)",2375320350369903230,2375320350369903230,f35c3339af7388c25bce23a50968cb918d6336a248fa67cc5613ecd1c2e735b7,84c7e5517881d26f4704b599f01067cce179f3790e6b802cc59b6e150956a78b
37,"(20261006, 37)",4484603723487533527,4484603723487533527,5bf78d44707e7c551d6c78176bce41a73080de3ff52cf13c9bc5f7ed22b32889,7fe7dc87506ed0d9a7d1f5a2a786a9cadaf247e3656f533bba8d68850fe81c47
38,"(20261006, 38)",-408470305485162839,18038273768224388777,21aab780d78d0c02e59f4c865409511ef289c9764ea1927d01947cfb20473d38,31467c08d4537b56abe8c72cb0a6ab7fcfe820efdac2667db5709bed8a56f3dc
39,"(20261006, 39)",6099170450616835586,6099170450616835586,dda29e6e90c0d5f4f1127938fc66f6bc90ebd1d078f17656875bb48fc3ed0db6,3d73dc20c53071fe16a63e3d7b7a700054b984f4548373126a8968017533c754
40,"(20261006, 40)",1206096421644139220,1206096421644139220,1725ef1b8be94dbb0f6ca992b4125539089dbe32dd5ed7a51d8a68215c07778e,0402428b0ac2272dc30f8f266a7e899e2f98a2582fe4c03eebb077e6c2c13418
41,"(20261006, 41)",3315379794761769517,3315379794761769517,3ffd7943f5ee17751f24b3e9391779d072a46e7eb4a0eff56035762a78152ce9,8f9e9082c958eaae4bf82bc545f4c19c148d28877413cc837a0fda92fa323e30
42,"(20261006, 42)",-8623723522845783674,9823020550863767942,38732f650a81c266e44706f4caa9fce765007fe4fdc5ad868a0077ffab8f3861,f5ad8aea83abbf41b8f0b4423a1fe35754516e6ac52b910e523fad2c2758fa54
43,"(20261006, 43)",4929946521891071576,4929946521891071576,ff27dce71f47f40d578a68c2f6bbc4673560a32240923798137a444c0a4b9e3c,9504a8420ac77c5334636bf726b17bc449a91698d5831582c1a122fc089cfbe0
44,"(20261006, 44)",-7009156795716481615,11437587277993070001,733a6d14da53eb1055183766addfe910efd77382a9a5453a3a826d41b787a2aa,1faea48fc9ae914e001c5000630422d20215ef977ec18b5e26fcf6ad82aaf32d
45,"(20261006, 45)",2146155866036005507,2146155866036005507,d5cebf393c9e638d3cbad5bd4286f412f03e9d03889a7af4c0d74ff6523c7ff0,b0daf8aa2466203f07d3bb1a56e660d735c6ce071ef25e6f7b8d015ce10bdac8
46,"(20261006, 46)",8653796622138003932,8653796622138003932,c8e031db46775aeb72517dd50bf2e96f5a71746efa5e03343da2e071670b5fa0,d5678d6c17e178bcae0476cae2860b9ba28d1b0914a5a3fb654ab2fed2b2f3c2
47,"(20261006, 47)",-3285306695469549259,15161437378240002357,c5adbe43c9dcac2d3c57e2be203b13204ca5c705c845b33ddd92066704d5ac0c,17825112b00f60a0503c9c47959e45681c86c432368c7513d2ec5a883161a935
48,"(20261006, 48)",-8178380724442245625,10268363349267305991,da373219da195a15b34d82316f4d243411c4ab0686221974d04421fce4cf0ea6,7e615ea0120f6c99093235051844d4b596547570a39b25e99dc9bb16d591f735
49,"(20261006, 49)",-6069097351324615328,12377646722384936288,e3b5f11344eeb915c72ad23adb6acb3acd471b3628163283f873a3279c7b0eca,c79e8fb92bc145fa7fe20e878d56d9931fa21370b458b3f2ca49004c910ec25d
50,"(20261006, 50)",7484572693412239922,7484572693412239922,269179deec25db8ede60c3d51c8edade55ec55f8eb86deabb6e48feb6c2dec40,f10a7580fc9fb1dffd436bf56978a9c5983b901f65212f10f29da510e8f35885
51,"(20261006, 51)",-4454530624195313269,13992213449514238347,0996516e7c61f5b943f9f44e2a49ee44a11788fef89883ebc2dfa1421054a01b,b42b79f2f5095baa3ba9f15974142eab41433184f97d5d305785d9b05b7fdfc4
52,"(20261006, 52)",9099139420541541981,9099139420541541981,0b5c944a1ab547db8e25199dadd5f76aa48924a215e5b30c0d7c03b5690ffeed,008b826c2a9452ba31b5d7beb5458f2e7fa11bbf97ed142db6e75993a7004ab1
53,"(20261006, 53)",-7238321280050379338,11208422793659172278,19c17ac04e55131e40b33d50c83e907341b122274d2dc79a5c88249cf2cb9f8e,0acb040889cad2acdb2e653700edd3e95c8c6788dba9404e0baeca8020254e37
54,"(20261006, 54)",-730680523948380913,17716063549761170703,6e6ea6ab0a84011a27d757e86fba82b6df3131f4a08c4be50623bfd69c52c78a,10ce9eb42a6b34dace0094036ba744114dbcd06f5c3133c03b15c9f94ebf5d73
55,"(20261006, 55)",-5623754552921077279,12822989520788474337,5cce68723f0d5f52cc3064d8f2dc5817a8c213e6959583e5218163637510f993,2f781d4985d2265c5ebe188f1ad000eb13c962f28b4cc9d2cc2b54b25e5cde1f
56,"(20261006, 56)",883886203180921146,883886203180921146,547189dd51ffc7fddf2c14b94137746329fa84bf0d99cb6a34ad369a7ee26164,1464574835105229f9a2b293c53ee5184335e0f3309879ce7c087525f90b21a3
57,"(20261006, 57)",-4009187825791775220,14437556247917776396,8972b6b54bf4b3db863a6539c3bada94e448dc4428406b24dd7d3f76736fc40b,7be10363906fa0491f8a789afc94c1a52b3f838b414802ed2842b029cf22b9e0
58,"(20261006, 58)",-1899904452674144923,16546839621035406693,5949856b3a4ba43087091bf4ed602b9964c8e0a9bb0925062cc2f605bb53c8e2,f09db623fc0933c7f936844951cbaac8c44a15be43c11047da884d0b1d0ee3ca
59,"(20261006, 59)",-6792978481646841289,11653765592062710327,51a301a13c38c93dbc4d3f52bbbc91f2cf6b22ff6bf16efbd1f4fed4c7d55c36,84caed22ba1a98bc378fbcbf38be3c0a0a2bb03cea4b0b27a44f515e9519264f
60,"(20261006, 60)",-285337725544842864,18161406348164708752,3148a0a49c521d3522dd9d2442e9389975d22df80fa9715c820632b37d447d99,d8d17d59e3b8624d985c332d1cb8924e920bef7c8be1efb6db871b2ed1d948f5
61,"(20261006, 61)",6222303030557155561,6222303030557155561,c4777907cf96ee5ba17fa1051424541b4a2189d18740a0a1632461f26497439e,78189b27c2b84cb18965220ef59350be17bf21e73356ddefd96b4e91b7663ad3
62,"(20261006, 62)",-3069128381399908933,15377615692309642683,c8946e5ef47e5a509732ddbd39ebd99602e7ee7a1020e84e54efc6eedc651ce5,b4f718068ce732e304babca41e051a0c91ace9a96852a93612023448d1c10afb
63,"(20261006, 63)",3438512374702089492,3438512374702089492,368dd359dd170054c5724df804ef1d082b610c0eb93c1732153539f3da4c54b8,bc0d4f7036125e63bee50b09c85fdb841cd65445374c88c7655c94bf084d9aa0
64,"(20261006, 64)",-1454561654270606874,16992182419438944742,e22b0e2ae2ac287809cf1b36fb670b96b3386c4513bc5b51f1526ab6605da3dd,ded9c90d62b67236c1d381259c92c3f4c9269ff1cfc78529b08732f75ea8b555
65,"(20261006, 65)",5053079101831391551,5053079101831391551,dc4d12c4841061204c260ca5e7db844ba30176591dbe182385f998226f7acc4c,096a24343113b6d13b1af9944007bb883dadeedfb8c8359f0de31970ad6d60e9
66,"(20261006, 66)",-4238352310125672943,14208391763583878673,06a34a41f15b619ff3c408b48b0404aa70140dc5eaa3703aaf116a8512ba852a,80fefba4b386d24b7f2508f1c67ebef7046398e12d7110f99bfb8c2e51d14458
67,"(20261006, 67)",2269288445976325482,2269288445976325482,d22ab3e91dcb918d59611bbd2905d3969458e86b5f654f09b50d1fabd3f745a7,5e3e2b7062772164b5ff27d2edc632469fa72d5a4e0fb18683eeb572be086bfe
68,"(20261006, 68)",8776929202078323907,8776929202078323907,eabe7246dff8bd1c30195dc4ee50453a7bc185492907c51eda8bceb33978a0dd,ceaeff55a4ebaf517c0f1ef1c15d8d9ed98ae6c50dcfc8921bda3034bd9f1d39
69,"(20261006, 69)",3883855173105627541,3883855173105627541,263bc58b0a5d1895c84fa12618ce2aead0e1799d13883518cece6c158c99073b,1907861db960133e87bedff824171c7e400f9d717e1d6db84f1ab00371213e55
70,"(20261006, 70)",5993138546223257838,5993138546223257838,120cab1941c3accc1ab4887d6ce393f611425c78530d190c8f3204e354c770eb,b6d37cff2464e48a6ffb17a0a391a69fb84bd38c7ada4c1ce48fe8ca0c5fdc02
71,"(20261006, 71)",1100064517250561472,1100064517250561472,36374e026a10a3476daae7227bee64afc4776b6baecfd1caf194bb7947a6349b,f591c59e85152c873016780eac29c65823efc1070bf96038724cbd117964e2bf
72,"(20261006, 72)",7607705273352559897,7607705273352559897,bf98a4f9ef944a7379201d4aac7af854999d25b6e49a86797bacc14df4ffff13,4e7b32c0bd6f530206b4ca35352984d603bc169082979f0d648e11d795606f79
73,"(20261006, 73)",-4331398044254993294,14115346029454558322,0abe599151ff55fb171eb528c27f7bfb381afbbeb86c586959ebf1a6ef018d43,ce0a705f339555228d5d91979dcc3ba5a9d2e6e40c7119aa5b3754213ceb5640
74,"(20261006, 74)",4823914617497493828,4823914617497493828,b0025b003b41f2cc8bddb8287e79aef02bd5e25014a3ca6c4a8675bb1ece7caf,c6f632c0d4150587044373970ae167538bbea1b08dd7e335921bba4db2a153f5
75,"(20261006, 75)",-7115188700110059363,11331555373599492253,ac2dfc4224b5803ac993f224e61e4cf541cce90e2539599f1c159504dbc3e2b6,d6cec7a6fb5af32154b432177a3994e8e8e86149f1d8f1ef5dfc45fae029bae3
76,"(20261006, 76)",6438481344626795887,6438481344626795887,4e4729d6115e700e42bc9febf8163d3ae373401dfe4576a91fddf6a3a06a02dd,28bcbe510ce583e8133da633ac4c2af0a922459709818b6823894ae08d621578
77,"(20261006, 77)",-5500621972980757304,12946122100728794312,9d2ad61bea90f3b7832702e4515af9f1e5595e48fd2ad5dd2f957d62b5420e4c,bab2cbb8df0cad8c0d7c340e4a459bdbce9355c15b7cb8cd99201ce4aa08f5b1
78,"(20261006, 78)",3654690688771729818,3654690688771729818,e2617f1d68d974db522c676fff43d59bbba0cc564c3ab9d7ed17116aa0e35250,271f7a2dc9168a35fd7fcc5d963ffdb3fd79a402fb5bda86804754159daf6356
79,"(20261006, 79)",-8284412628835823373,10162331444873728243,97c22e320dcb39443e05cc775362730f121fd1cb16b596820a6bb66c836ce6d6,ba8b8c8d09b4ac4106263afd4768b686d2c8f5dd110ce1d40b3848a51fc57cf1
80,"(20261006, 80)",-1776771872733824948,16669972200975726668,ba5dc439a7eb1e8754425d12a55084a4ef06a75d87cccce6e6e8626badb33b1f,c6384af12a743d693c993ba9e93bc39f3d6d7936694c564c0b3d2ea637e6d5de
81,"(20261006, 81)",-6669845901706521314,11776898172003030302,47cd29c67e6678a34a6090840ac421e29c91a4893e2c172e1ce0514a1d98a072,6227431d34f6e480d64b3df9024bd92a0629307070c52df96bbe1880f7441bc8
82,"(20261006, 82)",-162205145604522889,18284538928105028727,37c75bb2b41c7b6af577ca32c65322c6afe9dbb0c6af68f86e7f0367ace6c407,a56d0a4a4b825d30a58054adf2847991eda3e9167378e5e2ea2139fe14e2805d
83,"(20261006, 83)",8993107516147964233,8993107516147964233,928721f43134b33c9fdd3a2daad688fa5b74e9e7527cfd32b224ffa5ffc6b2c7,06ec8208af1e04cc8cc95b42326e0ef7b99545356d93b47cbe35f959a7a3a840
84,"(20261006, 84)",-2945995801459588958,15500748272249962658,5dc57c291c62a5ca704116b865985596f0327ae639a8f80e5624dd4d706bb798,ef93f55a7de5bf49512b0b6de11bff189463e9732ad9c279e74cc0934a9e3b50
85,"(20261006, 85)",-7839069830432285324,10607674243277266292,cb5d616353ebb9ac52894c370f72228b347a68702cefa7d368c20b730b6d7b63,41863bf2a0935f17b37f63705e6963d844b476d24582d4886a06744da3c88a79
86,"(20261006, 86)",-1331429074330286899,17115314999379264717,41da0dfc8d86829549fd95532afa02d9c3a314a34263a0ac3f95e8507f4f0295,ab73b7cdc79ab7f148102d961b973494422e3f3bb165eb8f61ddcf411b58c533
87,"(20261006, 87)",777854298787343398,777854298787343398,1feb995ef06d8b5dc17078ac30753a1a39108aeb6335491a848b1a27be2e1c1d,cc75fb1b6ff910657c9b97832b4f2dd00191481d629a537175f23bdbf7950649
88,"(20261006, 88)",-4115219730185352968,14331524343524198648,4c8b0b5f5ea1020695f4da80a8a2bdb30eb787535d17eb3e7f59e0549ecb3518,b25284394034cac4eac3efe16213d61c3bbeb48567798fdb68d017edbdedd6f7
89,"(20261006, 89)",2392421025916645457,2392421025916645457,c86e56bdbb7ad951f9dd45eb58a25e59ce078916bcb85f13260d3d931d7d4c0d,77c714299cc613bef15fa5e41dc2e5b594cd87a4ea29d20a150874aebb433a59
90,"(20261006, 90)",-2500653003056050909,15946091070653500707,2001ae8ee0c6d529aca6222ccd47093291bf6912567a4736f90da71821f6ad8e,dbe2374447e0a7d93e8761049beeb520e2b4e195b79e567108f6b50aedfbd5f1
91,"(20261006, 91)",-391369629938420612,18055374443771131004,e26f1e3fc3ede14b04e0cabc3a6d8f4f7054607298b2e4c9d5228235b2ec6bad,df09a70761c0901c7bd083cdfd454c2e12d926ddd2097b68d0254823ba16d1ed
92,"(20261006, 92)",6116271126163577813,6116271126163577813,ae63beea951c72af527588d7a357ba896cc89ce01ad4270da8a0d651090b28af,95c05b917b06940926277a653546d6cd59ce6ccf5adf63f2594bca58c12adcdd
93,"(20261006, 93)",1223197097190881447,1223197097190881447,850832ce704d49cc66f4135d426a0a95a731fe8ac6581845e77f01497b0baa04,2d83ed0db7b1a98338a502c993733dcda8d86414e76bdf44cb8527e1af7f18f4
94,"(20261006, 94)",7730837853292879872,7730837853292879872,34fd0cd6d3f3ea70cab96c61d3c00a5d03e343091a234961fad27c72eb1ab236,111983aac13ad140927a626d09a86f51760c15f397f00d4d895848ab39fd4c1e
95,"(20261006, 95)",-1560593558664184622,16886150515045366994,6ae9b2a2c91ab869c3a99b34767e7263ec976ca11c37e311bd9199eb394b51dd,1cd93426a39b6f61d26dbbb39cc3cb1ce6a2297b914d24948af2954ad729ee39
96,"(20261006, 96)",4947047197437813803,4947047197437813803,f38459afbbe7fccc0f213c10a9c4612b0484b0247c2345b4961db7549829b3bc,6ac8db818a458d63a702f05363a440e78b536ef86dc6d0e2a3afd26fa5a9ebf9
97,"(20261006, 97)",53973168465117437,53973168465117437,0253e3863e63c85350f3b3a376ffe73ab9827146ec52d975fd097fc36e1be72c,e89030872afc78ee7d6bb82b66ab4babfdcb8f6936cfd5701d03f8102724843b
98,"(20261006, 98)",6561613924567115862,6561613924567115862,fe0510de0ab8704ac06a263d915b0a65e4615b595f005943aca3f82196af0b62,d09c337a7476e2e59699dbf9d771992befa0b603eec8cc4e4a84421fcb9ddc7b
99,"(20261006, 99)",8670897297684746159,8670897297684746159,d30c7337c34112b45e4823574aab45c4a3de35a1f99df121fd5a3dd2388da096,52feb1862a2af905aa23413428b9b62d1126c076b92f62f890fd5975153875ba
100,"(20261006, 100)",3777823268712049793,3777823268712049793,84e5c866b811e6ec8a459501d389d07b040f04bfbbad6201e34f0b2c2edc2601,f6d5a8b4fe6bc3aa2301de7b7276c46b1d05db540a537d21aa603c058189f52e
101,"(20261006, 101)",-8161280048895503398,10285464024814048218,de89b13b6bae7d24fdde576ffd4297f726e915113f30a82b0d3203379af7df5b,c99ab80883ee2560ca98799c30ed7d6442d8bded798ad7687bdfa0c789e0fb4f
102,"(20261006, 102)",5392389995841351852,5392389995841351852,23e6debadc9255305a4f72cedb40e8d87d40431e091a23809551e0535eace7cb,988acaa6b2e98dc9c6aa8808f9259eb4bf2a969cbe6254fcfc09ea3159986581
103,"(20261006, 103)",7501673368958982149,7501673368958982149,fa84f618396605abf3e242c1f1d2c93dbcbe11217ae15293fa1991162eb71c64,9adfd5482670fb4186b1bdeb38fc6d7326a62d23fd5a1c0c3ea0dd580c07af9d
104,"(20261006, 104)",2608599339986285783,2608599339986285783,2db5f46fcf221ed1b259e68a8abe9ae839502a4c7ddc631205217444a7b2ef8b,55e011990ecfba6baab6ee9bc2101c06e39f590c6973a100794e1a523256dcc6
105,"(20261006, 105)",9116240096088284208,9116240096088284208,03a3b1d108b49f3d5d672c925c01c46885850fdd614ccce7259ceccd8cc301a8,b3ab5dbfd6c0c789542826dd720a8d8d0bea470e12183b1619b2e8c18a1623c6
106,"(20261006, 106)",-2822863221519268983,15623880852190282633,ad0165d182d7d9f2795e78bf1061676b3b57cceb880b1476b59621089d41cb97,0b6506a5d00a9263033cf4e76e2b3d36cfd2ab7a8268d878ad0b42690903ccee
107,"(20261006, 107)",-7715937250491965349,10730806823217586267,9d50d221dfa3e584d459cbe227e8f044327fb01a40af0f05c55b3b4051c53182,49f2e7409869da9a5c06eb2554b2f4277d6baa3c627305bf298cf926434bf4c4
108,"(20261006, 108)",-5606653877374335052,12840090196335216564,49e7a25aa730906fbf9a2e9aafc6b9b043734fc9f562d64787b2b54deddfef02,508564587874a1ce93fd46c9eeb9e9f2b9ee67eaa697557d1ba6217a0715fcb7
109,"(20261006, 109)",7947016167362520198,7947016167362520198,3a2780941bec398c87f3d0d17f0f8aaa5ceb859dcac618b6e0a5b73d3d684392,2db27a3ac9bb4d37e842815232dcd193f17d3fe9f3c8b15e1485413b8696e1cd
110,"(20261006, 110)",-3992087150245032993,14454656923464518623,1e81073c68adb0aeb90a0a3ea2908ce0008b0a1d0e0dd5896ab69b1ff7a91b17,f49e8a9e9d381ce3b27cf0fb57ff61ed71ca934fc19a8563f80ac8532c64f156
111,"(20261006, 111)",-8885161179217729359,9561582894491822257,a57368ccf835ad190a42fe3ccbffd37207704cce7ed167dd98eb126e68a3590c,414094fbbd5bbad7cff741408f062ef71877ca4ad61d1344130546f21bd1e65d
112,"(20261006, 112)",-6775877806100099062,11670866267609452554,6cdde179a0b574fa1d62812baadbdec67813a32797a0f118133e550dcdfbf7f6,f2ff4fb6d9f43cf870e71093980e77a41925ca42bc90626ec373ae86d132705c
113,"(20261006, 113)",-268237049998100637,18178507023711450979,308cbb4afeabbca3fe1651fc807290e9dcb1d567110471028aafcafa416a115a,4a35b76aea0c56ea93451d568bea3054352909efcd95cf28c8ae3a6c2bc0a2fa
114,"(20261006, 114)",-5161311078970797003,13285432994738754613,635eaceaed5024a7c051469bf13a7d7cc7e9a7cdf1b9454cfd6beb57c922a313,54de7e08ef9aff27e5af6b9340cc10f1b7fbc9164fb7e1f7e72ca0f3fd0c15b0
115,"(20261006, 115)",1346329677131201422,1346329677131201422,5ecebe149a7af2651c331e6f9fb90d4c1b698acb3220d9f7528750a98a7ed7ed,a39c421936d90f0ecaa2dc23b7725ecfa08cc038c061d22e781e21e72f2f7ab0
116,"(20261006, 116)",-7945101734825863072,10501642338883688544,93a4cfec3ad175e954d668ff90f7c65b30d3967d6280ab74bcc4e3c7071bd875,fabffe1dc9d77aa22003fcea29b0a49a97261aeb2b38fac15cfaabbac960a0b8
117,"(20261006, 117)",-1437460978723864647,17009283094985686969,a58f9e2578cb606eee21f25fbd1ce5b1cca7ce11390b768de8bf7297932419df,23e820a9ecc550d20e122ae080d6c4a1e4dd0fd9c3f44bb3840ea497c903b938
118,"(20261006, 118)",5070179777378133778,5070179777378133778,d2d0e4761af7fd83d674983d419821aa9a2219c8e81fd517278d1239b4e344b2,be37fefbe49ff23b0a7f388bbfbc0ef866cb2d45cde3a9a983f1c8a19600ec40
119,"(20261006, 119)",177105748405437412,177105748405437412,554af356fc37ab6f845c0084f10b86e8e8fdc1ca22c87d725a402b76cf85cebf,dba354953a0d54034b2b2981237bf90de5069725b81118b15e938e56f6aec5f5
120,"(20261006, 120)",2286389121523067709,2286389121523067709,60e26555064db52846f48e5efe6a95220901a41f82c40acd14fdf38a2c2c74b9,49e39df1fc00b315c27d3c4decb243db331bd692fa83b0fd45661b856e2e818c
121,"(20261006, 121)",-2606684907449628657,15840059166259922959,32c38e01b6731ce63f0c0fe5b52e44e2bb330534c5a498f625f9da1d30085e4a,49ed5cc883d4e0930d0a923613ddf5a8c65e4f1035965e70ed8b418863fbb946
122,"(20261006, 122)",3900955848652369768,3900955848652369768,67fac1c49954337c5fc8dcc3c92e84d8d753d7c62fe17f3c542290c3908718df,27f5283337db53b6a3df40b2ecbb95c7ed11d37a21df6ce4aa7fc1cb53400efb
123,"(20261006, 123)",-992118180320326598,17454625893389225018,d684392542622d363dfdcc51d3af92949246385dfa025faa040efd4cbc14c095,fb7fdb98cad6d34228b003fe0aff12692da0239862adeeb9b1ec3b128ac8bb93
124,"(20261006, 124)",1117165192797303699,1117165192797303699,86886eee5b3f9866c0592465294f3ec71b85abd129a70ee5e8dbf14582acdd36,74689053a16b45f9a6e5ef854f118adfc730cab9bb083b11f272e68c1640da6a
125,"(20261006, 125)",7624805948899302124,7624805948899302124,c3d79a5b30e362be4324d0dbad6d4ef923d8feaaf81ef0ac35beedad78c9b5ac,d5bb8c84f57f247669e2fd534002a6e941e2c292ef378102ec62331bb8cb891d
126,"(20261006, 126)",2731731919926605758,2731731919926605758,47ab542544e4eebcf65dbea3ab05206b0902ac6b1709b1ed2dbb7fe32baa550d,b06421eab83949ef845c1768efac6d2bd63e2abcae3831354c1379ee7320aa09
127,"(20261006, 127)",-9207371397680947433,9239372676028604183,52cb20bc2a2f447280cc33e71ee9ee2b904aec7f5727e28caeb698b9f397b0aa,3987d72ffa4634ff19883af9e95482ca978bc07d56b2f6bf51039476eec209be
128,"(20261006, 128)",-52058735928460311,18394685337781091305,4594d9b030701c75d6699e9361bd4be77e3b1309dac27d451fa68505a74023fb,c98bfdd9e68bb40e247c31ba03a73aea88263148b7ec0c6a75173c4aa5a5f1c7
129,"(20261006, 129)",6455582020173538114,6455582020173538114,2d8cff672ee157b64beb55135200811a256aa50b846689b08e162a51b03db44e,1dd4e1f8e739325cfe39141a3ba0014006eafa66e2540e47a5c24459e8d30a48
130,"(20261006, 130)",1562507991200841748,1562507991200841748,aac6e8c452039637c06cb79fc3c2ccd9266d9f92271b30266ebd74263b5d757e,73d417aaa16f02edca4dd959da2373047a51420f13771f104272c238a94b39b9
131,"(20261006, 131)",8070148747302840173,8070148747302840173,6cee85becb20af6a8b2d920e4faafacdb57f56fe848ed84f8d9c823224cd0f8d,54d3dfa22395fbfe7fc02fbe1a77def0b16fb4b3977e57e75acb8083bfd53d79
132,"(20261006, 132)",-3868954570304713018,14577789503404838598,4eb0fc41c702d4dcd9689e6d39dd376343bb3063b967c03329c062f11c9f315e,cd0d57275445565b5ef3fc807b8c73a926aa933c33078beed32999af4ee6c4f7
133,"(20261006, 133)",5286358091447774104,5286358091447774104,f202cfa92845b7b54e52d2c830c264286867afb5c05939115e59f5d7e4a237a2,6878b9a6f4ccdf771ff281fab81a0e24a9089392bd1ca039af271c45ab0e8ffe
134,"(20261006, 134)",-6652745226159779087,11793998847549772529,59346c961672b0d3d60b71598516d3ca2d60876fa8be0e4c78616f74a23e9322,0bf303d509d4e9dbba91128a1517171069a18bc43f2e7ffa2ede025b81fd0c73
135,"(20261006, 135)",6900924818577076163,6900924818577076163,2d4c0ec7c411d96fa5f4f7bc9e9559b3d05509a7b130fe566ea55280f0507912,00b2d5b2d7b2731b2cec233bfbd2e83163921ce87dcdececf303363d44d5f27e
136,"(20261006, 136)",-5038178499030477028,13408565574679074588,e48d48a0c3d8eaa8166ee865a30d4f9b0165d3c1e1e80c1b2592c174313f6def,f849acd259fd287ca4be3760f6b3cb324587560909bf89f907d96559341422c4
137,"(20261006, 137)",-2928895125912846731,15517848947796704885,f80c735632213e40cbbcd83a4c1b394a47b05d6e6ff35bb613f326b1781a775e,eed00c7eff0b24ab90bd4f80611c10d519ec7706e6df2344721a26cdfd26b43b
138,"(20261006, 138)",-7821969154885543097,10624774918824008519,b00385120422102f7fd29e8dad89539499cc7763718370a266182e116aa4ee67,ea57592c82b073610fba943fa18dd3f16cd1202a8cc14df1d0fa0aa782c46eb8
139,"(20261006, 139)",-1314328398783544672,17132415674926006944,fbd950362bfc8c5d9f0ef22df81a94600d9d99545cf7d936f8b11e8b58219a59,a4e53df66ed08f705da2da6b671bea43bd4a1eda13403a586869b341fcc055c7
140,"(20261006, 140)",-6207402427756241038,12239341645953310578,0d51b8ff3c4c9bcc0e8befc6aeb14e9d53c44567c17446bc5edae5f3e66292f3,89dbdc731f321b55b6282b8c2c59c446231ba86f2c2223f9e018bf07673f8fd8
141,"(20261006, 141)",-4098119054638610741,14348625019070940875,32f8b6d1ca75f6790c2e0bc45414a6c9ac77ec722895c2073ccf102e972ea73a,a3064ef0a85737bbeb61935ef6e79dcd5c5101b107cd4a3c56a80aa74db0e38e
142,"(20261006, 142)",-8991193083611307107,9455550990098244509,2d49b1c8c3410f175ea4557cbc0ddbe29a2b0c5b50ad18e35f7b25e3d880843f,7d98b67ee1beece2d7ec7bdfd3016b754258790ad633bfd9931ba5c64bce787f
143,"(20261006, 143)",-2483552327509308682,15963191746200242934,6ce0f5ac85597fced4d8cc5d4ffc320e275741ff94288f8519e0505939b67571,7e626b16fe50ea050ff1306f107f8211caa0debef2dc8b9c3059dac3aadc9c49
144,"(20261006, 144)",4024088428592689743,4024088428592689743,7e95432b6a0b15ac66eccdb3a5625f1c1399ee29eda00ec57625afdf949483f7,62624c89675f73cd07b83f88b9e61c476a382b2b64d2af7416e36a63029ab279
145,"(20261006, 145)",-5267342983364374751,13179401090345176865,21d76f994f64a5cd21732db79c654b12d4c4ee8d71057a9e37f3407225fb434b,ad7d30f7100dfd48bf775fdc1f95e27b356b3c1202d39a614a660e53c82279bf
146,"(20261006, 146)",1240297772737623674,1240297772737623674,7d37890e64bd280dc7090177a949ffe536aa4789087d81bc438c0345dfbdc440,f020992cca8aa88d23589bd0eeafae8526006c5bc4ff8bde1d5a955e71bb8c4d
147,"(20261006, 147)",-3652776256235072692,14793967817474478924,eb33039115506666e6bd40473afee702911c0e9be5479d1ecf73ad9be0eddfab,a6e55ac6962ae280969778033587dad0d38be5ee8956c48671fe2dd0fc7a2f36
148,"(20261006, 148)",2854864499866925733,2854864499866925733,30c2d10f2e7b7c0a57c6def6514c22b96cf48de77a6e6d968d36e01ddc972ac9,af58ab23e8fbc17a40fcf3d94af6a23dab6900017a19c3156d6f6ad6b01fc52b
149,"(20261006, 149)",-6436566912090138761,12010177161619412855,7febc15da98504e8a6198e24b303c57cc49ce782f0f2645ccab3f035c319c4f8,4db25e571bae350c1f37d78f884912d4b7d5a9205f7a3befde9a4bd1f0dcf629
150,"(20261006, 150)",71073844011859664,71073844011859664,8e92b7953b454d28d03ee3bb356d81b4e03f0994c6ba470780d66eb379371f73,f50360ec14937ebc6423150e985d13d2433ceb69d7f2a62cbb9607efe3b914a9
151,"(20261006, 151)",6578714600113858089,6578714600113858089,4c8da353b8d2868255245442be3c3ddd8bd11a50d6c70733297233f9dd9bc5da,6f5a1bf24952ed073352cbe4e9e42730ce8cbf4af440a906cdd7585b49fe1b5e
152,"(20261006, 152)",1685640571141161723,1685640571141161723,e147aa1412cf1ab86c18ea96e00555df417f4c667c30ebda73e1c71ab6a1a88d,4c766b75a981726b23358b166ebb2f84e0a71794a81867a63e7d6a7a4ee15dc3
153,"(20261006, 153)",8193281327243160148,8193281327243160148,df26b374dffb55adfc51bf672cb2204124473e26101c0340833a8b666639ba8f,66fbf8d61c6c02ca4448713fbe389b9ec597edf702bf1ad32fcd3c01e20b1bb7
154,"(20261006, 154)",-1098150084713904346,17348593988995647270,25327fee8149f704c94280ee5feb6891646f04bffbeda618b39f22cee24cff23,035570768b8845b92c3bf27faf771669e609da6916c9ec35aea15b16bac7d3a2
155,"(20261006, 155)",5409490671388094079,5409490671388094079,0c97567b9187e25805b56039d15c5435421c7cd531987e0af138517f020c6792,7d87bee38b342bfe9a858068b31b4aaacc79e1ee8e7a697195e3c9eb0feb3516
156,"(20261006, 156)",516416642415397713,516416642415397713,01590c7bbd13634ed252bd1702345966a8a866fdb445ba16e9bf6057e977efca,ef25d7f7ae596111db68f20678c4cefd090dcb40d09d30a29fb79ad48fd6d091
157,"(20261006, 157)",7024057398517396138,7024057398517396138,ff53ae5852a18810fd8cbdf2a95c72a7a8e571c100b5c79ae76cf84ee096e693,39e3e5e8d629ed013c77d8e2775a20090ff4ff0c68e27a8ef3a73b87fb51c5e3
158,"(20261006, 158)",9133340771635026435,9133340771635026435,7be266e947fa0d925fd2c1f427f299c9aabbdbc076f2a3054e317ad9784ad499,25584cd8e058af195ef946efef1a9411e39a53e16066484af00efdecb0a23c0a
159,"(20261006, 159)",4240266742662330069,4240266742662330069,9b8e76d0b6c6553fa45287a1404ca6434434e79f9e86be48ad35c4d70ddf2af7,dcf6231d7ea1eaef2675adba86bc91e2e951a91a2226c0935c1acb1d6e704d2b
160,"(20261006, 160)",-7698836574945223122,10747907498764328494,3a1bdacbc3bb4edda538a11edef23e0e2bd9f6b3ca5edec90930a07e2a2d33d5,e5cd4afef370f5a014bcf5e7451d05760c11309423d52b8ce1a9cd98d7e159e8
161,"(20261006, 161)",5854833469791632128,5854833469791632128,c19f1a8767ad9c34e42c89e690fde1150ac7fcfc7abd93f05f0dfe410ad24ad8,6f366a0162acd3ea52b9df7967aa7f32ba8967d36ac6bb378bc7924831604dd8
162,"(20261006, 162)",7964116842909262425,7964116842909262425,8fd6479b25e12088f7d1fb2efcdb3625f714ac9bd2269f497ff24e7cf772978f,6f4bef3e97eb8381de3e594403172b19d1758c70afed95580c98e3e151a197e3
163,"(20261006, 163)",-3974986474698290766,14471757599011260850,414d9b11d045b58b6401280f1e4a9af281f9d86091fb724179fd4e8ac33bf8bc,301911eca4a333ab0e2b365ad6efc535d312db52162817c565af7d32ce4ed78c
164,"(20261006, 164)",-8868060503670987132,9578683570038564484,de116c8acbf067ac65664b54152fb0df774beab0cd6388dfaea49289a9f7eece,897bf2c2c5416943d62e784a413dae299e3e7afa9a1e366cab578f33473ad305
165,"(20261006, 165)",-2360419747568988707,16086324326140562909,a889da113610fbd0e3495c60448b0446cd4a559c6c2151993003307e2c0ca2a3,30715b95fa574890ca615ded153f4480f7d963e9353b1c3e552e6b6816916d42
166,"(20261006, 166)",6794892914183498415,6794892914183498415,a5dfacb99a04d102c000b6dd85476fea75661cc70b20ad9d61f6c2c759e18035,20aebf32a0e2a6d3c14e1ce6b7ad1d53ae03bd94941ec964a4821e0168ec59cb
167,"(20261006, 167)",-5144210403424054776,13302533670285496840,07af0c5b0489023b1039bb01b513b5eb5496b273acc468ceb18b848302651dca,1e19b08d9d7869d91ed5b54c1ece769588e2d6585fb1af6e6d94804329c15cb2
168,"(20261006, 168)",8409459641312800474,8409459641312800474,9b7981e4d9fd823b3c8c1eef08a2a4230e3a7216b271ee8fff628884e86ba3e3,1baaf1d2dd96f02cfebe029746133cefbedfd2969254584882e60295907bf5b8
169,"(20261006, 169)",-3529643676294752717,14917100397414798899,dea0557b47698ca09ca9b0a425f8a0adfb61e586019dd86300358b9a7d2aaa06,d168e8f81a0fef9981bf81e10f5d46d5625993c1d50e7e7b40bcaec536400d92
170,"(20261006, 170)",-1420360303177122420,17026383770532429196,d50e3ae39f64734e9c908f52efca95fa0eb8cca4c5c99a495654134a6e903c9e,0055487d217bbdc392b93a80af912f7574a7d7902faf9b2666ec84c0fd33f42b
171,"(20261006, 171)",-6313434332149818786,12133309741559732830,8d2c5c01487380bbfb6285ad259054172515a654d517963fd11194ed5425cffb,7e1952e1f832006b8c17ab0b053d722c8bd03e0e53f2590b7687d210754bd2cc
172,"(20261006, 172)",194206423952179639,194206423952179639,5f994865d945dcc0f2829149e06ea57fb73e41e59f97b1b7d6cfdc18d3980070,f702831b4e5194b06a58a8324fc49a023ba12a65a484140caa3d8df7249fd5bf
173,"(20261006, 173)",-4698867605020516727,13747876468689034889,7f13019f69f9293d0018eb8130987055f31bce2ffc2bd3ead6cfacf7c1daed7b,3ab2e25655e84618feb1b568ce497a4509decefa6dbf42eff79f598dc8e0ff55
174,"(20261006, 174)",-2589584231902886430,15857159841806665186,0c2966f62b9497e71d28e9ffc6b0f3d397636f7d5ff86ffdeac1c8d06d009807,647a7e6bbdf7caac7a8a0618e9c06ef4a53ac8cfe2e6fd7e9f144a25161bd71c
175,"(20261006, 175)",-7482658260875582796,10964085812833968820,a78e40ef79da61dcfb6649001ef61a521e9d43b38a8be536e60f379f66593d2d,5a28d5734676b214d187bc92e9b178e45844101736e40fc5e23e3569bde538da
176,"(20261006, 176)",-975017504773584371,17471726568935967245,53a0397ea3d18b254ac121536a9af62b941722173edc408fe446a4756da11d7a,682b69236fd6fdd1e74a6d647752867ad65dde6586b87b6c09a55d64d2881e25
177,"(20261006, 177)",5532623251328414054,5532623251328414054,49310c31347a95dde41fc1d5f111841e56d8d47217de66bc6f9db2b27a72e5c4,38749a0daf47b29dd1bdde7cab8c6ae546fe0923419358cb0bcac4d9044f1682
178,"(20261006, 178)",639549222355717688,639549222355717688,03ab25605a7ea8d6f7bcfd4e25d1a98182e963e4370d83b7d893e29d40281fb1,577babe3866a8946bb6d0c602fdaca5e6ea1c092ce9739aab03ea01db497e1c3
179,"(20261006, 179)",2748832595473347985,2748832595473347985,4ab78ff45333f78f938471eaaeb17b31848a77317cd8e605209be5858520ec01,2c22d2c1300cffa2329b04b51f37aec42925b1ac8d352e046ac215e6d73e13dc
180,"(20261006, 180)",-2144241433499348381,16302502640210203235,6a33bf82c56ae1e374b5211590bf7ebb78b02379257b7792da525898bcd6bf08,ea55181a82a9f3bfff036b66cdf4b8b6782fc58cf7005f73ed3b9c81b12b4287
181,"(20261006, 181)",4363399322602650044,4363399322602650044,2ea7dbcd34f05a9d719d3a0e2bd2351e2d2f4b5bde1bb4dba309b9f32b6ab006,9d9c06d890e7f737110a3310119a79914c6b29c6c58dd76b554b0c2408f8a68f
182,"(20261006, 182)",-7575703995004903147,10871040078704648469,8f7d20410839a72ffee70c0d7c2adff34cdc2effbdc0b228902222e719b2f507,5e4a1b3d14cc0008f04b033fdeffbaf9faecd7950d0c2d61ca99774e818af6cf
183,"(20261006, 183)",1579608666747583975,1579608666747583975,5f46c4d8b94d25c36f82c5ac3480ee32f6eeb4de7634075db3e5a05d35e57da3,c50994e8accc69df31ef5a418dc08108e54bda6e7e53cbeb2f268a4c76f890de
184,"(20261006, 184)",8087249422849582400,8087249422849582400,6a3ae620ede161af16ebc632feca09aa5f14530503ad1eaceaa6e71e0c6e7844,2ac5f3bfabf22881669531bff4a4f10c9d39497b7b0ba3d92a0dafc1a105056e
185,"(20261006, 185)",3194175393876886034,3194175393876886034,11b403bad5838d857fa8d6cf70391e50815d855e6c9fb761e94de36969cbad09,031059a30e0c156e8c14e7d4fffb5c6f8460d0f769bd454e61f951d42761fc7f
186,"(20261006, 186)",-8744927923730667157,9701816149978884459,35b3b31c7d59b7b2aaf7f8b57b85d76a753679a9d7533e20e91d193f76783f27,c79119c194fa698d713e6ca1306cb4161ac65de90448e9b80e2965766f30d35c
187,"(20261006, 187)",410384738021819965,410384738021819965,df8b17f34da6597dbdad777224497afe113c78addc7974367d5f2a85b3590cf9,26b7fda838b1bfd3475c9778b267c8488ffbe7541c0d7f5bee3d7bd91c5dff74
188,"(20261006, 188)",6918025494123818390,6918025494123818390,ccbe7059b589f7c9bc0ac4b7d690ebc307919594b943084889eac409f728d1fc,7173c500a4c44224ff07d9fc6dd1f628a3ee537ef4f5c18f3756374a635be961
189,"(20261006, 189)",-5021077823483734801,13425666250225816815,2eb5035769ff384010e1c42259e080d0b01286a5febb490623d64144c258b760,a228e0a0de0e3cfaf603fb92ce4e82c646a65313d531a38d344f208d086c0eb5
190,"(20261006, 190)",8532592221253120449,8532592221253120449,0e2cde626655c2d2de4aa0807d746b02123b34797e517795a25d8cd904f8e787,76eb41e91e54bede6384aa980d57b2f38cba63c4307ba448abdd7aed8f0b14c3
191,"(20261006, 191)",-7804868479338800870,10641875594370750746,f7f428b743fb949edbcc6a6df4a439583bde8de82f8d0b172777d93667f499a6,45788d47980608cc85627ea4ccbc705b0ed9cdc9fc4f77ca195e15be7eec5bb6
192,"(20261006, 192)",5748801565398054380,5748801565398054380,54cab3d2377475538aa2f7d6da2c94319f6260a4bd95cc40af20d5a5aef7bf85,e4e8dab1662e103ecebf24e8a4f37d5b2331dddf9d23d37430e553b7b0fb9bed
193,"(20261006, 193)",-6190301752209498811,12256442321500052805,61dfb26f80bbbdaf27837938dc43b262980524e7f027e1e728baa6396d57aa07,7919b5a86700412243a30ed9b9c76c752584b1a74c0e54d5df2338ea6c3131a7
194,"(20261006, 194)",7363368292527356439,7363368292527356439,c3c7d98e0dc69c9d702a9e4f5ed6a43dda8faf2ad2aee48f2623ceefc90daa78,586dc1b41b30ec535ab0ea9d3d4dd172660e2de73d9741dcf3943e9e65e00421
195,"(20261006, 195)",-8974092408064564880,9472651665644986736,a0db9e42cc36804e6b16bd107b80530bc3b179e32cd813a4bc12b1a29a8e1612,fdff5bcb712376fe0b678aec65802be9b2e60fe9395d3346f7582313cfe87b93
196,"(20261006, 196)",-2466451651962566455,15980292421746985161,1396d5769eb02cac4b30fd30c68b8c0b4e2a394198c8f39dd1c4707da1a4a2f7,b2b4612ae14741eb0e18498e835f30dbdd94b5ebd4c97d3f7ba4aee6540a6b37
197,"(20261006, 197)",-7359525680935262821,11087218392774288795,e3e81446e6feb1f3aee55419365d2d74277056c4fa8a2c131ffded11cc60e5d0,5d67c58e1efab8bf826fbf28aaa1586a00e7b6b3a7365d134e134db6a15b0bad
198,"(20261006, 198)",-851884924833264396,17594859148876287220,8824668f2f77754bd2b82ef9a8031f9e403c00cc8c774fdf3d75100682a47667,86f3463dc0e79bd775a54839d99f0d25a1e91ad7275b996d6fd2debc0a5c225e
199,"(20261006, 199)",8303427736919222726,8303427736919222726,82b8c56fe9a7c3569a87648d7aee8bd10b1f40a52c7f6b2c7a9265bf08f05377,aebb929784305d831689a2e7eab53e9c0312f2527d052f23b16fc498c14aad02
200,"(20261006, 200)",-3635675580688330465,14811068493021221151,1339822af383ef3509cc83347e31fcffc238588880c37a553d00796f2f436fd0,1e60433335700efe6b9d5495a914539de69beee093d9fca78be8deacca5d2629
201,"(20261006, 201)",-8528749609661026831,9917994464048524785,e3265a56ef0c4c28a398a02f1d6a8640c4d27c42fe5555d081cb6ba6a8bc225f,a5bff6fd70ebebe8edefc10c541db0cec53133877daefc33649b5979b05b09be
202,"(20261006, 202)",-2021108853559028406,16425635220150523210,d29e207cc174cd762f0afec48115c5cf83ff825ae429436acd8147f40b793e08,ec3da801afc2f2bc5490ae32fad1af86ac8cf82711fbfa678e65f003e9b32337
203,"(20261006, 203)",4486531902542970019,4486531902542970019,996b6bf2cb697fbc53417503c34ac4abc48604f55472a234579a55dea5ec363e,c621f480a1fb4fe714ef619d47978d3467dd81356afc5153e2eb0d2076b9293c
204,"(20261006, 204)",-4804899509414094475,13641844564295457141,24bbbaac1f003eaa72782b837eb6cb0b6de1a97bf3cdd6767208ae7d4abbce8b,03108e592886c04f9d61d612848aab28e6f02d91e737aceec19fc4245366f491
205,"(20261006, 205)",1702741246687903950,1702741246687903950,a0d2c5c47c0efd336402df96a5ecb4b653dbc67f5cb05f3c208932afb114fca7,d51e7dc9827d2c2270560015d11c216814d3a137c60aafd1c8ec9981b82915c7
206,"(20261006, 206)",-3190332782284792416,15256411291424759200,e5a86cbc1e143db93e9b201783ced6669e8028a89bc2c67a72e9a34637dd57e4,05120ac23ed07c3880083e56f6d3e2b38af23b88bac9dd6fc5b9bf50e5400893
207,"(20261006, 207)",3317307973817206009,3317307973817206009,a8a7211bb6ffe4e7c56f6c75396b5761d1300187e3219015c2ba217e3800c87b,62ee29b6c3d8ce76f11561eb92f5de91ecf2b86eabfad8a80707b552d9540cf6
208,"(20261006, 208)",5426591346934836306,5426591346934836306,fed1b2ea2ef901960f507b991b3af5f2fcc366bb080a1435b0aceca77f2ea425,a82b04e007858d41c4900752cd8b96134036a614ddc6718ce26a4c13b5d27a3a
209,"(20261006, 209)",533517317962139940,533517317962139940,320b55640c5a2f8a05ec536e3f71750168d9ecba70de781454abac2e0c61ce85,f9eeb899122a87ed0717fdfc78622d608086482e1021d3d9d9bf6ebeae2d700f
210,"(20261006, 210)",7041158074064138365,7041158074064138365,c7fcca81188db03916940af694514e05ec8d533c1a2a6336bfbf8103de09849a,2d49bae9615580e1f2577c55efa556fa37e283811804dc0fea1b63caa98e359b
211,"(20261006, 211)",2148084045091441999,2148084045091441999,a38d049f5d88ededab1c7c2118f2fd5260326c6ffa4d672175f9404c75cb47e3,3b062629c4a064f670b9e3572c950d1612342424d2578c02f449651d69fd2281
212,"(20261006, 212)",4257367418209072296,4257367418209072296,4a5ebf9ac2a60a9f275fadc59fccd0448833e52b4088a74dc3343046f18282f2,2341238adb9fe5cfdc3d4f77f5d1a0d9b2284fa2375e1dac3ab6fbabdfd5c96c
213,"(20261006, 213)",-635706610763624070,17811037462945927546,034531f8bed4f1a64a6d34a7cfc78de8d95597a2584efa881748d96f5d753f90,77797bee8e1226a38e9d4635c4e3ca8f0d1ca1ce5a36f9888370e85021a21bfc
214,"(20261006, 214)",5871934145338374355,5871934145338374355,e6f78201b3e1f5c98b1befff35734151eda2faa50e984139d1fe6d510085d4fa,277f22838248cd5b7a4c84a8da27642a17d10dfca23e6a8bb07382e091a1a04b
215,"(20261006, 215)",-6067169172269178836,12379574901440372780,1714a7713207b501dc1b4761af111b5275bbc6d1487ae54d281e82da57912ea4,a9a979ac1e717477a821199f48b4efb431b6fdd82e3060cfd03df4d51e5fa5cf
216,"(20261006, 216)",3088143489483308286,3088143489483308286,ae46be7e0ef0f3cb3950e05233e3d094313f0074c773525e224043bf8f938f38,35678bb3571afe0750ff40c6c844fa317b488c2385dd0b3f4631868ed23de5b6
217,"(20261006, 217)",-8850959828124244905,9595784245585306711,536a3db5ca60da580e387c05501f68ffec385a2e68cb5bfc2e3945f23e524d3a,8673de7e95df3a9d0be19226cc99c6f42c8bcd4882bc1879f506c730b76529b9
218,"(20261006, 218)",4702710216612610345,4702710216612610345,3316bef05bf0c80223c1388163552e7a5d6aa6435e7717b24ed3e5ef7297e8d1,744ac01db27d7cb1ed2bf62a4cfc4e62f7588bc404ba0493dd2aae3d918aec69
219,"(20261006, 219)",-7236393100994942846,11210350972714608770,0bfb631b91df253ec31a13235452ca33ef05b6888c708b5fcf638f559ec14d40,351a89a1869927aa1e30d83f6e3007cc061f294c8bce0897371788f1c5ed1d2e
220,"(20261006, 220)",1918919560757544276,1918919560757544276,525e9591e1000f5019af995496f5ac87d0349df8d5fe616249babc25bf057432,4973e02db6f89eb3586c2572f876007c6c7474f84527a4d356d713b449c24915
221,"(20261006, 221)",8426560316859542701,8426560316859542701,163e0d4ddbb1f486a3138171e03211096aced5e319b3739b1742e4ee5d623394,566935354a76c7911b224faa3468535e0ca23d4ee20e8cbff4c71c6619daab39
222,"(20261006, 222)",-3512543000748010490,14934201072961541126,c0b55257b694dc0dfa4c566cc8a780036139e609a4e6e0ee0a7125f87e495976,396a39211ad76b41e6d84d5895fa8a2fe19ff524f932fe545ae6b6bb923e4b3c
223,"(20261006, 223)",-8405617029720706856,10041127043988844760,0fb39ef2d6660b94c9f92ee0400b653066bd490b58e74f8e9f5e0efeb3f801f8,f3b1006b068db7499b96ff1683a5055909aa4f80de031f446e57b11d540f0a5a
224,"(20261006, 224)",-1897976273618708431,16548767800090843185,8a6e280e245cff5340838592a507f37c37fc82cc49f7d2af956a0217b5054e36,173912b5f9d79c38b417f92c5fc7524815ddab992c7701ff811a716a6d12c72f
225,"(20261006, 225)",7257336388133778691,7257336388133778691,3f1a67b454485ed49b7a80ad744c115f594eb53e6faec2c9a1d7b2d0e58dafa2,06d94135da0e163e7584b2496c80d6d8795503ee48a0508b1604d604195dc495
226,"(20261006, 226)",-4681766929473774500,13764977144235777116,fc9f5d962434a2c371306014a6305e32654c78ba5d6f81ffd228ea2e2487242f,c46745c8a77b2977d61a9c8ac1445a75da2a1726105d35283b2c8b26b51f926e
227,"(20261006, 227)",1825873826628223925,1825873826628223925,4a121afc360934f992b48bcf96bc2f9832384dd0844f1a2f2bd851e18a247b25,f57aa9f53c318821bbdaa8190a6fc33c6ccf5aa308dcbc337d6a3b7ac1a2a3dd
228,"(20261006, 228)",-3067200202344472441,15379543871365079175,972146528a2c8ade6d1d92f47a81b601238b9abfd5cb69caaa12a7b519904c30,81bfb842a1373305f892cc70f4414d65687d5da71080c5fb96389345e3ee14a0
229,"(20261006, 229)",-957916829226842144,17488827244482709472,9d2247fd1566972e2b2cf26d5a9574c09e47b2c8e3aa4ba52615ebadb5928b29,5ac2de7e9fe6572bb175ea0026dc9d2879714fed80f1770611a9556f4a0e13d1
230,"(20261006, 230)",-5850990858199538510,12595753215510013106,5e545c7cee0064210efe8432e5d92368a256710e6faa30d086ea25f57594ab8c,e26da48c7eeeb176a0ae64c14838215de41bc934b88334159c06042e29421eb4
231,"(20261006, 231)",656649897902459915,656649897902459915,c6c18bd1abe3aa926db98d0764199a33acaac3302b294ec44380ead62e46c8a9,a26565fe7fb5fbcfc343982c6f12fde54284652d532e32be3f51fed929d30e75
232,"(20261006, 232)",-4236424131070236451,14210319942639315165,8612dadaf10d77241d956113539d29e4f4dfcc1539cf26e93fa8f540f9a354df,d5386628bdb2b851d1a47bc9783f68575e740e2d8bcc35841d073270d6858eee
233,"(20261006, 233)",-2127140757952606154,16319603315756945462,91d5650e41e0fac567860673d551ad30d940b5d9647fb3209f9f69129bef8f09,fbc91f9742f7cee3b9d51ac7a812e73aa53d2c02e30c95193c432aa8d6a33d6a
234,"(20261006, 234)",4380499998149392271,4380499998149392271,c45af7ad06b78e3976638e5ccc49d1522dca3a6f0b9312a94f52b19c44f5c5c9,021531ff40c2465e00d41abe9a6176cbf95dd3a9178838f3a0dc8a7c0e3375fc
235,"(20261006, 235)",-512574030823304095,17934170042886247521,0a7b30b232edb24e3bf4581c7ef85919648e3c049ec3e4afc3cd3f3910099c26,51f7452b8823959a73075e7c3b772347d0974de43157baaa1745e5a94af1893c
236,"(20261006, 236)",5995066725278694330,5995066725278694330,5e9e9ddfe0c3896e2f82b972620cd61c90a9a1a4e9a752b8c7f645acc6d292af,2bc5268e162e1cdae78c7397dfe00574246da17cda78d7765e977b75328fc7e8
237,"(20261006, 237)",-3296364686678370164,15150379387031181452,946231559e4038891215a61738efaa9c99c9fd628e18247057860424a1753693,dfdc2d2eaccf83e6de0ae8c25d3ea71c04b8b7ef4a0b513970f525745d479f1e
238,"(20261006, 238)",3211276069423628261,3211276069423628261,2b9c8c1006e68e549ef66a358d36af9614b506aef0f41e9c0d574f240a1df3de,cf8a60174c48986ad85a50301250080fc84652ce954d086b19e2d50ffb44b29c
239,"(20261006, 239)",-1681797959549068105,16764946114160483511,006e099655bc9815a0d9676df1637c61bffa35160c6f85d23b6d1874eb584989,0ed3cc5821bc4de737c45c99e7fa6b84d1ba7403537a565f07a5a05b85e0dfcd
240,"(20261006, 240)",4825842796552930320,4825842796552930320,85d1a327d93b014a8557e4981b605b80224e569e15d07e39e1f2e0e88437c946,9eed2bb69a23e7d10fdf599876d5b54e7d762e0556b358ac51a21e014ac58823
241,"(20261006, 241)",6935126169670560617,6935126169670560617,6e67b4507167560635d9ef1d2bbdad555942a961731087476ba7dea580d7b033,caa70f6bd9c68a358ccd1f7f44ef5281e84f4d5d39e7388301e2fc0d0b31904d
242,"(20261006, 242)",2042052140697864251,2042052140697864251,677d4eaa048e1d55e3f63abc3b62a1d81e4f5316f67e7139f56e20f2daa4a0d3,651de04def33f6f367c4f99e68e210fe023497b806684d82bf1286bf9631aeed
243,"(20261006, 243)",8549692896799862676,8549692896799862676,12a38fe8dd7ff5a3b713262cc004d4bc088eb66ac1e3dd26864798ea1d73f0b9,1220637f767f9d9dc1896bf941d6cf59d2c9f64e1064b1588edbf7d40c06c50e
244,"(20261006, 244)",3656618867827166310,3656618867827166310,3524d050bf37003566b47226a352fe0bea75493894bf7e34e75ae7bf8f68653f,78c97b352aa037eab87a1e9db1378c6fd6e8ca1f995c522a63c63ca040f75be5
245,"(20261006, 245)",5765902240944796607,5765902240944796607,40412875987a56356cc7794443908af611506eede4f6b91a2d04562de63abd94,342dd27713a881aca93325e40cb83c469dd51d4d77e673a0d0d5af53258e3d64
246,"(20261006, 246)",872828211972100241,872828211972100241,bbb5308b418a8166042a032f5291b0e998661f6185752701d16e4256776a71b4,f44503c163990cea1c79593a203e7d39732308cffa19c11ca4d0aa70f1642a89
247,"(20261006, 247)",7380468968074098666,7380468968074098666,b5b111b59e547b0aac3ff27aeefabc00c0b3b364a1d0edaa123c485d307dba9b,d991e1a4d5743080067d4260bfb6783ea3db6af7f244c5d21ce3685cc4ecbff9
248,"(20261006, 248)",-4558634349533454525,13888109724176097091,a6fcbf85c938c075c2564cc10ed029dac10f7ec1eaf43886cbc350e6359adb12,c02c9028d98b145396e908e24fae9239e3c2de3060f2ecd36452ed53540c21d7
249,"(20261006, 249)",8995035695203400725,8995035695203400725,0acc26bf1e86b37f6732fa36bbbd2b47feca2deaa74a0a86fd86049aab19df40,6e9ad2c6b174f048fdb6dded0597fd2f583a2351b01d10d0a61304abc2e8aebe
250,"(20261006, 250)",-7342425005388520594,11104319068321031022,fbb2bd1b299c8ad737d91129b8f6806cf092975283a7854d27ee29717829456e,d3e012aa1a2c06cc6a8aefa3c3741981d3003ffaf3904f7d070041d48e8a21ab
251,"(20261006, 251)",6211245039348334656,6211245039348334656,306fa46de87bf2a5413f853b11523b1a659ad5c81a2cf2db3e2791c0407f9b03,ba3acb5924ed3bc3abad43dcceab201c52e84bda80b91f91a5885a065779ce31
252,"(20261006, 252)",-5727858278259218535,12718885795450333081,f5831ffe0b56a3d567ff5afaa5d85a4996f779a0427ca2abeacf22907f1e7f33,29826d9f38b9c03a94fd0aea7120bf45a53c3546c37fa9d62e0a7e25123e35c1
253,"(20261006, 253)",779782477842779890,779782477842779890,c019ba7bb529ba5781d43d96d5492a7c217da039725dbd8bce3f44326bbd25e8,3bf57982b3eb994d290d1f8cc9784df62bfae9329b938039900b85cafc53917c
254,"(20261006, 254)",-8511648934114284604,9935095139595267012,5c86bf542453efbfc370f839cbefdb9926903ff380ed7999b1c42437f8cbd36d,bd1728eec8fefe99c89ef5aa2879fa3c6a13f0a34ac16ff51a821fd88b161a7a
255,"(20261006, 255)",-2004008178012286179,16442735895697265437,3bec96298b310e88296adace1016f084a8f61b81472ef05c9531d46b26d70d49,a11b355e95dc029f873bc2d1b9d83be5a775466451a0d58352e76b5bcaa79c23
256,"(20261006, 256)",-6897082206984982545,11549661866724569071,4bf8547f31e99a139974f07097933097fce1d7c52e65961cf5a988ccf74d548d,88ee037ee32065f7eb0cfa75d622127e29a07da077b281f23e1274621c0df5c2
257,"(20261006, 257)",-389441450882984120,18057302622826567496,71bfb237ee388514e03b6958126a76b743228630ca76e8c48bdad2b6460ebb68,38f755ae1c0c20cbed2b7569a7073446c863c297e7074a3727102764b245145d
258,"(20261006, 258)",8765871210869503002,8765871210869503002,afcd0ec51afdba3614fbcb47799f67fd6dc762736621e68b727add1f45ce3103,5b56a8e18f0a94b030acb01d48ae8fa572eb97632587c88acdfabc1af400e77f
259,"(20261006, 259)",-3173232106738050189,15273511966971501427,5efe44dc0636881320cfeefddec8b52a0fd6e09ec3daf3df4477b0e2111b68b0,de84776a8515e5b97731d693e826a5bd389dc14e1ee301964b1b364298294f27
260,"(20261006, 260)",3334408649363948236,3334408649363948236,541f80d6241a84cb0856ed378a6c9e1dd23b74fa83d18b9a409ad3da9afe8f30,7f6bab62716fd1babb24484a428f5fcad5400a9cab009296fe9b934d1dc2239c
261,"(20261006, 261)",-1558665379608748130,16888078694100803486,2f0ac544dd223adfbf47b15d79f73afd0fa72807100ef94c4f2e3ae19973f9de,50646734e140e29216a0cbffa70887239f1bf97e93e1f8c80658cfc9269a6b3a
262,"(20261006, 262)",550617993508882167,550617993508882167,f6c16b8a074ee87b25165637746a65d72082da4ec87aa3ea711de44ec0e0e64e,7e0921946a5459f3a2caaf086b1585593f9feffa3a0be750f3d6fc54adf15f14
263,"(20261006, 263)",-4342456035463814199,14104288038245737417,95826ee985cf6ec24d2bd9575f3ca458662cc00aa6914565c4a6f1a46918418b,9eb867d32585249df52caee630ea5171c4963c6e699838a1cc45a59c7e25a310
264,"(20261006, 264)",2165184720638184226,2165184720638184226,f2fd7ca1bf8cc3d782f11da6b6852fabc43019fe6e64bac44b38eed718c50a0d,f20ad0bb2039d3b7980979834f85601f9ec7d90de4b6ce0b1596c0045fc21136
265,"(20261006, 265)",-2727889308334512140,15718854765375039476,777a121f33c78462fe2be272eb8d8d14980f944d0072e60263167295743624ca,fbaff637420c595af64662d72537db051621bca1ebacddc43a73abded7af0543
266,"(20261006, 266)",-618605935216881843,17828138138492669773,f7ef772b69007b33e2fb444554788a6d514269f04dac811db970bf0f601303a9,119313169d24a0c17d138999c3295cea612d76b8a2858040f5aad75631e1f25e
267,"(20261006, 267)",5889034820885116582,5889034820885116582,3e3d92998f07bef8669da0f6c9181df37a723579b984d60dab60d23312cb8223,f123abc3ae65a16cbb0a10f59de59bbd7aa75f9609fb311bc6a5137825698058
268,"(20261006, 268)",995960791912420216,995960791912420216,a2bd05af9b6f03660e58755a04418b2369e806c5eb2c089dbc410906a191f158,08ffdaa4561ebb3bb2b29704108ee0952658aae08290985f46a95e531f6c1869
269,"(20261006, 269)",7503601548014418641,7503601548014418641,590f62bef519d5f3aacb3fad01620c4f3d68976a4d1d053424434fbdc9b4950a,a5e2a34cb2e6cb73bc2c034267ee8a49191a90ec43133fd1420f6362ea8ee654
270,"(20261006, 270)",-1787829863942645853,16658914209766905763,d2afdb929ac3a70250a44d945a09213361fce334f1cea02a76b089530ab20961,239de42d66eace2260a8091f7a16f239618478f44cbc1c0f5da0886a7a828304
271,"(20261006, 271)",4719810892159352572,4719810892159352572,7c55a33257244d5a71381b07348882776ced3daf97095afc3e0a29f8d5aa86cb,313efd0f03e5de1ed88138a21bcc2803ee48b60a3d60b291ab1687cbd9ed8dc2
272,"(20261006, 272)",-7219292425448200619,11227451648261350997,b6150a9b3e4d047e273a2a44fa52a7903e5b231095a748f5e7392279610d9cbe,3b45d3caf0d0b615292b63e23857afb53b5fb8761c7143f902681adaf3b7c93a
273,"(20261006, 273)",6334377619288654631,6334377619288654631,9ef876e43af3a91d143a7f8b8cf44c157ca517e8d7f1593b48878d1e54a26384,2a023112e3ff72f2740d24faff8efead5fd3455e69591b3a268da50b71bbab18
274,"(20261006, 274)",-5604725698318898560,12842018375390653056,07eb452054cca220e331f153c9bdf3bcf08a71435d9d033c86f4897a96cbc824,307e008a25d3512fcec098fdd2f9d071784386e6de3a4850f603ab288af5f736
275,"(20261006, 275)",3550586963433588562,3550586963433588562,74149e627dc62f00475b646e223cd2a33af7cc0765724c61d6da7afbff87c424,28897af8ab10dfe51447272a3b4d1e5d61bb77387e7e14cda8d2bd1951751d13
276,"(20261006, 276)",-8388516354173964629,10058227719535586987,560080d6c7719b51d4d0d84e617a2c7c85ce93be87d5619ba284bb9e05225f2e,1e26781401e9a2c72fb60623211705e2943d9b49497c23c4ff5a8400a5b09d2a
277,"(20261006, 277)",5165153690562890621,5165153690562890621,dbb4985dd7c194e29cff300609aa45128ab08a0ff55fc3491655964accad28d7,b7c94b9ac50846d401e5ec5024fefadff1fb14f35327e7c5bf6a26f029f201dc
278,"(20261006, 278)",-6773949627044662570,11672794446664889046,e57d9be0cda2fbcd5499a04fba02c0f67a9af148e0e9f461b9e521ce300ed695,3a824c0e9b472ee57388b2e9c7a581a814ced23b42489e5d7d35bd2d221db00c
279,"(20261006, 279)",-4664666253927032273,13782077819782519343,3361f385c313b6c11e8bb4e5a3d0672bcc903a5fb0d7080795ba0ef6b29f82a2,e435ff8af735017a27fe4e903be747f0a1d2940cb9501524ed51f908852cc858
280,"(20261006, 280)",8889003790809822977,8889003790809822977,02d39c833bd2559e5c002700565cf50351c6b205ecd0c8f8e6aa0b31e1c21ac2,1a51ad9b3bcd394f5354e0b9f7e561d5a4464df900f6b2d22f8046e799aa22fa
281,"(20261006, 281)",-3050099526797730214,15396644546911821402,162512431d368f018414c48f5d4560e069c7c26fe0b0be42c12636a3ce42ea92,eff3337a52eaa6a14381de7a48468e8f6e6fd1635bdc1abeb196c2d7ba74cf5d
282,"(20261006, 282)",-7943173555770426580,10503570517939125036,26bbfb581034372809628beaa3341ea285ea91e48b450a6c66485b4f60fe0b12,6c5566e6ec713ee6e1f1af649a4a288f8fd61e18c28dd649b7bbcbf83989b037
283,"(20261006, 283)",-5833890182652796283,12612853891056755333,5c0ce83a9df4fdbdb1dc22b234bb20de30b6835eca2f9a56b44a40e1a3b9648a,b03f9f132c52a0067f9276909bf5f1fa8a5138fe314b2537bdf3fc19d335ba4a
284,"(20261006, 284)",7719779862084058967,7719779862084058967,385bc8d9743de3ba902608b8bafa470c8cad961dc797e3abd330e0a68f9e6dee,b8ecd814ecf94403f6cd5301cc3506a65b8a253b9190ca60be8d885cbe2e32dc
285,"(20261006, 285)",-4219323455523494224,14227420618186057392,d24f6b7da2a8a2749dfd9b890ffdf0fa9fa262c5973c51e7b1beb42c698d6e52,c7ef63c394a685ac0036bd9ff90f48648d85d0db11dd847a16e30c572669d898
286,"(20261006, 286)",2288317300578504201,2288317300578504201,ea8d3ea91730221227eef7482baabf2392551e77eec7191690cf3750d21022f0,c0a4ac9d81a592ec99049e0e6dd9633bf9de627e238e1cecf301aafdf7f13f80
287,"(20261006, 287)",-7003114111378560293,11443629962330991323,c06657870120f41edc78e66e8b2bd3456255326972f7cb96434e0c70f0064676,b0fa01d1ae79964f96a831aabd2136b9be85f1d3f0b34a8c49c4084c59a42cdc
288,"(20261006, 288)",-495473355276561868,17951270718432989748,792ecf06be156560a4d8f0d505124e457383abe114e3ddd5d377fc6e1f75813a,4dc7794344081f787370ec790b9c63c15c5d32039a727ac17c77d83967e46a5c
289,"(20261006, 289)",-5388547384249258234,13058196689460293382,c1682470a8ac52887b4e485029cee1ddf56c7a2600a621bf30e97aa689cf61d6,87410c2045a8e88c388e964fe5954657e35192012aaccdd1ebcd06fe30a5edb6
290,"(20261006, 290)",1119093371852740191,1119093371852740191,67cb29c155614183dce634fda9cdd166a94a4316e8de52a16b8a0850b2539b78,35d5fe8cb22f29e1abcb3e14ee9b64edd380d22c85e6e4f0a0085ac4ba39098d
291,"(20261006, 291)",-8172338040104324303,10274406033605227313,685effd2432b0b7bcea80cc9e2c6050dbf9ab071eafcd1736402f1c4d9c614fe,d9101944c6657f43d31715bfb7136e2750cc79d4034c987d53c2665957be668d
292,"(20261006, 292)",-1664697284002325878,16782046789707225738,8efa6d2270f9ea527ca6b488d57e458477b40f8f7fcd6dec5c7bbeca1de2d216,8b1fdfb97296baa3b7bc43baa96e031b90f4a4edc8cc92830a5837e55c8569db
293,"(20261006, 293)",4842943472099672547,4842943472099672547,0c02adc2e920221396a000a7e9834eb6c9f52b2d242a268c6a0a68ff5bca7f61,54186095020b7eaef2255d67c1a15421a5dcbc95df276a4c4955d64bcfb49861
294,"(20261006, 294)",-50130556873023819,18396613516836527797,b81818aac7cfd63983de7b0c5576e2579c5a7b417805f98ee4da54d58f117863,374401c0394ac8efa564c81065fb1760251065c7186e8a9159b5a96ba4e26d4d
295,"(20261006, 295)",6457510199228974606,6457510199228974606,da16ea1e990c6dcbfe5a7e202b696dc9ff8803725df805154ce6a6bfe097cf91,8a972bc7bcde9e881a99be2f14d64b4e0968a091a04d698b1dfa1892ba3e26f1
296,"(20261006, 296)",-2833921212728089888,15612822860981461728,b6a458955542008d054b03b60a713c971dbe34278cf82610d3f5d993f19493fa,8393f1e387611bb6debc5ff242f17dc25b0efa3af4a2ef35cb880d73b16ca77b
297,"(20261006, 297)",3673719543373908537,3673719543373908537,c71a106a8cf01e0cdcc416df0031950f1fc59196f48c83d04aa6f6439eb4b167,ea5b1cb24cee94f209d5614f7a07b63be8b4ce78c0b1d38923d0be38d49a1098
298,"(20261006, 298)",-8265383774233644654,10181360299475906962,e823ee7426658ce0c8c558363182c238cc951b250084a07c2c1a3f2549bd95a9,e8939c75c8b3b51f8f21d1d8c6ca473014698cba316b87b44b3cdadcef4decd8
299,"(20261006, 299)",5288286270503210596,5288286270503210596,e1bfbd3a14909663246f54e0fb01a7f01088ba0f891bd1c9d9c04005c550018e,ae9b220a00949d41b1d7740b29ad34b313a5a1fee1978601dbc204fa92c8547f
300,"(20261006, 300)",7397569643620840893,7397569643620840893,1a2e6b40bbe37d77655b4bb34912bb0e275c88980deebcbacb60d98eea000253,bc04b4b737b5814b63dc61963bb695423be5373da43298c90c089b55e13b91f0
301,"(20261006, 301)",2504495614648144527,2504495614648144527,f76b2cf96c642b9036dea60d1bccf39f2c834f78209cf780524389bc30f60644,53d44938366a2e4e4c482128aced686f294f7338ee0caa342c1ac0f140aca10d
302,"(20261006, 302)",9012136370750142952,9012136370750142952,5c20a3c2fb465d0e554da54c8224b504ac07d28e1a0580b7a5ab154ea1a76206,70f719531f5d3227aafbcbd755e0c6efd85a34b662b457f480b4a450d5a484fc
303,"(20261006, 303)",4119062341777446586,4119062341777446586,a4533e8d6369abd63b904e08526bb56c8429cc1216398e53b2769539acfe33fc,4744479e38cd2e3c6a53f46bbe2992e1954335ece184e605246d4a2e28147318
304,"(20261006, 304)",6228345714895076883,6228345714895076883,e4d52df06d34191099779f3d6dca55479fe4a96e57c304483a0923fcc28b3f8a,60102f827e9a0c8f621982bba926d3495e00caee94c1cf3e07001a393a550105
305,"(20261006, 305)",-5710757602712476308,12735986470997075308,21c758a4b8075ad1e12989bdfc7638da7bbae05e02d361bb4ad3653e6660e9de,51919ac81d793e03fdc67c90a6fde3f8778fc8befe780753b4e07cc6b4c7d9b0
306,"(20261006, 306)",7842912442024378942,7842912442024378942,e501d5d325cdec144d93e58b68d7ddacf19445fcc55fa0029d5af541d9871405,acf23d8785f79125894fe83f38acaabb8d69cdc1e42d5e4e594c0175e139b9a1
307,"(20261006, 307)",-4096190875583174249,14350553198126377367,1532e67543292f63d08f2c5f2be2b6dd2ae6adaa74f7a970bfcd9644a0381bef,adf581dea3d32429426829be81d33a6fa0c7c2d74c4b87410b12666d0bbdc974
308,"(20261006, 308)",5059121786169312873,5059121786169312873,e1ea8d03f1077a2d48c7d0a943a656ab9f6113216e6b29ac4c3f29e27e6073d6,7070cf48acff806419c936114bc0e90689ded08c12ecd209d0df0976f0825ad1
309,"(20261006, 309)",-6879981531438240318,11566762542271311298,31a68b539acdd59fc5cf99a11843bb166eb094aa68bb13c8b83169903e1cec20,f87c419ff135eeb68b5ad223085f9e1e8e40df8cba4b1148dc0da11579f01b10
310,"(20261006, 310)",6673688513298614932,6673688513298614932,2f13b27c1822efc4a02591285727c5d22b5de8c6f11c21d1d5867413d534cdb8,4700239bf2125247e681f3ad9d24a4d57266456ebb4358b79e81c7404bc8f9ee
311,"(20261006, 311)",-5265414804308938259,13181329269400613357,f761d4d128baf3942a4de717145e9b85e809ef4a557372f3a0bd09071f100413,227a248dc24e4f75b206ad9df93b0b6608640cb6f3948c5155c495baeb18a788
312,"(20261006, 312)",-3156131431191307962,15290612642518243654,5bd9286fd459bddaf3c1c9b678d94139e706e0b3f25ca985360d43350054e153,57d09dcf1801884c1a11944c1bb2f285bf77f76a74e48988a4615efcb002e053
313,"(20261006, 313)",-8049205460164004328,10397538613545547288,3d27441ef60ce0a2b78b52ec6217655f4474b1269dbbbf951f64646d25de5753,4b32e1e096ac7915d0ffc1920d743e2fc379e8b0f0c3187174a95da2fdedf885
314,"(20261006, 314)",-1541564704062005903,16905179369647545713,1fcdab076696044a22976145d36848d0dbe7930464f9fd6f97eb9fead90845ff,28f940eeff879bcbd0e7f2fa8d74d4ec5ccff64420eee694af29e0798dbfe846
315,"(20261006, 315)",-6434638733034702269,12012105340674849347,dac715bb608ff9e8d2e369fdfb2df3da7bb9699bc3d8bc0ece71fe0975664271,8a742d2c828c0a4465b05e023c73854e3a6654c398783f0c0ef0130be3d7811e
316,"(20261006, 316)",-4325355359917071972,14121388713792479644,832767be9fbb6b6e93ee27dafb0e5baa4e0c67ffa07877c360298a7cda2d0625,52543a8d00fa9bfb6d73b32fb69a8f03608a85fa63b6070ebed3c5ff9c544bdb
317,"(20261006, 317)",2182285396184926453,2182285396184926453,ea60f291df8137bf0c5ffe95e05261716a9895cb2c604c30ab8275beebfabe56,16abd0b2086b5288871bba3f1a0bf74ad376a8f10637b30cb3cb874a6b4d60d8
318,"(20261006, 318)",-2710788632787769913,15735955440921781703,db970f37c644b54e35ffab8188e6858fa9503136d72ef3980728cc568b2fe96f,c5ad9087b5571f7a8b3ac9e31d878118b44e54e6ca3327b45bd2e7e84f57f813
319,"(20261006, 319)",3796852123314228512,3796852123314228512,01419b069c3d7438e5604719628fa447ae615d8c072a3112019b7ac0f63db33c,9dc5a7acb927972499d86ce1f1e80f848eecc0a7cf8fd70543c0ca74da9193f6
320,"(20261006, 320)",-1096221905658467854,17350522168051083762,f45c3712fe3eef599161122bddf700501279888394fe777bd23e26737092a3b3,200fca54efe481e219d74ee21734b28ce78ff2fb6a906de16699d0707e4ca2cc
321,"(20261006, 321)",1013061467459162443,1013061467459162443,d452a67604866b5e3fd88bfdfd201002f7e0a89668bede7abb4dc2ee49faf468,4ac7ae74af807bae910f0e36404fb6775fcc7ee3a9a11d51eb1b750f3408e6e5
322,"(20261006, 322)",-3880012561513533923,14566731512196017693,aea37d42c2bce99034578a1d0cacee84ba7403bb1474018204ac71843525a699,eeaff2ad504fa1c9d697488c43021556afedfc8fa4d522e362f3b3b4c60eaa66
323,"(20261006, 323)",2627628194588464502,2627628194588464502,2870bd939b6122daeb7ba303e4cdd6ff0d9c710b73f1630e6afef90f768c3c17,a1e89990f63972d5ad2c1ab87c70926078dfdab04cb5ae288938948a8718adce
324,"(20261006, 324)",9135268950690462927,9135268950690462927,79a854cdc6c509117411f3686f540e335eb968d775b9f3207896a354761ff5ab,ae9ab914968e19f56fbda20c6b99d4f07d64060a5fb6d05208346e4081e5e040
325,"(20261006, 325)",-156162461266601567,18290581612442950049,27629d1af2e505123111deeb6a22938ae65e7d0bf15d1d4ea06e79681966b32f,c860e8216d3080166d6acd720f044d727deca580f61cee24d9dc65b0b5759054
326,"(20261006, 326)",6351478294835396858,6351478294835396858,7fc27ceecc49022db80ee99d4996fdcace17ac8052280711c044bb3c57b4941c,5af7734b74e8a9ff7ef4573cf5cf63e207ff7bbbc58868d0a243d30424fd3b94
327,"(20261006, 327)",1458404265862700492,1458404265862700492,0bb0686181b07770dc6251050902e13704e1fe46d0366cc2bd35d7f02ad94222,b73391ff3d6ce16a92cd27461ce8d9bbe799e119ca6cf1e38499524426aca9c1
328,"(20261006, 328)",7966045021964698917,7966045021964698917,ad22ed4830cf06e231a765a849de6e100c73abc563adb52469b3195b47f227d9,4605c1a9379a524bbe6fe91e8dd5590999f4a96f7f45532447684229aea71f1c
329,"(20261006, 329)",-1325386389992365577,17121357683717186039,b1d87c7a420ba57f5f04b4d7b8647884765422b26673d0607492255b36e25fc7,6e95efa37ed3f049a3e161c0dd3cc75b6fc4a77018595d2acfd01c531a831457
330,"(20261006, 330)",5182254366109632848,5182254366109632848,2e63b3361e26787125a68e2a6bcbb42ff939455ef7379b993f7572f4ae7f2d44,bd7314de1e0f9c383ddf90785fc3e4b83e5ad1615af61b2e5154d5dc89307061
331,"(20261006, 331)",-6756848951497920343,11689895122211631273,95df01a47d987a19f75419b082b6c343b7de1f4f284ddcf00c448ce05f1e5d48,1d22a751186fdaf09ace52e8833f5ed664b7232a44b561edbf65f0a9fd29c123
332,"(20261006, 332)",6796821093238934907,6796821093238934907,92dabdbc6cf761cde286a67e6b3e277a6a66e74a8f09e5b655ad5dcaae54dace,d595720e441e36991a1a3a4613d3e6f9e54068b3de13fbfa2cd7e995f6c550f0
333,"(20261006, 333)",8906104466356565204,8906104466356565204,81aa17e1fcd9c90489380070d1bec9422344aac715a470ab2750ec17d8fcdd8b,9577e614f77019d1a2a6c9149f07c4f5dba6d6257dd0595a25a5b6e946b7bedb
334,"(20261006, 334)",4013030437383868838,4013030437383868838,03250e5dbc560d028a7aa78d94d16465de12a5d6fa803ed7b4c56272e4cfe418,65ddc75b9523cd5a90e1549c8ed74732db0a29aa8ecad78c6d4fcd2f7da65224
335,"(20261006, 335)",-7926072880223684353,10520671193485867263,6fc64ae93f65da46ba3569c0093bff1c67e1b17adad994d782d9593cd1d145cf,6ce071dfcf914164ef5045ae1a99760d96e051a4fa70c8a16fa5bf338bdcd3c4
336,"(20261006, 336)",5627597164513170897,5627597164513170897,426cf3040826b66ccc7d3a1d00f1dd81ed68f97bf8e304c185d1726e4293c5de,2046ba6bf4d1885591f0d4c516ca1bf2b3618988143e43a3b49dad95e811ce5e
337,"(20261006, 337)",7736880537630801194,7736880537630801194,c2cd1c37d7eee0e34ddf992fe739680f49f25a7694a5a8d1d83f71c1432be2c5,19e6df49816506868551264763606d35b83a129eff2b5a07d6b9470a535dae8a
338,"(20261006, 338)",-4202222779976751997,14244521293732799619,9b2be746239f07a1c26c9382b826d6c69991392ba37aaea93317d0f54e0f659c,c00a3eb88c8cad92e640fb6e958af390851a3b97dd1dc202c502364db1395d49
339,"(20261006, 339)",-9095296808949448363,9351447264760103253,6691fccbfdfb6853246e7e2f1adbea5057667ceeaaadffc5edbb4440a14c2b26,8ba859a7b89b1475634655a18b6e55790988450c86903a437dade1be7baee584
340,"(20261006, 340)",-2587656052847449938,15859088020862101678,175c1949956ed92ad5b948fb498c6616c0c382d4060bd9f0f55c552bfea03732,a13ead2ffd3b5e8e5794bf9681f899d2fd749d2a336e7cdf238a2b73fb36fe56
341,"(20261006, 341)",6567656608905037184,6567656608905037184,1ee6aaf261ed8541174e597335afc13474b7095b4409510fc45b6d1d1a37c100,6048d86e6def84d27e599b378ec1506f34cfc09c274fa63185febf3615d34f04
342,"(20261006, 342)",-5371446708702516007,13075297365007035609,6ba27c2fe581ac540e30dd1457c7ac5358f6466dff23dd7e580cab565cde966b,05b1fdb8affaaf59013669515984e3717a0cbd53185c8710610e34351b483b4d
343,"(20261006, 343)",1136194047399482418,1136194047399482418,b9e6eaa0cb6911c1878f66eea269264d6b1314d76e0c308119d5f54c97310cc5,06bc70cb8d2f4d34d551356a88258253edba9fa575f48dc4d71c605f0c8cfbd4
344,"(20261006, 344)",-3756879981573213948,14689864092136337668,a475b5f66210004e075a256dcdd8b8e55669d7d3f602119362dc28d39a59ed4c,3ff30b69ccc2b2636783ac2ffc818718b9c87e76e5b98f5f69f0d2a1a0c192f4
345,"(20261006, 345)",2750760774528784477,2750760774528784477,4b98bb749a817e7bde914cc73168852e8a0349a2f1302359c5851f8cc24a13bf,f5a7909fe8a27ca9b75ef36e7f73713c3f34459a78260e1ecf4e8aad435687ec
346,"(20261006, 346)",-6540670637428280017,11906073436281271599,8d71798cb4db30f7e08da7aa3fa330c1fb3ae08e8e6b4b42f691a73409a30745,d9a4df5166ecb9b167f08a54b3efbc977cd0140dcb6a4c99160d22a1b6c2f078
347,"(20261006, 347)",-33029881326281592,18413714192383270024,80ffe2b9df42d1050ca601489691899e1e4be17831eade636aefd14ba2e387d8,932fef9d712bc550cac50b1fb6f4ab845d18739f2ac445d194c06112ab8b6bb1
348,"(20261006, 348)",-4926103910298977958,13520640163410573658,eeb5d21fcd76ca141bcd15974d180c5c9dfbc55a7996a0a90c1ec41f85bd1c8c,6dd570f9757b76b415af8eec53b32b876bde48b77923ceb878e779ae45977a99
349,"(20261006, 349)",1581536845803020467,1581536845803020467,3ce03f31a60a3830b665854a7b0e90a4d4aec06ab774ee2602345572177d5b85,95af3c44713e64c50484d2dddec851960dfccad0c5f32692adf3234b520f9f26
350,"(20261006, 350)",3690820218920650764,3690820218920650764,d3925126a92bc0bf7e513ffe9eaa338f57a40afd4e723467e9d951c2e892ef51,324c9ccaa98f15247b7aacf9c64d6910f31f4ab956ae9277537a1b9c59009594
351,"(20261006, 351)",-1202253810052045602,17244490263657506014,8bad9026868f5a4eb87aa334f1ffa40bb36af764fa48a0ee9d664586a7e2021e,d08b7724255f3b350f5f71e8aa36603f992e1d0c0ffe925dd1491e1e2ab91959
352,"(20261006, 352)",5305386946049952823,5305386946049952823,cac5e23ff7ea32eb111780c5a1b19fb1924211327fe8cb64053eff02bd0be856,0571c7a0687e14b5580e62fe279dd44e90747839094dfc5ef6a758f452067e23
353,"(20261006, 353)",412312917077256457,412312917077256457,8b3b4cec85e3cac3ced57445ed410a1f62e63d23f809dbf3c5075518e52dad00,bb857bfcc79cc20a689c275536f97892d683a9eb9c8621e64ce7bc1c252cac51
354,"(20261006, 354)",2521596290194886754,2521596290194886754,bcc97e4405e590fc905cf768ca6d77d4acc890a0772ff0a74d3ae12f6140b5ce,9538d2e032d35f2cb27eba68a371c32242dc2588a2cb65dc4cfeac20e042904c
355,"(20261006, 355)",-2371477738777809612,16075266334931742004,da54ff515b94e2bfd4adbacc96760c8d66388ba8761a64d5df6c82dc01b4b24e,0cebe21bc75d51c4a08dd57faac3c07ed36e22f0efab6e55b3bd76a6f220ff4e
356,"(20261006, 356)",4136163017324188813,4136163017324188813,68fb8d400fe64c78f20ce6cfbbcb3cfd896f52b7d9b76eb46461c24ce7361a74,233d0356a3b183b7d630a60d7a6ce2cb7369686a494c57b98bebc6cea95bd21d
357,"(20261006, 357)",-7802940300283364378,10643803773426187238,3b8abd975e69c01c717468da6c9c506cfbe931e303dc4aecd86838f181d0fb2b,ac945104cea8eff89a811d71936baf360ede9a212669f93f59fc4b59077724ce
358,"(20261006, 358)",1352372361469122744,1352372361469122744,8109ee24ed13eb1d50b18625c53bac1b46ecdd9dcb43831095327383c07677ac,a07f097e95a5833dca18229a6bc84644120f1d2d3cf2010003dd771e9ee03c02
359,"(20261006, 359)",7860013117571121169,7860013117571121169,930d3c696c00ec30fde524242c4f25400399002c9b1f2d202f67284d45ae4e6c,ef38ff752811d58efea7e7a6e3a0aabb436ec779447aab7c427c84ab1e1224c8
360,"(20261006, 360)",2966939088598424803,2966939088598424803,238ad31bdc6cfeb183223c1f9dc26e0f974606c3e7eff70c0566dc1e1992a547,8fc2e53e1cb2391f1bacbac01f02a9bc5677a069792317223629b1d245703994
361,"(20261006, 361)",-8972164229009128388,9474579844700423228,c29b15f8f6ec447b9cd81b675a2529b2bf2a03eb53c4d96e60764d3aeb45e442,12de13e6b7a5e343ba24fb367311f85be748e8a633df412c1e259352d9143cc7
362,"(20261006, 362)",-6862880855891498091,11583863217818053525,daf2f708d03afa4c5c4743d60aca3a78e0d9c653a208d2c56382fa7c716e3877,bb30251e155080caaa953bfa51e4e9e2ce65c5cbbb68d0fd0c75adff0a4046e7
363,"(20261006, 363)",6690789188845357159,6690789188845357159,d6da5aebc30327ea20fe41ddc0181eb5f2439bc75fcb1bd30a7a5618b1471bf9,391bb1f8d51fb6efaaf3e7645c4b046c7ed077b7dcb3aadb3618e6bd0a492318
364,"(20261006, 364)",-5248314128762196032,13198429944947355584,623c8562e028100378eb158842af5c13e2a29a5b6ac07efa869fd1e42135965b,653d559d9bc386b9170b6bcb61dbcddd4db9d4f804a3430be11e4b32d6f43073
365,"(20261006, 365)",8305355915974659218,8305355915974659218,4d7d292804991cdac7d5f7e107240a8755887e43ecbc5620feae368c77e02aa1,7ba920adf4ad9004374f4df0eda4abbec21c7210afb954119bf3716df85b1aea
366,"(20261006, 366)",-3633747401632893973,14812996672076657643,693b5c40bd46136a094918bcca8e30f94629c9cfff40d4fe94a85abb35b1ee08,56133e055a1dddd8cca79c7b44f45db76adc3b4eaa174ef347e00667532a7166
367,"(20261006, 367)",5521565260119593149,5521565260119593149,e675d448d3dfb093582911a12739e4b4da31404315b88ad6f4fd7fd1ac5fc817,068eb07b5c1c0ccd451c23a3058af1ad2acedd1f95969789b442ba3af4154fbd
368,"(20261006, 368)",-6417538057487960042,12029206016221591574,4669d8952d46288eaf9234a49073a6a3860f91566419f1dac2636e189b07c1f3,e4f337cb952d0abf4b0e969769eef7d4e7f71a9c29ab672f14403955b3dd4825
369,"(20261006, 369)",90102698614038383,90102698614038383,aad4667f206f471934904517754dc2b0cb5166cf50326b6170e09593d75ef6a2,9476e953b904b67760d65ba2c71548539fe74edd2bd7d5c9dd17daecd56a7271
370,"(20261006, 370)",-4802971330358657983,13643772743350893633,8c78093c79b271fa7dc69bb8b85cb6ec041b8d984e4d178287b625a2f93454d6,5353fa0d9c9391b4d9af831e973ebc56e8958cf5bf4402d23389e757715dcd09
371,"(20261006, 371)",-2693687957241027686,15753056116468523930,6e0be5a5e6ada3d9cae98a119fe020024995b83ad1295dc31db68f19a2451e51,35f434bd96aed0de1202e355e8fd112c6c20e11703cb7c46cd950469d828271c
372,"(20261006, 372)",-7586761986213724052,10859982087495827564,eec34f994608dafcccdab1bc47058ff534d93d620bc44a677402b1c16d5808eb,312d439f522c7d7651d7cff7771509d538602d8b0386368ecbb118d81e07cb30
373,"(20261006, 373)",-1079121230111725627,17367622843597825989,95d01092870408e5d1da1e8d683badfb2fd5c456e2576d5012184a1fbecd20f4,a2dfb244be42ba6daa9600bd6210c991ce43273ecde0fb1ce4557121f9ee3ee4
374,"(20261006, 374)",-5972195259084421993,12474548814625129623,82fa66005161899ae9fd9f1ac21d822f1d18ff944a3a740f63d2287c99ea8a60,58d4d05b2c47bb64f2c0120ad14102501ebf46d49a3d69b2fde9dad1b52bba1a
375,"(20261006, 375)",-3862911885966791696,14583832187742759920,671eb28754f792ec19033dfcb92a5a88a908c90312ce7d1edf9909f1280ca076,8eab7c83267ae96df7c688ce7a224aa37f4db8cbd6568678a6a5037a2108c86d
376,"(20261006, 376)",2644728870135206729,2644728870135206729,badb3b8e6be37ae7f50b39710d40e653e47267d2d09f6bda7784d288b79cce31,ca17692196638269fe1ee70ded24541b7a9a3343ddf21c6b366c5ae61bd862a2
377,"(20261006, 377)",-2248345158837489637,16198398914872061979,b723f289a0fc4bfdac1ebc75d7e853d2f1a66c111bdbf15614cb8b9aba4baa6c,f6a28e2ceb5a2b332697a4b8afda5d1c5a17fdad964872463df4e4f33eb861fe
378,"(20261006, 378)",4259295597264508788,4259295597264508788,a4c658cbac7c95b9ae7de0f763bd001518f78ad8d551f6e9a39c0a93e326d56d,4e373d2b7c58845da913bfd4ee9582cd5f29348bde717034166ae8795b4fa917
379,"(20261006, 379)",-5032135814692555706,13414608259016995910,4d313eea6cda9a05cca7589ffbf8ef86be1fca358ce8f18e7e26574f8f07ee11,dbb9f178ac77f4ce1cd6355ff233ffa6b20141ed1235fdfd8bc040774b7cebb9
380,"(20261006, 380)",1475504941409442719,1475504941409442719,a804f771d8d9a2db21d5aa1e25d853c9658ae14b77d590768854e2a165074421,09ad378695e216794647e618f69316ccda352df0fbc904e3238ef8f44b0d2356
381,"(20261006, 381)",-3417569087563253647,15029174986146297969,676909c2fc5968f8dd2ae47c24f4e2164696890b7bc46a03997f3553547f04db,bb81226a1dd76b2bccf6dbe05eb910b5b475c2a2185e9df8f062fd2fc4454cbe
382,"(20261006, 382)",3090071668538744778,3090071668538744778,8dfc6c2096b410fa5c1f583eaa222b890857c99e2207bd9aca20067f12bc6482,96888a3e6ef44a030c411249cbcbd95578b8c8926d7c41b2dac1275f3c57d3d0
383,"(20261006, 383)",5199355041656375075,5199355041656375075,f074512c74c28c55e13418e4e183a99d3ba1c8a3a37f249b5d08c31f08e002fc,80ddf54c916979a491abd1cfe53533f36f27b4b3d1cff9845f950ba1a6204862
384,"(20261006, 384)",306281012683678709,306281012683678709,e925165064b495b134a995c67efc36439d0c369a1463bc8ee7737266620c4407,aed23d71b667441efa06444edfd517d0cfd2a3b81e6e0e02efb2162d2542ffbd
385,"(20261006, 385)",6813921768785677134,6813921768785677134,ac5aceabefa63ebb9da08d1a3b8258b63b10f08289511620cfbbec1e066adad3,50c92e02fa0b70fe28dcdd7c52518a24df530572f4d789c0248526573ab95fc7
386,"(20261006, 386)",1920847739812980768,1920847739812980768,47387f113e423aa898292823549cf6b45d9435289c51263542ced38b588cb8e2,88f686d5b23076996a9ce2e5f70cc60b35edf807229ab77973e0fc0358c4f2f1
387,"(20261006, 387)",4030131112930611065,4030131112930611065,9a197fa193fa684887a6627a4e7e1796a89dcca0e5d21ee724bc5da9b00b210b,ece12b20286b3d95612e84c815b4f7aa7e09e8f860ebaaaab3441a37371f6f70
388,"(20261006, 388)",-7908972204676942126,10537771869032609490,08bd2b5f2552a253a382e6a82482ebfc67d5dc0f0b2861c12bb718f31bde5158,bf02d13ebbef8843906ae2259063a5ba2e886bc5fda50b4a82235dbedfbea722
389,"(20261006, 389)",5644697840059913124,5644697840059913124,421979feccd412b6354efbc0bd0e986afd24e47cfe31e642e446c71d607d0285,b265dcb6a1fb0397a060f8ad074533d8909b3b291da3c7bc0666c7901d02ba31
390,"(20261006, 390)",-6294405477547640067,12152338596161911549,1002a823a839ddeb255473a7724da5d96bec275d8d0f6bceb796784319b6b504,5eb792dd4bd3119fe674469b3d673ce3b60db55690fa49704bb3c48b71cfbbe8
391,"(20261006, 391)",7259264567189215183,7259264567189215183,6f73eba6cac8825acb59c28c8c88a57438e9f18762fa6d1473ef6a3a7d17e9cc,c9337424b8242dbf50e69dc6f9016ffb5b684ee2326830ef32dce1ff3659c080
392,"(20261006, 392)",-9078196133402706136,9368547940306845480,1b10a26c9b5df9eda4444d7e60504b8ab41cbf512eeacd41b7eaf16c3568ceb6,1de0c5e04195120f7e8b7d27543e48bfcbbbea3905c1b19df5356e5503047713
393,"(20261006, 393)",4475473911334149114,4475473911334149114,927b960ad9d63996df58c1d4b30c6c0c8e9e01f4780f96bbee0e4e1d7db1461e,7821fa4b4ffbfc1cc1f24695b91c54acac0993bebb564d868b77ff01b8794c78
394,"(20261006, 394)",-7463629406273404077,10983114667436147539,77768872d66c562f6ce12c2fedc42d81f560531ddeecac352995b4ced6771779,d1e693a324437693435d2b0a94541895041e694dbfbc43ada829a7333c8ceb72
395,"(20261006, 395)",-955988650171405652,17490755423538145964,7a365ee5792ecadec545fd0f3b78a1ecad1d3c088f671015ecd209b616d2a216,c919a08dd633dfbc6477108ad78d5ceffb1cebd8aa639bff6215a83387c9b55d
396,"(20261006, 396)",8199324011581081470,8199324011581081470,3c7d61cf008d4911f12e50f3e7540a309328da9e9b11c8b3be23c73a726d5eeb,60aef30c41e87abc5e9e2223feeac6cd1e32be842170a2b23989bfd97e8a7ed3
397,"(20261006, 397)",-3739779306026471721,14706964767683079895,bfecd41b9f5b70492eed4b910750a9c6f7aea8e090901202ccf91fd5a54943c1,fff92917287be4a75c71efe7dbf79e68189d06de953ce304127dafd9395298eb
398,"(20261006, 398)",-8632853334999168087,9813890738710383529,102d5abe5110d2219f9dd48f07b0235802ff41d288cd5ef2e24d633e5e8fa14a,71561646c623d1fe6d523a50fe12436d845d59f88bf9ba9656676b96311224ad
399,"(20261006, 399)",-2125212578897169662,16321531494812381954,fc77c9e703d69daea99fcd929648d0b5c4d90535735dc3224150da4f66c169f3,1e65abdc791d16b54e0df62b71d77957b038746443aa0486c691ca7b1324cbcb
400,"(20261006, 400)",7030100082855317460,7030100082855317460,472a6f44a02f167b1d668a98e49ba5eb088e8970f5231a6fa0eda3cab7b3f707,0b98447e2308aa3a64e5b02c6fea23d81fd50ab491456f9793d83f1f96c5cad8
401,"(20261006, 401)",-4909003234752235731,13537740838957315885,435333228e77e810be4e9f7fc7da8f755c6103d34da0bf435d221ac13b016026,c588d2f6ccabe302e6fcafcf07fb0e65a26f607b74081f9bba511200ba1e8787
402,"(20261006, 402)",1598637521349762694,1598637521349762694,030f299780f1dcc9bc208135b09f77133060f9ade5077f2ff6755cfcbc6f00e5,b80a4f2040020492a8ca4b72b6409d61be1b07982047c1e7887746cb24dfb8a3
403,"(20261006, 403)",-3294436507622933672,15152307566086617944,961859310c53cfe4df48f6c11e9631d729a60031af971ccc88dcf30a50bed97e,3e1164505fad94fe1b2621c4248d6ff63ecbaca41356bdef46723e010d77953d
404,"(20261006, 404)",-1185153134505303375,17261590939204248241,5bafc4a5bac3cec831a25527deb218ad39a89f86e8acb778a719348a09cbc294,5fdcd3669623c5b214bf280e8c14e0964f31b7cc3efe3d259c548aa12acbac64
405,"(20261006, 405)",-6078227163477999741,12368516910231551875,cca03ceb5fb04adf2b0bf9356855477ea45f00a688e303b5813308e160cd2559,029a9f748c8e7f84d2995a6c1d33e0fccb9eb24a9abb34b30b8792c13b1699c1
406,"(20261006, 406)",429413592623998684,429413592623998684,d3f96dc6d0c3d7e0e5926227ecef511a42c3467debb3e1e5c4f2823be54c059f,2eba7c8e973bcca94e4c9b5173a7379b9431361a7ccdf49da792463cb1414695
407,"(20261006, 407)",6937054348725997109,6937054348725997109,d7cace5951c8b29eb275324dd5f2a12b3ea32ca8e2abc740dc48f670ce080865,d8aafb47c2680d3392fc8c63226b28310b47de509097d39244fbdf1805688d58
408,"(20261006, 408)",-2354377063231067385,16092367010478484231,e04bb90ff94838f175643b817b657ef6c7c254c6c6cb8042c57b3ad7e1d06c5f,6a39eb798631b80f6d3b8d288b91e5fa3a6e3b1651769d3e63c6e24ff8d1203f
409,"(20261006, 409)",4153263692870931040,4153263692870931040,ae2daf2e85bc52a1aa4d7e06469f20eb98c657d151bd719cb3ff517b0483e939,338d7e648dcc0f8e1b3a92eacbf5711da3d684f8e2cac701b43f3b72a5239b59
410,"(20261006, 410)",-739810336101765326,17706933737607786290,95fefcec0a73a8cac7d494191f6d056026fed5ae3b76995a842c676e10970925,2f18ea76cd1e3e843f76783848caa13e34b82df8a2a32b2f0e8252e5db624fc9
411,"(20261006, 411)",5767830420000233099,5767830420000233099,b062a0d400d11867ce87605a38252ca9a7071ceb12cca97267eb163208237f6f,4fcb0d47b37f32464e5a340566689ac37b4d8dfbcd7c462c037781251ecf79ab
412,"(20261006, 412)",-3523600991956831395,14923143081752720221,f6e4c8b13a152867bf204f3f4262dd03f842e859ddd22408e093cd2bde59f1d3,467e499adb4ac9fbea907cca898622032ab5abb13b59a07350a084a5c0632d85
413,"(20261006, 413)",2984039764145167030,2984039764145167030,0df9412f9420ad8b02f9d5497a18c069109d15a06490bb1960f0c0e774ef388d,1d72bd1948ed35bd1f3a8cb5de4fc8ad18a42dabe9b4ac76e5efbc81076d9667
414,"(20261006, 414)",-8955063553462386161,9491680520247165455,8219c5d9dade087100502b5613115a63b2c12aa41ce5f187871ebc15366d08f4,b1deeb54310e7b967d7898f670c23663277c912ec1f491c062e92e0eeb77e991
415,"(20261006, 415)",4598606491274469089,4598606491274469089,f63288c3728a04fa354a9de5b936f12b3825f2f6104dcd5a301bf274e1dd801d,c09bc9c07d490c25d0f2793ab956745283ca56bce7d38da6491c7d51a1c5bd19
416,"(20261006, 416)",-7340496826333084102,11106247247376467514,17f975e19c4584a9a088863da4a6f72d4db481a40384589bf41ef51b7ba6906c,8469e2d7d8c9c10f63a34348495b2c0a9454e4255fe35fd1710836552210adc5
417,"(20261006, 417)",1814815835419403020,1814815835419403020,a5cd88cf0aa1670aa832b47b9a88710b2da77aabaddf3630657b571e2afba8f8,301be6c79ecad165e270e0193ec8a178ae2efea1c37c416fda62565689d13d22
418,"(20261006, 418)",8322456591521401445,8322456591521401445,3974569533e51a6e5c26f8569bbd72c750d7e1747b06731c0196af3965bddb93,6de48107e1e8fd9c61ac99d11f5c9d423509123353b8f8ed16fd6476e16687e4
419,"(20261006, 419)",3429382562548705079,3429382562548705079,c0829cd3442989340c877c8f4c132dc856d2c7e9574bb955534521fdeb81fe13,e3a9ada5c4e6327736e4d69c7504a17e03844485dc33d69070002a58f946f79d
420,"(20261006, 420)",-8509720755058848112,9937023318650703504,6e06b738aca5c010312c23efe61f601b74d5158c2aef4f8027afe943ef922bd5,bdfd1cf27253b6a23913e48db0ef556c002903a34913ada8c37671f34533896f
421,"(20261006, 421)",-6400437381941217815,12046306691768333801,8563597889ad91f7be2cab0f01324fcab761716d6471684bb060741828bbd9e7,1653875873aa03fa4faaf1dfef1316d2daf5d7cb475adfa99cde7b5228615720
422,"(20261006, 422)",7153232662795637435,7153232662795637435,a8a0d23ae2a406a6e83d618fa55c833ece90169b9991a309d84bc9a5b82d42e7,4240314a8869726a1ff200d92e407ff112aab565d95b2d2aac64717ec9cd2294
423,"(20261006, 423)",-4785870654811915756,13660873418897635860,9bd4f5f0edb2f5ef479e97eaa5f8c515ad968859d17efbe77a6231c4636f0b7c,a9807ce45c9001f6caea7d5a119e624623568f347dc15ae469ea5f08f2901b3f
424,"(20261006, 424)",8767799389924939494,8767799389924939494,01b10acaa219ac69a658e7b24917052e957c9e6463334ec4d854eae3358a5b75,7e4cde96fb7ac322a3ec6f984c5e108716c8c8941e661e9b7b7edf756df346d1
425,"(20261006, 425)",-7569661310666981825,10877082763042569791,0de000f569744095576e0469ef54783dde4cbbe3dd9260da7a82c45ce82ec2c1,833858aa4d68b615c219f2db2979d66e4a3f9a4a075aa13bff11b349d4cdb01d
426,"(20261006, 426)",5984008734069873425,5984008734069873425,2f10f63e0f6968d466d02f088f5d5415c971a53b694bc8fae4d548e7140a310a,82b2715e0e20cffcf887072725671c43cdc30f7c82c4fc8e93f95575d8186976
427,"(20261006, 427)",-5955094583537679766,12491649490171871850,f52d0e0d709e0a10c0e823508e1a9d4642c037b42100d29e1c3a715735b94616,1bfa4f7e12fd375a15592094f4a4577a8abef33821d48f1aa13c254bfb04aae7
428,"(20261006, 428)",552546172564318659,552546172564318659,061fe19628bcd86c29cf0c10afd94f7af49f48a65e69e47cec65f449ea478abb,cd678ee8c3f2a7cd3bb0bac0131d34e393023477c77edf3d82923aeaf390f978
429,"(20261006, 429)",-8738885239392745835,9707858834316805781,3a928221afada60d54797cbf13abc109768c9ce69eacf7bd3da7c455aa2f3865,73e86ad16d60302a8c29b5d1a82e5b5af1de15186ab5699ca814fb2d4034967d
430,"(20261006, 430)",-2231244483290747410,16215499590418804206,3e9faf1f331e52537b70b187efca71f8c146bcbc6d4a83bde233a3e98c82d612,78ed89a96d44474670b58be813b048667c06e4dec1bfffa423a51c468001f946
431,"(20261006, 431)",-7124318512263443776,11322425561446107840,49eb6b588b9072904ae8e0164d6d5a0d57241fd8d201ab80cf176bd7289a1ab8,8d7bd373340607e4160fdd8be56d1f0bee8f53eceef9e62e17c76b05ac710285
432,"(20261006, 432)",-616677756161445351,17830066317548106265,1bb3907e00371d9e9931ddf233abcf61047fd534cba4cdf1175dc089cb53c118,dbc4a5bd522d8300ea0453874c322afeff5e63ca564869e3c2e94e2b80a2a4e2
433,"(20261006, 433)",1492605616956184946,1492605616956184946,7391ff400420e8c0d86fa270636f11c9e9ea457c9d82747e48b3522531aa07cf,e087b228751aacc5ceb8d54fcc43fbb3fe93d52e4cca45d437220176542f29aa
434,"(20261006, 434)",-3400468412016511420,15046275661693040196,dc8719dc4c4595103930eddbb3943e74e060055f6475dc6caef2b1622a513a8d,8dc9d562c4cedfa745bc885f7d79bb03bd8004680a8612990f46657203a13748
435,"(20261006, 435)",3107172344085487005,3107172344085487005,f877eb1adf49b1021c152a64848f008c8de99ae89517e813c6c1306a83b0ae54,650273d9247db3b0aaac0a4700366de69326c334a9d09d6ef94b3368d4d04907
436,"(20261006, 436)",-1785901684887209361,16660842388822342255,1cd2fc01fae2418dc01500bda2c551fc0b95e0168d016ac589c47ea6ef2abc82,da68b77335f13871ddd09a7af58dc85d91523a54e255c1f7414a3898912aafaa
437,"(20261006, 437)",4721739071214789064,4721739071214789064,99d427fc2b8c394c616f167efc0d287594ca17cfb17f2c2de410b145076d4577,5828746d04db41d49d55150c3c1a1c2d9a641a02c9c0ffc73bffa493c99b8b3e
438,"(20261006, 438)",-4569692340742275430,13877051732967276186,67e91c0f8228079e06ce00509f9b666dd43911713c9cd03a61525dedf08d6434,88732f10fdb35519556c7a82d0dff87d0833d6b6ccf5316e8af6a9ddd7e2c3bb
439,"(20261006, 439)",1937948415359722995,1937948415359722995,99b1334d788c59ae0469afeab1f3d2388c51b340ac89bab947c1d2e6d1df416a,70ebc728748942d9d682a7f069ce52919e76b3557e33bedda0e16f9a81cdc982
440,"(20261006, 440)",8445589171461721420,8445589171461721420,974968c5e0a8f48582fd8168ea914cd12c45968ef91a055bbc6e936e01619648,915457863a736ee1e60e2e9c117abf4fc111bafcc2e01215d3c4e95692c2e9ef
441,"(20261006, 441)",3552515142489025054,3552515142489025054,af0f4ff4689310a6e1cf9d699a96bbc9c6af9fd61da0f49f71a955da13a5d0d1,4c11af859f9a4d0f62ff651cf3bd57f169855ef91adc50fcdf77ca2c8cd7a18d
442,"(20261006, 442)",5661798515606655351,5661798515606655351,a6629b77b74ee8c71dce8e46b219ded0eaf1f881a49a740d6f66030cd528c770,bf1103c8bae456ba2c01c5b889a374d0a56587484d281de940bf20d79e71d974
443,"(20261006, 443)",768724486633958985,768724486633958985,9ebe4bd44acf28dab764685b5b591de3ef937975ffec02a78cb80688f95b3c2d,095f4cc8bbd12d50ea0cc2b73a8c924d8f3e3f08b6ec2892b04a74b9caa353ee
444,"(20261006, 444)",7276365242735957410,7276365242735957410,184181806a56b4af2ba28a2403d055dc105c2c28314d8f3765950bedf125a9c2,b5d08b125ecf4e8d3734f402ab806cd661d3c657d660718fedd922fb563cd5c3
445,"(20261006, 445)",2383291213763261044,2383291213763261044,d998815cb332b57d22e8940db7a272342168e60afa48e87c6b6d5affc848a242,10f86bf7ae62feadb0906ae5278bf76ef01d2522df48b9e7dbe5ebd7129f23fd
446,"(20261006, 446)",4492574586880891341,4492574586880891341,2dbc49073e22ec9555ffb5aecb20b784a60c07a7ab1eb4647bc025af79ef3db6,d2a488a268ae91479970af6fba4cc666d1c856bed2f93ef08e8ff071851cd6cc
447,"(20261006, 447)",-7446528730726661850,11000215342982889766,ba3bc59f34adb55fa5af0103023fd294c50f136c094da9f8b920263049a53f0c,ba128f9df19f3ea34209acc8523647a286ff07606fa9bad6fa761f8972e3d100
448,"(20261006, 448)",6107141314010193400,6107141314010193400,5df57450526c09897aa1b2013170ee5c28ce07c4d8ddcf94705bc284bc7f8431,e1709f7c8b2ac09bfe5aa5165aeb382979ead16e73c20562a4bffbac0b751a80
449,"(20261006, 449)",-5831962003597359791,12614782070112191825,a4a8a040e1209fa89f5fdde502dfbd6f4c396b7fa46920398f0585f107239752,9d6c6ccb2048e3e5af0d81d50a14cd38efda33821e1c8d0b58e20911e8b529c6
450,"(20261006, 450)",3323350658155127331,3323350658155127331,b3df28857641962b4861e66abd5a6d9c1b8490277be43d9829a1ecb8afc098dc,1a10b9abf74ddec3a7f95fb8735a2db9e57464547c556c87dbd171012024375f
451,"(20261006, 451)",-8615752659452425860,9830991414257125756,1d54bdac073215ef17538f3d7a5f34ca7237ebd0c608f704f64a22366891683b,a97ee6bb1da5d5fc4436e196cc451dc9f4c568c309aaa7fdbdd476b07ed9fe47
452,"(20261006, 452)",-2108111903350427435,16338632170359124181,dbde88425e41e42ae908813db187c392aa03052c704e1b1167997772817f45dd,4a4583a306283ba16bc80aba988c75988f66b63e3e8a92ea508a56fb1fafa2bc
453,"(20261006, 453)",-7001185932323123801,11445558141386427815,92f2d68f90309b21237dfe4c14bf1d649b3c48b316e4b5845d01e01c479a07d1,bf8c115fdde9b7a8e8280230fee1ad24540c4998c2a6b0d5b0f96ac3171644d0
454,"(20261006, 454)",-4891902559205493504,13554841514504058112,152788036a133c0b8c5b9e76259afe8c47b6f812c1f3a0672ad3f4a9e6c182fa,d0a5664c8e626d8a32716afc4baddc2b02a8878f53756eed70cab9566eacc2d1
455,"(20261006, 455)",8661767485531361746,8661767485531361746,ca323aa5ebe531fe0337e3b2fbba09f4eb4738207fdb6857fe15aaafd0791ea9,c31735450644045132c310b21e60a117d218cf5a2e2d6bdb6fdb9a68eb4710ca
456,"(20261006, 456)",-3277335832076191445,15169408241633360171,55429f8741f4b08065cabdf1c4c83b9efc28d3f25dd308a24c5899ef7dc9f40b,3487b0b70b2e7a85203f2d90ea0cf617f85a197bb1b691da358a77a3ea63dcbf
457,"(20261006, 457)",-8170409861048887811,10276334212660663805,d6879a3afc06e5b43fbc1b1c36dd486bf8a6558487f8fb38efb0c4d4e455bded,01d1726ac957f389261e39e5fa8e40aaca8a5bcfe15a388a93b1d448dd1afca7
458,"(20261006, 458)",-6061126487931257514,12385617585778294102,f975fe0df49ffdb851ea50911f1198479bb7def0b057d5ddfc65796d5c5effda,4d3c0a32e0669c068cb43e1e6366cb04cc2bac91da7726a984c72e93f000f79e
459,"(20261006, 459)",446514268170740911,446514268170740911,a214f9348b1f3eb0f72235474cf6a2a261d80246b5d8b40e6f7e778103c1cbc2,d4d160ce59b65cdfb7fa0dd54ed1988d0f531946ca4c6b093f072922e421f35d
460,"(20261006, 460)",-4446559760801955455,14000184312907596161,989c538b4751df085aca26e4cafc1a2584b60bea04b27fa54dec66d11ba0541d,8ecb48de06287938592933cc87f7b736e6d4a9a18ac593c51541e1aa09b824e6
461,"(20261006, 461)",2061080995300042970,2061080995300042970,d5385ce8af9d592258ef393e20c65fadb25bef3acd471a3a151aa05d11aa6182,7baa7ba7a10afcb5b9f49a3030ca1d4888221db4dfeb5ef1863f276688b8d6f1
462,"(20261006, 462)",-2831993033672653396,15614751040036898220,841864032e1a4497c46dddbd3bd3728e5e249d12c52034aedab1e36e30f6ca29,35ef3be915c9b96359bbd8329f49ba41bd029be5d060060e2ffefb7d4c1ead66
463,"(20261006, 463)",-722709660555023099,17724034413154528517,2c33e3c3a1e7053da195a714e3e2cb53846d4ac18352f9a8942f13b35b039fd5,ab8be581a20f769ed7d0666f2cd7e84b7e71c59d65c09e2d765a9e743bebb4f7
464,"(20261006, 464)",-5615783689527719465,12830960384181832151,9694e84564a6529d4756f5810d4a91ac893484b7966e44277867cd59e9e295e0,ea41cfabaf674f821cba7a74f4d80a3e837822eaad44f1772a96233b9601a771
465,"(20261006, 465)",891857066574278960,891857066574278960,a814380fe978a1315254fffa33a0d0673cffa78f5cd6c4df1a8bff3357a28ab4,aa7c85b8c7734e963057deb08221a9dcba85c3ef4073605d9626ada3bb29aa74
466,"(20261006, 466)",7399497822676277385,7399497822676277385,b90e725b7dcaa4b09328e82aa95cd937ab274a0772baba88b461e24534939d79,235a9ce2cfc9b74ea437584a7fe844427d156292f5b14e7deb24bda23e5f28b8
467,"(20261006, 467)",-1891933589280787109,16554810484428764507,4da79a6dffaa9c0abf969354ffbf3f62d481ad6a7355a54ff065b9a0161ecfb8,14dc6402670f5fdd899713e9e5fa0b3dbf7f418e0790db35be30bcfe43d07ce4
468,"(20261006, 468)",4615707166821211316,4615707166821211316,8a43025f1ecb4499d9f637c5d269e89a413557b7241841327a1dd505aaf331d2,4f2f0ae3368351f954158600b44d30bb93e0662dd37d4290cc47ba133a4d30ea
469,"(20261006, 469)",-277366862151485050,18169377211558066566,c48b1f5d2f80809c8f4a9f218d65796817491c878bd3b521ecf607dba5a65ad6,6780eab11a6afd5ab728ec962bb7e05fde6c0c20b0c801bc7a55b88750d7b654
470,"(20261006, 470)",6230273893950513375,6230273893950513375,0535ec60184f36183781dcdb899cc40cff3f4a0115ec7708d2c28e28d8b3ac16,388a0002b1ab2617a4961dd20985bc185920443b9d383a1f4fafb8a2062262c7
471,"(20261006, 471)",8339557267068143672,8339557267068143672,5ba6c514826d68a781c607fcb16575506e1f4c0f458ee02d0e2d6b4cee7429b9,32a9f5224c00c0d3c4a3d4dafb051c42bce98f0892e5bd697847ba87338daf1f
472,"(20261006, 472)",3446483238095447306,3446483238095447306,32c6365e3696f8634f11a694e400a928417e910c1da323b59c6b22a7d5366dfc,bc30d15a1081b6e964d3213400c13cfd096d50aded2f47fa4379b1bc6516ca77
473,"(20261006, 473)",-8492620079512105885,9954123994197445731,c16d119e6d68bd54584e31296d649c68c6344b2cdd3be5e868e1f5f3e63df0fc,cdf3efdf18202ba4e8d5edc8277f9472e59b5af4c4f553ed0893370e4d1a3e64
474,"(20261006, 474)",5061049965224749365,5061049965224749365,3e8cdd008f7b49b3077298cd181264f4f0a0554d242d1841eb7dd93b29631131,87dd4892cee8ebc967599466a6b65a19b1c3005335b4af00eee94a5c865ef007
475,"(20261006, 475)",7170333338342379662,7170333338342379662,de8eba2d88de0eb4f22be82c460a47be3f1554ae9a61f766986e953375b3e5c4,14cd3493846a23fdc5e1da547f3775e01a5e715415b2447e49d681d4ad9a8a93
476,"(20261006, 476)",2277259309369683296,2277259309369683296,ca88c2079105da4af6a31bbd1cc900ae9a1ee7f657df962801fd327ab919886b,acb64240fcd59229842c6de499e6889b35f56fceaa386d4270947563e3a0942c
477,"(20261006, 477)",8784900065471681721,8784900065471681721,165e86d30dd620698d02eca37b5ab9874d8dd70cb8b1a035f9cf4f0e4043a042,b28aec458195ec547bfc205053b8786ee891ac576b58c2cf6664a30498f06b32
478,"(20261006, 478)",-3154203252135871470,15292540821573680146,659d141eb800f3a9228c759056e724e413214845024dd220795c2bda9d011ed7,b008c38cd7f26fb67f789fa3311f4da3b62a334ec1fd488fbbf32135fd5fdd36
479,"(20261006, 479)",6001109409616615652,6001109409616615652,b86d90a39fcd7761ffd25f7c7dd59cbe6e9a5e7c4096d6d57c0782f58ca0c674,0dda82c0ecacda72e5cce3fa0d8794a696d7080908225f4be75eb3066ff48954
480,"(20261006, 480)",-5937993907990937539,12508750165718614077,89a49a984fa5f6d3f3ac6e62187a885f9cfcb3b5a4c8d364d8858fd52800c342,6c38bb8e960ce39374f54a4a3b5a6f8d5519c14619816c8d76db69e516cf3fc2
481,"(20261006, 481)",7615676136745917711,7615676136745917711,1b07f9d8aea89d7e5386771a3d9a879f3074a6ba7080b484230a3162250dff3b,5bf6564f41a5d5380f30648f7698a858382ea7229f20c2ac9e0d1c37634da49e
482,"(20261006, 482)",-4323427180861635480,14123316892847916136,eb803016e1d13699d2481486ba330b9a1364cf72272bb96d99ca04d9f1dc420e,4f492fa3c3f397d0f7162a54645121211f6d7bd62318dc1df312828d66c140a8
483,"(20261006, 483)",4831885480890851642,4831885480890851642,02e2cc765566cbad8f372d04b9ed992b16743aee7f4b2541a28f1112b8dd3891,8659fd1c0246ba5b3b197188aca1062de3219b92bfec276d8f79c74966d4cbf6
484,"(20261006, 484)",-7107217836716701549,11339526236992850067,3f636a72b632d23d8d2556eda4afdd57f665c4949f1745847f8a4d6d7f263457,1fe877bce3368137412f0f11f661fff08500080c36ee3f6a4a6c9ccf27392b02
485,"(20261006, 485)",-599577080614703124,17847166993094848492,438e5021b662f8acb5f1ad135970f33ad1be415a0c2b59139742ca1c5b63a75b,b22481fa3106d70a9131c5cca64029d7dde3e11787331ea430e4b4e214f5601d
486,"(20261006, 486)",-5492651109587399490,12954092964122152126,0abdf0014339c047c51e2f45100a43f3af07fc51eee1a1146805de26aead8517,555208b15ebdbd86032982e245b169c5ce9b831ed4341d993a75e8c82c610ac9
487,"(20261006, 487)",1014989646514598935,1014989646514598935,73a0a23dc057429d7904c72a07c569d128b2d364f5ac6b4739ae207a18279590,e58e17f39f89acc8f7de52412d2f221bf413e6ba6fc8b6fbe8534822add6221e
488,"(20261006, 488)",-8276441765442465559,10170302308267086057,de9ac8db131ae561c04b12c5e218e6363b6b66671fed75abf8be12dd5b0efea8,3e8a4a4d59264e3cfe9235366b12a63fed14b88ae46541ac919596cdf3b64e9b
489,"(20261006, 489)",-1768801009340467134,16677943064369084482,c52fc2ae8e23f4bcab9e9dcf5b39844d0a69bd849efadd8799312bf490dde7a0,a62e13641efe26800b00259f8a1fbb51eb68d850c977daa6908a97b9cbdfa333
490,"(20261006, 490)",-6661875038313163500,11784869035396388116,80a67696aee598e4fc4b59a1026ec3b803f338bca248966cff9caac15d640494,7da5c726cf9d71cc386c1227c6a7c3e072a5f38f3a4673c84a5b78c82b08566b
491,"(20261006, 491)",-154234282211165075,18292509791498386541,96c78bc41fe15ebff7c4cc63b54b9a97c87135e8062c283e808df5bbce51c0a8,51c5fa76628879c019ecfc11458e1f1c159394a4137eb1308132814913d812a9
492,"(20261006, 492)",1955049090906465222,1955049090906465222,46fc716357c536c2c7d39d1ec05d2fc7fb5b4fcf45ae724d2226d25dd46baf8a,30bb97999140ad65852a4a43e14569680807f2c4b5fce15227f100c65240296f
493,"(20261006, 493)",-2938024938066231144,15508719135643320472,b98fd7e015b891f0c718735fc9527a6846f685c108812b7f05409319d2d6f7a6,e7851e5c43c3e9547a62893c7f30d18422963f644c3c3cf9a3fa5bcf6d7ef441
494,"(20261006, 494)",3569615818035767281,3569615818035767281,063bc1dc0fec35749cbdfcb5fe2dc1d259e3d685ef4ba20cb0cf3de8c5671545,2f8c8ab616ff1305dcfa62001436cd98bcfe187f2580964511ffb79c2da903dd
495,"(20261006, 495)",-1323458210936929085,17123285862772622531,9e837b861e73cc3ac8ba9542d0b5ec748971c7564c1b3777bf15f56e2ed5464a,908dd04fc0d4501982b607f4ee0626f9a700263579bbf02270f6a97f51f55d43
496,"(20261006, 496)",785825162180701212,785825162180701212,a5192e5d1fe78ebb0da968df7113af19f3dcafbc6fe520dcdb2c2123bfd71eba,787b5b2738db60ab2b065086d93a0bbb91664de39729598044d8867ced4bc15e
497,"(20261006, 497)",7293465918282699637,7293465918282699637,e4abc7d75b6b0729c07b88ef73723cb2d5fa0726b10ccce71298db7019541eca,e73151618b5e2c0e2afed412480cd523341224e6b20da50d4a719aa6deaf7725
498,"(20261006, 498)",2400391889310003271,2400391889310003271,a64680a237434c513ce505ad7ab8d13fdd769a723590ba642ffcdb0177130853,55db2ab9e54fccf0bc4181d45f73440f828a703fc67c7d4542f2300a5e8d5969
499,"(20261006, 499)",8908032645412001696,8908032645412001696,969dcd6a67eb91cac6f2337ef8639ca090dea15d3bb034ef4d7edb4a8610e8dd,4fa09639b179691adc38fd2318261194a087695996a92f2533f35c1eb88a170e
500,"(20261006, 500)",-383398766545062798,18063345307164488818,ded02540e26e9f9dbeda0468381d6899b9749199888de71231eb0044bd21a0d8,8f586860bb2010b658300517217a7046236bd2255883979338256166be8a8dd5
501,"(20261006, 501)",6124241989556935627,6124241989556935627,3705524f25813769727288bb092eaf4f6505bebf9833ef99a2041d4405ace743,cf65c9178c5169db2cbd1e0769eb5a7daf7b420e5a4ad9d773cfd03677017dee
502,"(20261006, 502)",1231167960584239261,1231167960584239261,1508c43102dc4e3f11fe7b2de4463ba879e9183d85a2750c145de9973e9d937b,dd337f173d0239a047d4a44a9f0694fd577f9c91b5cf15240fba846f5793ae1a
503,"(20261006, 503)",7738808716686237686,7738808716686237686,ef8e2853b4b5a3e80d39514860149af7d470d6e98853ef8c255439280addf237,6d69e7dc88e27f9eb765fb53f0ee1463f321ddc9b45a81683b550156dda1f6c2
504,"(20261006, 504)",-8598651983905683633,9848092089803867983,ab21ae837c82860894c8fc56b64253fb3679be735e8739c773a3ed09cfd899f1,11abd2a8440027287c92ee4bda4340706582e762c331ebeb4bf921b4547c2f46
505,"(20261006, 505)",4955018060831171617,4955018060831171617,6b901d48036919b135803b73c27b358e049f611459a9ef6868a269872a9ab4f6,fc7fa451e404c983fb5a2bce011550ef3a92efed801d4b11cbb95cbefa34e520
506,"(20261006, 506)",-6984085256776381574,11462658816933170042,3285944136c946d475d2baa234cf74605fd66ce184417c576e221f7261175a6c,b8e12d6eb4095f6b2b443b7d1a95e7bf219091f7bd1e387b5ade18799367e33d
507,"(20261006, 507)",6569584787960473676,6569584787960473676,5c418f2ccfa0a62318477d692a3b165728ff300f16bcc49c70bc1db2ecb6f926,fbc22cab29ee959d2d699c8015c14abbd5cade6d82b6e96c2f6de1b8f863118b
508,"(20261006, 508)",-5369518529647079515,13077225544062472101,b037c41e9b7384c616d9ce349cb20bb27c46f825b575cbde6dccd0a44bf36f5c,7acbb8b43ca05d90dcabe3bf801100e5fa3f3332b4003b8aeab43884ad080c8d
509,"(20261006, 509)",3785794132105407607,3785794132105407607,0749f132c29c46119735337abea1238ec04e9483576544fad3d99d8bf6917913,3795b938c78e20353cfc66e15ad9296a88b47692abb9be2aacdbca647cea716e
510,"(20261006, 510)",-8153309185502145584,10293434888207406032,62735be53aec4647ed22595fac21686cb3efa067ba47a8818eb159dea7af5de4,d62e25322eed18e28dba3d40c15a1f79d20b9cc6a4c6de3e72c92f6e73edce8a
511,"(20261006, 511)",-1645668429400147159,16801075644309404457,a256c71769f36b52ecd93acce935bf7dc2826c15bec5e2a123f02ce57864a62d,8a48596612b97fec8fbdbf79d2f448e95d3981a4b0e70674f5baf25eb1d93232
512,"(20261006, 512)",-6538742458372843525,11908001615336708091,41521be5a652d1ba823239dbdfa3ca677ef970a4982535f5aa19dbb2f0ef72e8,15ef5d1fdeea1ecd4d2f61d40ef468fb74cc537babff54f8581411c18e8fa03b
513,"(20261006, 513)",-4429459085255213228,14017284988454338388,f332b73094d3d5031c1f9dfe60aa9a7b213468dc84ae4326885d2a2492fc1da6,1a36e29fc558e0996dce093ea30db2eae2aefdf378c1399ca9f926f632f8c61d
514,"(20261006, 514)",9124210959481642022,9124210959481642022,094f77e764c50f2eb7d4890bda2c73997829ef8d0e1bda0cffa8a2208df27930,b3ee3228ac344a7b780b62e38dc12743d8fa34b925a76482ad7e7c2246f4f954
515,"(20261006, 515)",-2814892358125911169,15631851715583640447,e32a4377606b4cb30e8a58fc3ee620bb962589a906d0d3ea0aea82eb415a0723,4498f5c7662feb609b1061192266c7b68153c136224ecba5eb767eda8f8746e6
516,"(20261006, 516)",3692748397976087256,3692748397976087256,0c3183c5225420d63c4de6b5afdebcbbe9dd46686e43a07f1a31e7658c9316ed,90b6b0158e08c537101e4c4b231852eb3a324ba4e711079bc4d90d3b2cf146de
517,"(20261006, 517)",-5598683013980977238,12848061059728574378,62155ad28f5b1ff2efa0c2f1f2ab1b58967e9f6eb0c42c19e5e243a5032b87b0,3a414003b289529b1cf134fcf97faeacc592091b03a82b7ffd774dcbece4935e
518,"(20261006, 518)",908957742121021187,908957742121021187,b6253a0ef620aadc525b590e6f8ae6233c4b14c0a21ef4ac02b8fc601e58c6e7,966d7e38b7ddff1418bd61e81ae1dbbddf61e758b51c9a7b53f5d843704ab83b
519,"(20261006, 519)",-3984116286851675179,14462627786857876437,bc40a65b119bf8c44ba526a4d7edeb9801e00a670c6814bb1a6d885da45af24f,d39d4215f565772dbaea7614f5fb43ed708744c2e9b8e2cc9d91669fcafab801
520,"(20261006, 520)",2523524469250323246,2523524469250323246,d922be21316b91f5d29d455e72f43723ec1cd69a186e8078d0571dfb0a8cb76f,bb4f984eac67b735ce4adf444138afc08aed206f6b73ae37689dc3b812d9834c
521,"(20261006, 521)",-6767906942706741248,11678837131002810368,cde0cb34e5e218e83c390aa9cace3ccc709b98ddd59f79c0436763dd982d34c8,df412d1c83ee3d4a118bc64ec61ac67424c932e3ce71c8dcd0022603e0838a4c
522,"(20261006, 522)",-260266186604742823,18186477887104808793,43d7b8ae7db4e9f98ee397dade839e69c3feb01aab2c9f3a01505e0d1fa79c3c,27cfc219d5cd388cb33382b68862c56aa475fc07e3eeb53a6a416372207fa7c2
523,"(20261006, 523)",6247374569497255602,6247374569497255602,a79f57d9ed2912936b50aa223b283d4e1dc1330f51c8c7b65229812a3655ec2a,9fe7f478e380170812de87613a9a2ada3829666fc9b193955d921027495eb47a
524,"(20261006, 524)",1354300540524559236,1354300540524559236,f51c22fb234f11ecf3f5c66f87a49c4d221cf7204c478df8c5f7b436906303e3,32ebce701450eb70cc308052a91e844217e8df189ed67421f561d27a12da0839
525,"(20261006, 525)",3463583913642189533,3463583913642189533,5c0543007ef142fee577bd867b5b6efab1a2b52b033134f819a24c66177806c2,1aa06c8d3c896d36b875abb91bac8f18c5615bfba6acad2e7c8f742b772ca558
526,"(20261006, 526)",-1429490115330506833,17017253958379044783,67a61cf0002f761d2dddb375b624b1a746cf255db9dccfa47015584983bcfba1,d8b85e123a13819bfb23723305ef3386953629bf0ec675ba1a0f8dff76836446
527,"(20261006, 527)",5078150640771491592,5078150640771491592,d18c9b8f890bae53fb0c8b37e7365b3d00a1722b0e9d581f09c7d0acbd41c0e4,0c3a23cc674e37a2d7bd2cf4ec54e7521f4748273d29f133e88f4925730f528e
528,"(20261006, 528)",185076611798795226,185076611798795226,1956c5f0e390c1fbf7c310271e4c50bc45e6d3b7e71a6301548701a1c84f070e,ef50193b3208a969b628c393c18376da5bb70cd454b1cc53d54c14415f8fe791
529,"(20261006, 529)",2294359984916425523,2294359984916425523,45fd50dce39c9b9783c3e04bcf51b574f55f0e5e0ecc284fca3dae033c3c13a7,f0353b60ec2655cbc97d5de5dcb4f4479b1c7fc30671a57f93771caa28de5df3
530,"(20261006, 530)",8802000741018423948,8802000741018423948,19872781db38dde2ea302f5bc3eb5680f1c33e9d5f743e613981557a0375d0a3,352a1c2572ace69ae8c3505703e10bba151b768b6bfc8dcb12426bbb9a1e1169
531,"(20261006, 531)",3908926712045727582,3908926712045727582,e9447dd259aa2f394aebf3bf568e52e6481293bb78bb18609b15ab4e5f8ba14a,daa223a39f3d76950eca05196abf0c0750a3c440bc0f088b0888e01542a8331d
532,"(20261006, 532)",-8030176605561825609,10416567468147726007,225948f6831aa15c903f31d433392c49093c8ce8f5abe2fd2329bd7d74460189,6d0eb5d3bddac08ac8d20e3e9fe56c37c7b3a84505406656f7f91c79a2c24332
533,"(20261006, 533)",5523493439175029641,5523493439175029641,e841f8dc50dee811eaa998fc7f3e67106aeff8c94c5d6221ba59d7e8d8b1a990,d774cdb26f680fdf97e1b65905fbb640080941994cee246805906d93032af4e3
534,"(20261006, 534)",7632776812292659938,7632776812292659938,a166a764bc460db567d31bab2565df9e4d2d99a5e76b266135c1381f6be25bd8,7db1bf8e1b0e9c5e988318d86fd9fe50f31bf6ca72916e5b24a2e0d46dade62d
535,"(20261006, 535)",2739702783319963572,2739702783319963572,c1c2acb4315e727111445c7076964275507a0adfe9ef0673089807c467f7a822,cffa75911c660160c63aa8015fe57140c53373ff3a570bc545a06ef1574a337d
536,"(20261006, 536)",-9199400534287589619,9247343539421961997,550e35bff1b3d0f440236d6ae43d56d8efc5c67b826994b31ac0a746f3649752,f585f0b088aab528bec0ab7edfc2a57cf76830fd96efad255268829bb641b277
537,"(20261006, 537)",-2691759778185591194,15754984295523960422,af19106f796490404fb6a60a73aae0050d8d4b0bce240d2f510ee49afc986441,b8dfabb0928c6be5ae64ce5d30b760311d9db938980917e6c406aa0dd19f2971
538,"(20261006, 538)",6463552883566895928,6463552883566895928,f3d983a5ad149d644c1048c62391ead65ac86d83b91430e449e62f85c7b59829,3c19a4bb7decdd7e86d32d4bbea87f9e71942cff7e8492b78fe69b4ce76a0bb6
539,"(20261006, 539)",-5475550434040657263,12971193639668894353,c112d434ba2b0ea786b099548ca5108e734d32bf201630a2a085a0fb9da47585,771193f5f78e18219f8d017fdb0855935956309de09e20aba267782552f7015e
540,"(20261006, 540)",8078119610696197987,8078119610696197987,922810c384c67400b42980e53691f8dd1a2dbef5fe8a39dd394f4ea53b731de3,c613dfd5acbdcfc1d36f6a737f4dd94dca2ae68c5e618bb3f4fdd8a7fbb845da
541,"(20261006, 541)",-3860983706911355204,14585760366798196412,59937901a74197ff9685488f9e8c26774f34ae24ca6a1c339ec5eb94cd2c2828,b65fb8f9e2eb633cd0e235b99e3e52b9529a6c9327061f519f4ae6fffa622839
542,"(20261006, 542)",-1751700333793724907,16695043739915826709,c739cdb89106f7775f60afa92e6d51227d50b7baa5501a636fb1cf58a3471959,6154b776b1cf1c5f0ccbab5b37a67798ac9d9d5d28519543242c0eb30ed55887
543,"(20261006, 543)",-6644774362766421273,11801969710943130343,49f71bcef4317b3b987ad5cd74fdb8a13d32f25dde4692bbf1d36bfc0f6dd192,c5c227342b50d8d0d04f1abb44919928697b9c6aa33177d6f3c3b3d9c9def49a
544,"(20261006, 544)",-137133606664422848,18309610467045128768,709ff01285e0d8d483cfd230a38a18742c0d3d71ee36dc6756f03b4f2ccb0ae9,711bf73f3193529f5b0959e0ffd9002511295cb63207eed6997b730f334f4a19
545,"(20261006, 545)",-5030207635637119214,13416536438072432402,731970d063c06ac242083904164c44758f6cf582660ae8fa62f12ae783c7456c,d5d32dec6437ba39ab5a89ef8d5bc23cd9e3f8ddf036f9e00ddcd9002ef57223
546,"(20261006, 546)",-2920924262519488917,15525819811190062699,44b47faba65075e02b4700b1d3a2e1e2967ebafb9279474b6ed5b39797ccecd7,81beefe4f5b1c33a188adc70e9433257bfa91b4f4b63c123d4386f95e6e69f15
547,"(20261006, 547)",-7813998291492185283,10632745782217366333,9489e90308e16bc14c4a80f5fbe82abe4bf4f07b543df1d0ffbb8a26db9cd578,42007af326f0356629321e0c7d97431b38a242c8b8e170c54a8a653f3340fb98
548,"(20261006, 548)",-1306357535390186858,17140386538319364758,96929060f3141a6cf0154c4ca1390d0aef45337fa05e9f54b03a044c10d63e84,c451d9171cde060e07836962c7e6a2b4e7cbde7689ea4e247b0f77bcd3ae4703
549,"(20261006, 549)",5201283220711811567,5201283220711811567,47a3a2da7a92e3e0e52cb1f60b2585fb4c42d3a95a5d34847f2141e1de7737b1,9c56d5735a8c445bf253b90dfe782cb1f9be6af1f8286b4bb104fd9d31366bcb
550,"(20261006, 550)",-4090148191245252927,14356595882464298689,9c120ea38542bd381c7cb4b1b74af3adf545d0d84725925c9b9e257df9ca55c6,f49900089c983d704a2e78d1fe185364196008d6535b5f8bcee5b3dee02dd437
551,"(20261006, 551)",2417492564856745498,2417492564856745498,00bfe5f3bb9a514fef173b9279ac1e8e3111b91e7ea49f9bad68632049f75cd2,52f025388250ae441c26e4c93485b848d7dba2177469717cea25065e0d6683e6
552,"(20261006, 552)",-2475581464115950868,15971162609593600748,30a12219ebebdb11ececd610304b1ab41f6091612d70208ba2b205f7954b1b68,dda2a634072434ce3ebccd04279cb3ef239bd430b83d9d362619db80f16f8d46
553,"(20261006, 553)",4032059291986047557,4032059291986047557,4ffd11430608b326424ec537dfe83d416b2efc8f87c0e109bcdabc9dc0c9d163,1ac1e8a5e1fdf6b3c46236cf673a8121a54ea2ff6129aaa1d49672ccbb19acb3
554,"(20261006, 554)",-5259372119971016937,13187371953738534679,fe05041e0e820d446d02698d295ab35e16072d50272976cd6ed5a3dc9a95d456,12214715a97dcf40e2261372e235ecab4d912f680136ac19cd90f776b0590257
555,"(20261006, 555)",1248268636130981488,1248268636130981488,3491439502380ec11989ac72aebced9aa8a5af4fefeee4115eaf65beff53cba4,43c8436c97177079ec1d0e48eb6bc973184fa6443ed8fcd226b526f5d395654a
556,"(20261006, 556)",7755909392232979913,7755909392232979913,f21e2db5e635ea8a8b9dd371e686290e1ff69f9476fc17c4ba73fe933fd0fd23,70237360364558e46c0e53ad3fdeef6b0f62d9d8d8c15f5038a58e8a09a2a372
557,"(20261006, 557)",2862835363260283547,2862835363260283547,7a233a565b1001878a8fb0b4271c8393b48e54e6229e6052ed4d02fdb5fc9be5,5c05c3618787699a142ca1814be4125a40d10d245875be55d2191e8e669b6c57
558,"(20261006, 558)",-9076267954347269644,9370476119362281972,eeeed8048dd071084ff80c6a18e9988f2a2a8ce3d6b773545e14672a6f13b901,1b323e2b38ff6620c10314b2447613892f0e0a2d75113bb33b782fc552e2e83b
559,"(20261006, 559)",79044707405217478,79044707405217478,7d8cb6dbd3409ffc52b980c978db1cc66ac5cb7d90f303aca00254e0fc07bac5,397c200b945a9fbf17a51af2605f9ea56d526bd145cd93ffc69b2688e0772e81
560,"(20261006, 560)",6586685463507215903,6586685463507215903,1129779d25e1e7993ba363d151925f19a08b87c7fa0d9438ccd4f62d43b05c00,2f4e2329732c14732d5fd8a0960e439c3f91046a89033518dfa7e4ee40db4c02
561,"(20261006, 561)",-5352417854100337288,13094326219609214328,3830e78e0670436fa35b2bf8f1c0b6aef7ee182abdae1da4f82076680a7ab33a,6a73ca949fa97e32597b607b648177baa88a38127f8942fc904929262009b472
562,"(20261006, 562)",8201252190636517962,8201252190636517962,42e39c3c9c902368ee79eb79beadec6164ac13b30099b1eedf2e9cd02ad4af99,17ef347da4968e2f4a52e4858f2cd4032e2f2b0f0ed259f931b88de188621d42
563,"(20261006, 563)",-8136208509955403357,10310535563754148259,b4afb1a677f1b9afd2353c8f43f3b758eccfaec4c0ab8db35a029921eaa981c5,dc072d4433b6067a095213fad855bd575b07a2420d8ec01dfec1ccbd04cd06a5
564,"(20261006, 564)",5417461534781451893,5417461534781451893,fe4bae4c17f9443cecab9709c2bc8b7893610503493366b5cb20c1c959bad58d,34078102f37ce23c86f5151fddb181db5c4c92ddc8a5fe2dd556ad4d3faff493
565,"(20261006, 565)",-6521641782826101298,11925102290883450318,bca9aba6646a160571eed9cde9c2740c552caaa61b8116a9be56d82325a2ee2a,fa71ce87e08fd75599fa2d0eecb6f38634a3186a42122806fb6f33d149b5ad06
566,"(20261006, 566)",7032028261910753952,7032028261910753952,1312d4e62f1bc437d6b55fd17a2f47a79590a614c11eeef33965cf81d58cd769,1f38dc11f8744d140d20db44b1e4aa55229815673ba395081039b5e6c5778891
567,"(20261006, 567)",9141311635028384249,9141311635028384249,d01aa4356cf56af6af430f6d7ef2786529032ed978d56c3ad45d6045dc5418d2,03832548481bf24eb284d42f3d9a8e0988ecd2a72b8382cf620d28e0b2c969ea
568,"(20261006, 568)",-2797791682579168942,15648952391130382674,9777b1c3a42548470cd41a303c74a98a24a251094aba5ad85bc6b78e55f658da,d78034b6a0f8929182de743b1e8ca3065c1cf46c51ebb856a02e20ed5e8bfb21
569,"(20261006, 569)",-7690865711551865308,10755878362157686308,531a44b0e8213ac9b9b7310f518b876c878e99e9f739eee5da4a1e8bb7a8727f,ebb983b5dcb1330bb41824fece62f16b5ac94eee1670a78c371ea39d7191ad26
570,"(20261006, 570)",-1183224955449866883,17263519118259684733,c63fcae05d1892d574f301ea69cb78575e121b0ab5b59a9bc14cec040102a789,531d3cbf2f142f0f59fa03a9043cfa0bcb5b9d5231620df3d9d0fb14a23e82ac
571,"(20261006, 571)",7972087706302620239,7972087706302620239,982260fb5e2b3ff064b7a6d60dfe61b62e8fa7b48c48ce7d2710bc5376aa3c76,ae4976abd1dc59520f2835ef22133290b8836e4af929eae55be16423983bbc0a
572,"(20261006, 572)",-3967015611304932952,14479728462404618664,a457621f676fe8777d049824c3902327e3451a83760a877c98ce379eb4f1c078,c4e83dd9a39512b13ca79d2e16256bd57e6e58bff11d923bab6c73b165e3df69
573,"(20261006, 573)",-8860089640277629318,9586654433431922298,fe58fc7cee8f45869620babe829409b09a6ce70a50f6e6c854ea540e234baa9a,6e5160a12049fe4be738f79af6a32350a9b6b949d6cda4e81eca6fc861e8bf2e
574,"(20261006, 574)",-2352448884175630893,16094295189533920723,08c8e7a2089db38d8b08c6d0b41abc30308d4710585d65ad6f2ead99691c072f,89c411875fdac5a1aae730281ffdee5aa55f5eb4d4c25803b5f21aa3da36c13d
575,"(20261006, 575)",-243165511058000596,18203578562651551020,d7195b6fa072e8f083e82d9996a25ac3e60b9ebdc26ee525f5ae7bb8caad19c9,46e0ff546e551734cbe7c6509fce2de052d48c9e597fc5c7c9a59e79cf4f77c3
576,"(20261006, 576)",-5136239540030696962,13310504533678854654,bb04b43d92ec38c46216cdeb86e31c8e2ee8c7ddbd928ccc261c73e6003c724e,73fb37bed1c75821fd78f1276ae487cb5dbd0ffdac374a12120e12d3659b11ab
577,"(20261006, 577)",1371401216071301463,1371401216071301463,c8a73f4c8bbe5141ba87a0adf7654305d830515238805fde8bb69f396e6aed17,edd1820a3751a4bdee165882265a7a3a01dac55d0e4efcb1e2ffff6ba526a1c1
578,"(20261006, 578)",-3521672812901394903,14925071260808156713,965f5a16ac9d63f9aef7dbcdcf90ac3bd4dc2654d47391a1a509b66c3ad1d8a1,4f7df3c2c6733f161814065a1bcdf2ddec1dded80d9b7d0a05c4f088a9272ea5
579,"(20261006, 579)",2985967943200603522,2985967943200603522,799a8a91942fabb5e9a29a3a39ad3ec08b375c069f565cda95512f7e5e931c35,77dae2d9690348656ec2c722d043e51449a0555a05d24670182561cee79c2aba
580,"(20261006, 580)",-6305463468756460972,12141280604953090644,c66ac46310cb6960b8b655465a3ce3fdfaf3cbac4a65bd2e21cae2b447283a5a,e3540ef6c491ae0d20505453ce2c198edb098d95369f3d3593ab91f3dabb0f02
581,"(20261006, 581)",202177287345537453,202177287345537453,fe9a6f1aaed67d8b31876ab9c09de84b41521fe4486ed3ec4f5ef1d58ccc59d0,1a00bcbb8b4823dd6ba5026f25e3d6ff0c09b59d77320e0ba7257d8eabefe0da
582,"(20261006, 582)",6709818043447535878,6709818043447535878,aacb0ef186ba49863d40c681a6e6081ddbd8529b1a134ce1484831cf3a947e78,7764960481fffd4339dbae9a5b1266f310fe7cedc4be6096e3fdcec70885db7f
583,"(20261006, 583)",1816744014474839512,1816744014474839512,d9c5cf060af30d0b905f904c2d09b19377075f7116edd2309c695f558bb08d73,1886f24f83484a2452db48bfd12b6e7627548c0764dedbab3130e9cc9f28aa0b
584,"(20261006, 584)",3926027387592469809,3926027387592469809,bfa60b3a3f3bf5413dc60cf16ad11c61277d0416555129ef3ff3a23b0c8cdf1a,88d38110b01abf1328e6980f7e2509acfaa4d353fdd2e0066be33a837e865fb5
585,"(20261006, 585)",-967046641380226557,17479697432329325059,9c7ecfe4386d4f5d522890394d5a53b244ea4ed09b3b98b8f423e3291562a222,7a994ac6dc5338e278405a1d4235277d588a9ac2563c69c3377ca3dca419d068
586,"(20261006, 586)",5540594114721771868,5540594114721771868,e21cf666f62a4eed2baeb2499daf59bea4b681ea9a499f1c1c3fb908069a91a9,03be2b74c9642650d0cdfd91907f9a9921cbbd4233596b47371de6f73ae7f8db
587,"(20261006, 587)",-6398509202885781323,12048234870823770293,ba707588bc08282f538498cb3da94c0a54785708ccb52cce29f3060e2c7fb8eb,d580d2d4cf1a7e717aad03787cf9c2af265c48a65bf315f0af1282cbfeb73361
588,"(20261006, 588)",2756803458866705799,2756803458866705799,a93a99e2d7766696eaf99c69dad50c77cef3da705dd155c60463dc73c3545735,ed18c4f0e14a9965170caf90c3891a3d51e6ac1e493ad03bda02917bafc55ee7
589,"(20261006, 589)",-9182299858740847392,9264444214968704224,b8901a2d0b0bc39a80cb68550b5c926698a32673637f38c8a3e42e9d8e13937a,5574e3c60bc183f7c4b57d5ffea704ab531c035aac90c085c9ddb3ab10114f57
590,"(20261006, 590)",4371370185996007858,4371370185996007858,f7b5615ae546f301857232ae3316841be09bd68e5bf2e9b329a1dd5d20d7634a,1dc6212234f7388efd2a2d3ffc45bab58ea035588cf3b0ef5e3485625bc28a92
591,"(20261006, 591)",-7567733131611545333,10879010942098006283,e33d1a78394689a1b80897e73f8c31ee058b8a5076b67d61e8827538f6be6364,dc5444acffae6d69d9739aa17ec8943260f0c00dd4dc2db596e99f7e9a9ef0d6
592,"(20261006, 592)",1587579530140941789,1587579530140941789,bd10dd0b77a86d2549a59fb55419cc600e815d126b22e9a919d1513280a6aec5,4c514a33361a206e075179add93b16c97677dcedfa5de4d08d9efd2b011b77bb
593,"(20261006, 593)",8095220286242940214,8095220286242940214,c4ed8a863969c428129d89c7d9bc47f03415185618c6ef6e87804039635f6932,74c325288d58bb5d12a440e0d89445d6600ab8335bad989d43f2a11917f001c3
594,"(20261006, 594)",-3843883031364612977,14602861042344938639,48bb394874b735a5cf5e326af40aeff0cf4b983bb54ac0158512d2bc88a8b06d,934dc73cce52b6db694bbd86799acaf658120f8d7fa2973f889c78fd70310c20
595,"(20261006, 595)",-8736957060337309343,9709787013372242273,69789546095c82a44b91d06d2c493e60cf3d459dd1e75648f6de3958a1be9e3f,3bbbfecf38d19e33cc83510faa7cabea15b30a5c88ca7eb25185061d8999c1a1
596,"(20261006, 596)",-6627673687219679046,11819070386489872570,3d8540d6b2fba7a67e654bff8281bef2789abb6a10673f4886a0eb292a50f8cb,c43754203ddafc209720d64108a3e9e78ebfe4b995c75763bee3abee7d70d27d
597,"(20261006, 597)",6925996357517176204,6925996357517176204,c32cf5d3ca7a0cf2c99f9e92ff67e5ebbbff39606045d2bc580688c9665f1124,af7ecd9c83978fe1b16669f9e4f1887ad8900b9acc62098240f4c285e0450994
598,"(20261006, 598)",-5013106960090376987,13433637113619174629,378e970a0d794cc56c46999a57b6261b18e8ce6ddb285791fa1a767025a50dc0,577967f9db484a0f0c99a4ebdd957ae91cc1b15f7515be28d971c2e4405c1871
599,"(20261006, 599)",8540563084646478263,8540563084646478263,05f8b8bfe182ec289b5c341cce89b03ccebcbf885b15e7b68d55c8989d5747e3,562c6170ddb91c2425bdeca0b710f3c344cd1515c8d30c28b46b95465dbfb637
600,"(20261006, 600)",-7796897615945443056,10649846457764108560,b1bcab52362edfb81c2944581486ce8f61b3e8c44a4c7123e948e43a4d9bb9e9,e9d8b85a59b26b5ae3b5de7a41d7110bb88a8f93d6bcba5b3797a5f7bab22a45
601,"(20261006, 601)",-1289256859843444631,17157487213866106985,c561ddb301cba63c620b36321b8ff7dec4ce3cbf5588b93fe5cb5ccb6c855da3,762396ada3154fa3ce79319d0395b95bc7fe6cc469739ef445272b0d07b45a8e
602,"(20261006, 602)",-6182330888816140997,12264413184893410619,65e4be0710a5f154755b9e97ed2c49dcf8191c14846cc7d3dc83b2eb5f3f4087,57110e2517f05246f884230bc14e5d1728d2a858d449177054cc65d0da4324c7
603,"(20261006, 603)",325309867285857428,325309867285857428,b3044984798d787aa4adb21c2c98fd2675252c5753dd381bc11358e6c2374091,ae8950d40515aafe575212c74841d290941bee7219343566e7ee1de403e72553
604,"(20261006, 604)",-4567764161686838938,13878979912022712678,f630cbbdf7273a25ed617522fc692f17b9f5da83f9ecd80f87e5c960e9c7ec4f,aa69b9fb659f7924fc83749580f1d6c87073cd39664784423f4c232e7b0e138d
605,"(20261006, 605)",-2458480788569208641,15988263285140342975,0851351b6a6ebedd99271530f1a5316bed69e7dc419aecf4092e2e1bb7823432,e54107ef37902667f6416bf54f7a79ab7f60538ae848ce53b53dc83aa1825705
606,"(20261006, 606)",4049159967532789784,4049159967532789784,fe6f8e13e39a5215208eb2bc141b19d161f79c9989fc941873261f613368187e,7baff144f3f5c2aa992d9c3071193eb422d04b66685182dc9c6cdafe6464034e
607,"(20261006, 607)",-843914061439906582,17602830012269645034,19292a4507be740561b79788eb4efb4c2414ec421cebf878b40eb37a31359cd2,9f788937dc81b63d871ade8d3d87a6e34c912fe8e75cfe99948e6906aa2550f2
608,"(20261006, 608)",5663726694662091843,5663726694662091843,6649ab19ae0f8e3ce66566e2b06effbb25dd8bc271c751a40a34b520411ca7f9,69982762d53c5b82a6a7601a5168d4007bf8349978dbde0c1fcd86c1c841dbac
609,"(20261006, 609)",-3627704717294972651,14819039356414578965,d7dd5d7e2d5da199ff729655e537e0c1070b8873155876f6cac9de24c436b08c,ed922de5e251ee555a0330dc38725c34fcb25c479d644a03152c7461ed966014
610,"(20261006, 610)",2879936038807025774,2879936038807025774,6431965a92703d222cc541ba5194836225d2018b6b21bb8f8fe23baf93932f96,b21dcf206c3002858cf52583418edc572301bf7362451832b9cad913c52e5a6e
611,"(20261006, 611)",-2013137990165670592,16433606083543881024,caff9d3d863e98598c52f08a3aff690d2613e5da67ac1e0cc13e2fdd28f7cda9,a7701849641c2d818bf619d7454070411f548d7b36177463837b1d0a6d627ea7
612,"(20261006, 612)",4494502765936327833,4494502765936327833,b7a7a28d116e2df5bac9b644eceaf5f0b99aa2ae208d81da40cdd44106354692,71f1b0289cb6b1920f20ba338e0178a6ada6e4f8b51e93603c11365e06827989
613,"(20261006, 613)",6603786139053958130,6603786139053958130,e12fd5c85c3be5cd7aaf991da86f2a416b64cd688f0940c96b8d844e2dae63db,60f197bff74514998d54abf5474808fb58c280bab3406efdc4d4d166b5de51bc
614,"(20261006, 614)",1710712110081261764,1710712110081261764,b35ea69c3ffad244263e9a32251850ba5830a76cea12341520730c4e39a03426,e9053ec53fbd22a9c4cae581395b795664049ef0c4f01a1b796b23b62c8d5fe4
615,"(20261006, 615)",8218352866183260189,8218352866183260189,14f36b47b2f2bb8ae7154d5e9bfb7dae5be21251f148b33befc006bef6192958,5e431fb03889fac90804a09dae227aabd79b4b741e81769c25551ec27f27f4f1
616,"(20261006, 616)",3325278837210563823,3325278837210563823,61e93e9b3fef3782190c32d5e11ab0c8a0520739d9bc32c16da7759fcf2daf9a,8cf63561d8e4ff01d827bb582f839488be839349fffce9db024dcd002f093a16
617,"(20261006, 617)",5434562210328194120,5434562210328194120,804da1b3e7c4b1a4f83c4e2f0f3b301478c94b2ea8b7292b9f3b79a977c2b183,8a18dc420da32885f051aa783b7c07c2b880eae44ffacb6e5e3124783a49d230
618,"(20261006, 618)",541488181355497754,541488181355497754,d602d5b22d84ae8ce19b28843c53741f69cd135cd98575e49a063a2b64d75bd9,22398cc24de42ea588b34be03b9dae182effd9042f2bf4cf9e2e90684344cc21
619,"(20261006, 619)",7049128937457496179,7049128937457496179,5e0fccc689a5c31c7b174ba90f3e65705880f3375eeea8d35cf3953aa56ec2ac,f68939762ed1d16dc0ddede98eba4e4bb3f4507de1456d06cda4cd1fc80885c6
620,"(20261006, 620)",-4889974380150057012,13556769693559494604,1e31de64313eded37d9820c37dfd8bb38df5766102d343abc7379d684418be84,fc198f6aea82154b8a506bfbdcbf65152d343b985b8af123cbe3f1b840dd1722
621,"(20261006, 621)",4265338281602430110,4265338281602430110,a3ad1b6fb8d0db75c4369ca2a266540c231e3c0d129ff555eb7d731ece9ea032,fe3b6963f65ce5f050cc45a1723202d15699d7394ec146fde46c5e383039dc14
622,"(20261006, 622)",-7673765036005123081,10772979037704428535,f5419844c2044cde90e0da36de7454278de69986b4889ac59fabd00273d89493,528bd8740f307e59834404f04a4421854f454ad843d95654a5f7c6035f34e54b
623,"(20261006, 623)",5879905008731732169,5879905008731732169,ad9f5dad956c8a18f7050c9342f1742c063fdb409d26df27a2f92b87c6fd39a2,d40ad834dfe339e9faeabe26d2e8e3bd25116a65af576f17efd0640dd5160396
624,"(20261006, 624)",-6059198308875821022,12387545764833730594,6f1add827dc854625f165d94c68b9fc3b00c93c0dadfa7dbceb90565b45b72df,05e6163b7abb6191503ebc39d8d19b4cabbb57b0a9a5dd823039b0a8ba128751
625,"(20261006, 625)",3096114352876666100,3096114352876666100,6eb83c852aae3d91166ffc1a4704d24459629c01253327f2850d0c1ca493d5ea,5062f3fb2e91af2367ee344ccbd2ff5129ba25457178ed661f7de91fd3dc9d70
626,"(20261006, 626)",-8842988964730887091,9603755108978664525,760c265c408e8f8427ec7b6fd5d41125cc8fa38db317183d672c26f6326d9e90,765007220374bc0b238fcf909cebe41941f973f25203018a7dc49b78e0458d79
627,"(20261006, 627)",-2335348208628888666,16111395865080662950,692c85451fed1c1e3da4777bb2210ec9d7d9f6e7f811f6423ca7f7da06e02ba7,66c7d5f6265c1c78f00c9a2c967f796c494441c758d675aca1528f5f176b5a0d
628,"(20261006, 628)",-7228422237601585032,11218321836107966584,ece91da8a2289ccc9427e0ba1c5e99c9f0ffb833864ed4e2c875c16050d96277,6ca158178de23152dbbdc3153aa02dfa6749aaad50c90bbb7c81d1938228852e
629,"(20261006, 629)",-720781481499586607,17725962592209965009,ea910a3ebc6daf054c372ad7befaf23fc8008f50cc6db9e7f665213ac58b85f7,b55a5e6660923a3c055d94d788879e4ce786fd1d9cbad39efac42ced9304bacc
630,"(20261006, 630)",8434531180252900515,8434531180252900515,dfaaa378f06029979ebc27e409aeccec1dcf478fbd771606dbe88d3e8cf77709,728d7a02da911ee863a3e904d542290ee5aefa76249214e78bd82d16058ee3f5
631,"(20261006, 631)",-3504572137354652676,14942171936354898940,0a668012626104a63b147ac824bb4fbf8a7f36eb1e043928b098cbc97ab7ff0c,4e7e06e0d5131f537877b5a5c8e6d1f2593c3c3679e687f1dee07e443ee307f8
632,"(20261006, 632)",3003068618747345749,3003068618747345749,8bf01cfc40737ddfd35e552f03496f2ce47971997da095c30722a477abf831da,f114fa17416d0fcd2044ccda7125d453639016bb87c1d4acd431dbf20be014b2
633,"(20261006, 633)",-1890005410225350617,16556738663484200999,e54bc0a1f8f5c5020372b3aad59450f824ddb0dfd19a9c96e1b9234ab459dd21,3b93e09a98b78f4d8d593dabd068eb89ce1d5d868a383a38a24dbbd45caf3237
634,"(20261006, 634)",219277962892279680,219277962892279680,9acc05fc9732355156a2a5fd072bce833e4224b3e557a1e6411b7b70b48b83b4,4c022f55c0774ada9c2de57fda6f1a4bc99a0c0dd0bca1bd985c0f8fb1ebe2f5
635,"(20261006, 635)",-4673796066080416686,13772948007629134930,0e7a7267fefb0b71a63b50d7159277406d69efc442cc2a8d26dd6a03e860113e,211db0ae48e90cda442993f31494536540fb61744747e4a476a39860690ff6a9
636,"(20261006, 636)",1833844690021581739,1833844690021581739,9523a9b661cf0a84434ca83144d3a9e795b1a6ab750165263c0762d927d3a146,d2fb6d1c405edf75016ef1512d21cf3f45ec49fea7e2a7fd5e8d9315b7ccb8b5
637,"(20261006, 637)",-3059229338951114627,15387514734758436989,ca34c3c9ae39f755d32c6425579b69d3c3d543cb8bcaa885d145f84f74d2ea97,34ed5ad3ca7e139d5823f680bd0465d6cd4edcbcf403d9a0998acb10fb30a104
638,"(20261006, 638)",-949945965833484330,17496798107876067286,3d9e99f3bddd802f3dd334b663bc6c69658360ce6c2aa1420b325172ca3e7abe,34c1b0a0cb19cb212b6693eca4b4332e512ee543c1cdf36f05657712ea3362e7
639,"(20261006, 639)",5557694790268514095,5557694790268514095,2a19baf11f6315e575b294631c82eeba01fc08ff46d78cd9998cc6d5bdc06976,f24a942245d61b35782eff9bee22e1785330c6fe64a04f9cd2107102926453a2
640,"(20261006, 640)",664620761295817729,664620761295817729,c46ef2804e21ddf97c4322247dbe45ce97dca388aa6d15e63e55dbdc1f0b4323,0dee5a601dffb0350c20dd3a450b29257ba88f3b9d8d2858d770f156d05ed9c3
641,"(20261006, 641)",7172261517397816154,7172261517397816154,92e1427ea6e59d1f258ebd0be704e87cf52c7820353963dcfacc3c2e2293ddda,97f8544105cc034aac26da6bbf8de8f7b53dd8a1861643c4bc85f4866ad82d0f
642,"(20261006, 642)",-2119169894559248340,16327574179150303276,692f11f5bd552e042ad08b61d5aa92e6a47858047731cd02380f4094c7b10ecc,7c7fa3108a4308ec5633dec1efea09197acb39a9d7907d9510faeb4d22204ba5
643,"(20261006, 643)",4388470861542750085,4388470861542750085,5ea5acf249f9f031e1fb46b1835689ea638eb9cccea43f83a295f31cf2362ccf,f2a49ebfef112ed4ef4e26413cf4b744775166a9a6a562399e7081175cb08dd5
644,"(20261006, 644)",-504603167429946281,17942140906279605335,3f382a192c224a89d900920bd79ede9977e07e122f4f008976a4a22d6606d9d8,839fae1a3f8c39d90843e2694bcc31f29a7fe6ec53ffc1ef90429fa46135b7f8
645,"(20261006, 645)",6003037588672052144,6003037588672052144,825efb640da226d24d465fd8e489c9c0be2bc60a0894e7864f68ea031243eeec,66288afc7034595b429d9e3b124e89bd16756cbd345f540efca812533ec83cea
646,"(20261006, 646)",8112320961789682441,8112320961789682441,6ee78ce3972c5fa764b82997b8e6457c88f0ed54a3853f7392fb2308cb598f33,4ae04864c29de833bcff2643225f04a8e75f3e60fb19771fd9e4805898fb41d9
647,"(20261006, 647)",3219246932816986075,3219246932816986075,cc31d870fbab57f7758bb006e44a7c609b5eb0e723f68f2e2bcc95ce7cfec65c,13223bf762b9d32663974fa859d33d6063a1d0f23cae2f334c0be25d1b400a9a
648,"(20261006, 648)",-8719856384790567116,9726887688918984500,31fcf7d421f5862f69824560d4c1d67d847d2757393047f9f7294a0c08607efd,b6533024770ec48ab962d0d43ab2441fa335151e24d4e27687ac0db22dff33f8
649,"(20261006, 649)",4833813659946288134,4833813659946288134,cc65162039ad46a30baa7b4b11d6265a01e16031974b5ed0a915cfd2a420ed52,9e1c4ecf25b1ed9fdaf74c19ae09ac1f2d0f135d514d80061eb4f1c99c8ae1a4
650,"(20261006, 650)",6943097033063918431,6943097033063918431,cff23b02edd91c8fba38ae534b1281ffdb13be15a3ab069dc065d23a5f4693e7,d1960f84d56095ba646312e9fcd01d1a54ab742159895f4f4f5e1d1f3745a234
651,"(20261006, 651)",-4996006284543634760,13450737789165916856,741cb0cc8555350571c58db7b63f25d39fd3b32cb618658dd33e760ca134339f,1ea1353617d8d4e61d0fe319b7d2aeec1da805b829030a4ab1ce8f6f8e5234e0
652,"(20261006, 652)",8557663760193220490,8557663760193220490,04a2fa07f99ca9a5f608e243a39ff9d13e9271b1ba289f3c1c9cee22ef94e0fa,71a4b86f036777f15672fb31cd2137a09f998d3056ba84a7c45c71edaabcd356
653,"(20261006, 653)",-3381439557414332701,15065304516295218915,46d7821933023c0f0a2fa39b64f8e98d28ff0ca4ed8e379ced5ba4ed56e310b6,769bef9d3d00aa03cb64b9cb7d6a070ef9a7623676aba9ed1375c57733dfdb12
654,"(20261006, 654)",-8274513586387029067,10172230487322522549,0397b619dcdb0278e922993b83a0ccd070963c3da2612c8c3cc576b10446bc23,3a235bc14cebe7bd42e2cf32f10df99deadbf533fac713d45b8dacb6594a17b9
655,"(20261006, 655)",-6165230213269398770,12281513860440152846,5acc767d519cddf561e84814a06c54d0d119d5a02d53a69c720e7d893266bfea,1628da625a48f9fb5ba6c52162ac85a22f35016b317b0b5662b671d0b0d801bd
656,"(20261006, 656)",7388439831467456480,7388439831467456480,195d8b1dfbb63d71f17112350631c7158d6c7ac45ea1aff6e05feb42a2e98607,7cdd21666e48944bf2a1f7b81062331d665f3415f1b84d83b770964b5a30d7d3
657,"(20261006, 657)",-4550663486140096711,13896080587569454905,f43e6aa6dfaf693d287a6a9143aa0c9aa54c16e86e8d2f19407c48e426217b89,853bedf718176d7f6113289186226a5835aba6fb31d5999f9533f9c1fb4823cb
658,"(20261006, 658)",1956977269961901714,1956977269961901714,ab14eec7b1092d93010a59356e4fb2251ce93f1c03b7939535fcb0c89310adda,7833b43d89303d9534e0bef5afe3b13e6c1533fd3d3be719a3508c62191afcc2
659,"(20261006, 659)",-7334454141995162780,11112289931714388836,a421f90ed75f13247b30502de76844659b0bb7710b1f68dc2cde553751c00c9f,3cd6e9676bbe641638394c438726e43c763f5570d6198cee7e961e358aa62494
660,"(20261006, 660)",-826813385893164355,17619930687816387261,706db8a080ea715045f6dd2de8957cd3cb78af130e8033f4e572db015d874b20,351ae5dbcce6200c76907bb67828af67d8c16e20b2bbb102d584c28ffd867c2a
661,"(20261006, 661)",-5719887414865860721,12726856658843690895,ea05e6b7e37fccda6d4e0e1ee1cc5e45678492c68a317aa919f16bb92a3382ea,89b0d42001af71a4efaf22061f50fe75f7562305f161e7483325d5daeea060b7
662,"(20261006, 662)",787753341236137704,787753341236137704,99ba38b1e40b9dd95aaa018398518a209a771fedd13ff60b7faf91419fd7541a,e11e53d6480bbb432dcdddcd909a90cf386571bbf11af3c3fdf565662afdcd25
663,"(20261006, 663)",-8503678070720926790,9943066002988624826,db21583c750ad28614f2e83f8ccc77e7d93c84fcac22990fa71e04c44dd45411,4ba07a0346e81b7a434c90764767d2d63ddf6c1fbeec4e264e6a98717429a8e1
664,"(20261006, 664)",-1996037314618928365,16450706759090623251,dbd2c41b9c554faf9baa42ab1e18a14e07c74775b2a1acbcea72f9616f4f9ed2,e830434372746639efd4bf3b84b9ba19daa29dcc59d2c04b07d0855415cbc704
665,"(20261006, 665)",4511603441483070060,4511603441483070060,2c24b26122744785da907c0c8ffb2a0997c1682a98cdcc5a88594a955023e656,ed6c3edf120275cc78226e8da4d531ff9032be4c924cef1102b3334ab198ee6a
666,"(20261006, 666)",-381470587489626306,18065273486219925310,93cd25eb8827bc715f06a450c108894f2ba4ec8deb7e40bbfb6d9a79870d91ac,ea7d24cba1fae4903dc7190bd8e984cac2c1d946de29766ba3c1b8a77dc4d8b1
667,"(20261006, 667)",1727812785628003991,1727812785628003991,44c3af4a75e3743e2f0f25e3515085d9bb762aeb1f0b5a1574befcc42537d088,20441c10dda2579f2104160e2d95f48af9dad2447c8ddd7c08056295d9dfb9a6
668,"(20261006, 668)",-3165261243344692375,15281482830364859241,e07e88511bffbe3674b4d9cc131eee2173a9845e987b9b72541758b1bbfddc52,acfe15e3adc910696ee48aae5c64cac6339c4ef64ef363d46e7bf363a43ca501
669,"(20261006, 669)",3342379512757306050,3342379512757306050,a2c150c798e4881bddf03a181633d473183ba4fc063cf3cfa171fe5c79886770,15ae60641df7f8fcc0f9c136d8627fc51f7cbe8a40bac78e57f7fd9e38d8503c
670,"(20261006, 670)",-1550694516215390316,16896049557494161300,d214750a147f02622562c7285804f64670f3d10cfc2819aacf337a7aef1cc716,b9c2604838226e6f9de99b1b2ad6205fb032e6861ca69f3adc88045e53726ce2
671,"(20261006, 671)",558588856902239981,558588856902239981,8d6a7786253d37301ea612cca3ca5f513a1447db678d3b596f8a44983d9d9e7a,25367ac73ac32de091ae0c09c574cf4ad41bfb48b565d274b785ec948719be41
672,"(20261006, 672)",7066229613004238406,7066229613004238406,236d2c8baa6ad70c62f75573cc5525912c8a4f7000adb74ac898a50becd66630,8606800d8bb30960ce1eedc7ed8f253ee6e890310ca722b33a0036834e8b8953
673,"(20261006, 673)",2173155584031542040,2173155584031542040,4e8701a632eeb736cc8d456db860064f1841e458681e20527b7a11feca1a3ccf,c47e29ab71a75fb8e813715669d2c6b41ff5a41e3cea7fc9eb5397614881c27d
674,"(20261006, 674)",8680796340133540465,8680796340133540465,bb531cd48fa535eb410b1be5681b1248d7bbae81f558e92c02ae4b791c2c67b9,7ca19a771924d5eaafda6821b64bd44643bb69561d418505cb07ec10a50906be
675,"(20261006, 675)",3787722311160844099,3787722311160844099,7cc0b21bee6171c451ba19d1830131c5e393bebbae422d0702d16bf0e96a6292,b438e2620bc00fc1f59ff26793c2812a222164be4c8b60193484d5e84fa0fc97
676,"(20261006, 676)",5897005684278474396,5897005684278474396,f92522b977d751303253418c66f02e542e3b372830d4130bdb6be5eb6aec35ff,0c244debc9e75ed0c703d70a16142fa8918913d38be12cc2ffa80b8b6dc68675
677,"(20261006, 677)",-6042097633329078795,12404646440380472821,8b3683e7754fd029b6cacf79ef9b8e718e9e5e961724118ef46be343a47b0571,f326dc998f0ef493d78278da0f7800a2049e87a757af8e69319b8ed2573c1e73
678,"(20261006, 678)",7511572411407776455,7511572411407776455,13fc529feb89aa89eaf707aaa238a1b83ca9bab9105fee2ee106d52660b364a7,9cac14d72968f1916b485dc104e383570c050e73cb1089eb3566a5b6e8d3faaa
679,"(20261006, 679)",-4427530906199776736,14019213167509774880,bc50e2225a5ce3ecd50cd953b9c8b257b38d2c4d3e03994ade564a5c494ccf72,fb005eac1048fad33d1045a356df6cf5be80c4b9f1b1a324ab6622bc0efd361d
680,"(20261006, 680)",4727781755552710386,4727781755552710386,d9c58ed46a52231b5a00a2980a9581c4696be70aa6a4695e01313647c383733e,4c731b5a59b2177c617e27f567abe3003751a7973470021c4e519a0b0a442586
681,"(20261006, 681)",-7211321562054842805,11235422511654708811,405648f0eb3c336ac3f2a7a42b4748b101e4f669e2e8c9dda9bdebe56acd5565,ed5efbda257359ad3212825a95876d023f58d42421b8193eb00ada591cf3120a
682,"(20261006, 682)",6342348482682012445,6342348482682012445,d3b7cefc72167bf44992d4fcccd916c3319edb6e6456ab4ec1084585b00eb25c,fb3c846762f6ab93b9ca3f2494be5a20a5164b8158424a83f1a016275c4ccc41
683,"(20261006, 683)",-5596754834925540746,12849989238784010870,0e6f8f76d3782fce69eb4a699745fc18208588e5129098bde1a8a9f1953f5505,c3307fc38904577a7d9df0a152b6d70099c90899ff77a119b3b6bdcabeba2ac6
684,"(20261006, 684)",-3487471461807910449,14959272611901641167,b2c1a2a977e2a676f5629a97bf52e7bf56e353f1eafc34f87aa73806362737c5,3d8d947db8c0ae245138e87a18c2b1833ad0651367825614062fbdfcc125342e
685,"(20261006, 685)",-8380545490780606815,10066198582928944801,ff4b532e7fe271ba66a8d27cd9e5298709c2d23f618e2f922b3447192a711aa7,2494a46ec8923f068e4876ce95e28f1598c61ee32f701996ea5c38d897543c35
686,"(20261006, 686)",-1872904734678608390,16573839339030943226,83bad26b7bde00609abab29828f96d8fc2f5350b2a1ecd44275bfacfc96fa6f2,dafe0e4d7e5a8ed27080d2e59002e93b58b3f51b6469b54569e016b4a5228c48
687,"(20261006, 687)",-6765978763651304756,11680765310058246860,0bc92b1f9cf0dc8ce2363849ea891a87c9ae710ff5c3c8510ccc6739f7c64258,7d03d9e1c247d0a5c4de6708e3865fd235bd2d61f5f4dfcf1689a1c55ac8a9c2
688,"(20261006, 688)",-4656695390533674459,13790048683175877157,54ea44a77a1ce3a6920986cf9f20ffecfa67c0a516e3554972983128f2d93aa6,9ee09f17b35b702422cd253dea00d741782cb874943d36c9c80d8a81fe3e2b32
689,"(20261006, 689)",8896974654203180791,8896974654203180791,ecd0350bff35c485fab2062431e841470f3f759802ac398dccc069559ddec6aa,3739f3cfd85ec10738d6b3f79d61624f1311171d145426540ab9aa8fee043ae4
690,"(20261006, 690)",-3042128663404372400,15404615410305179216,1f8e583942c6cb6b34ad309242ded721335e70b8461e7a540d6688c3ddec7bc6,4a28a98c0f5d47e45f7fe51f05fb003a87a039f3f8bdc2082a03a8ddfa8e7980
691,"(20261006, 691)",3465512092697626025,3465512092697626025,8a0226705a797e698c5115fb8745b879fdff80a669f934e685fc4400a50150c3,8786a57951394845c227ca8e8d799d4630743bd20c65e76abb1e8556240505c7
692,"(20261006, 692)",-5825919319259438469,12620824754450113147,a7bdf5e4856d1bd78448fd01151a583361f094357206c7f60dce8d217c467e44,68f0e3f6841285895c68dec296702fa3b608b117b5de70508b860c714992847b
693,"(20261006, 693)",681721436842559956,681721436842559956,c6e81e09632201586832288d1e7fc87bbe9e94d51f4e60069e664026830fea3e,0698cd7f0f39dea7f01dabe7a673b75d0c7830638d4c52e28d9de537034f520a
694,"(20261006, 694)",-4211352592130136410,14235391481579415206,c37820072826259614159fda99999af191346dad9dadb8c40d5dff80453095c7,467bf7b30882d01da0a3683584841c6dfc216bdd61dfd991b7734666640cb359
695,"(20261006, 695)",2296288163971862015,2296288163971862015,f15810515e14bed5a414f3d8f9dfdedd5d94029bfe139a6f5c359a95f1df804e,23dcf0bb1266a5c90ce1dfa0f6a1af55c88e47d7d0fe4df218211d5cc3e0f455
696,"(20261006, 696)",4405571537089492312,4405571537089492312,bcae2f9897e16778d486863b579b09d3a9d36181e8cd2f2352213a0dd6301a4b,d840ecc26184eaaff8d3de83ec9789b1856636d29975a939e74bd9d737a77bce
697,"(20261006, 697)",-487502491883204054,17959241581826347562,510cff6c5ccee1fb6067b9f6e3c396c3e094308e87edbde2e06fb27df92b99b9,ae0ec0bd37e99dfd79aa4359fe4be74003942cb425a2e0577b8bc4cdb0be7f1a
698,"(20261006, 698)",6020138264218794371,6020138264218794371,85ec6cf38bf2aaccd82ba42ed2207c5e3ae22111c07ba9dd0333792315c6962e,969af09c1f9b2eb1a51514b5cbc59db8b95920d2e9c588143bc1bf1bafccca7b
699,"(20261006, 699)",1127064235246098005,1127064235246098005,ea5822c9f3424b017ef52f8c464b88ee3a2683f39878a3d642b494b87f33f0d6,8e1f03c4b4f85c88be583582f0ab0132860352c0695d83e91bd4944f9f0f4c7e
700,"(20261006, 700)",7634704991348096430,7634704991348096430,a963b0a4a9a81a51da76c8bd2acc51fed8d894549f935d66d89470fcac7dec61,a4e5d1f8d4cb12e7618269cf0d1b347821a40579b3316bed224ab6fccc09f20b
701,"(20261006, 701)",-1656726420608968064,16790017653100583552,168a1a0ea0b8b9040f52d82341007ab22697c177fd35bec08135aecbe290448d,e8ac5b9eb035df2b0c70310908f3b78da907f62bbdd94a70dc8d45256922fd69
702,"(20261006, 702)",4850914335493030361,4850914335493030361,218bb1e9b3b62ecca60ac1fd3e809e14b3a888610db0a830cb9e07343b6ef850,0d24e1f0fb5437018f4311706f059c968d8b7d5c17da1462a50bef97d3f41474
703,"(20261006, 703)",-7088188982114522830,11358555091595028786,31731c522eca351496c210c28c94228d369b9b2309fa44b3da6b5c1aa35b4b58,345e7cdf5eac1d146a988c4e85c7b45ebd3d7e55516ea3aeba4084d83e30ad7c
704,"(20261006, 704)",6465481062622332420,6465481062622332420,e90b36b0e6bedf81fe694bc65902848da19203424ebc6336a86456bb1d786acd,e4a24096ae07f95249c93264fd3c9cd1904806128388841ee06b47a6fcdba104
705,"(20261006, 705)",8574764435739962717,8574764435739962717,3d5cedc26b86c3605b4d12e792041ff29a64a3a2f3d77ea72eeecea02c8110ad,368ce188decb3f51e8b73435a5f4140b1da8724401f65bd1a84764233539936e
706,"(20261006, 706)",3681690406767266351,3681690406767266351,b605bc908bab72d65b0418af7cc3851a5388aabd5251900735abfd255570e13e,485c44ee8305c83d4ed5db82b0506a4ca665b91daddf63b2da5832583073b9fe
707,"(20261006, 707)",-8257412910840286840,10189331162869264776,173ab4e9415117d6c4ef164f90b4d3e0e91ff2ab917beb0b6690558b45790825,c57266805985d7fbdf3679e32bb609288e36a8ad4ec761e0ac7f519c884a6fb5
708,"(20261006, 708)",5296257133896568410,5296257133896568410,98b921f56b9aabb0d5f8f452a7677ba87daa351e210f8d75a597227d78d25aa9,2e5652ee35a9526ccdb512e8a3ff4c3afb06bf309b7bd8849717547cf59e5d34
709,"(20261006, 709)",7405540507014198707,7405540507014198707,ee6e5052b876222fa6a8d63697af22e146df1f9ef1d409f50b6ce02f05995e9b,d18a24987943e63a0b78b0066d23bb0716dedc67ac12af39ea6bb75b028be9b1
710,"(20261006, 710)",-4533562810593354484,13913181263116197132,94527d2bc57f4df35aab47f0b348e2a617602e42add24ac3c8fae277387abc3f,d2f826c29a48ee26cf425116ecb71a3970b8859882c50ba44c4c92d6a5954f40
711,"(20261006, 711)",9020107234143500766,9020107234143500766,be210fbdeb14e95e04ab70d234131ebe3019e9091d807a65490d170a09ee960d,d36c7ec91dc3bd7dcd9fb964930dda4a15b8aa268bc1865b5ef52553195271d9
712,"(20261006, 712)",-2918996083464052425,15527747990245499191,1b4643b6c8d6f322f9462b4365ea6bb9f2b60df1239239d91d25caa3646bf2e2,577732de531935f2d8bfba06c651bd8914d631678c30f9cfaa212cec336cf82f
713,"(20261006, 713)",6236316578288434697,6236316578288434697,1f244394699481dafa612dd1f0d060e9bc6fb80a6319034a671762cdc24f080d,f962fba161518c527e039d1d05af2a8a44da74315a38f283dfc16f815a67a726
714,"(20261006, 714)",-5702786739319118494,12743957334390433122,4fedcceef034da20fa97a74332f16c2f7e8cfc5aa09343954cd1d7cacbe1de22,c9222e347c12c9c084d2c9a5d4c67c3d58bb8e6d6a0ae2122d8e133be6b7e7ff
715,"(20261006, 715)",7850883305417736756,7850883305417736756,fcbd96944e6165bc16558c6bc14b58045d6eb0ca069bb82b747f34e91f2b96b9,a061ec2d4504045c41da734e9e0918c1c39c179e36ed51db5017acadde3a7a11
716,"(20261006, 716)",-4088220012189816435,14358524061519735181,da5d11521929d4c9d9d0472d89c31e14bc2b0485c91e4cb6b1c8ef06ebaabb2d,5c0bd088551d4210bd6d27e381f0179059d188e031ccd39fcac69345f2a8f4cb
717,"(20261006, 717)",-1978936639072186138,16467807434637365478,4a2b21b5badc9301e10fea6257f249795da40f6b158dfc82dec44631da4b4ac7,d64effc8bea587ba2747d02a854df3ead8c6dd543694504b3a1410b32256b7d0
718,"(20261006, 718)",-6872010668044882504,11574733405664669112,669e0e91a587a4e35ea43caaf50f3bfdab3b3155c694f6d650b69ff9cb8637be,03d3574bfab874cba047020e7fe73c9db5a01421979015707a2f15997d49fe27
719,"(20261006, 719)",-364369911942884079,18082374161766667537,04f27d34ed0379dbd8975378a65a905d6ccd11aeca890d95bcafe48a02ac1d2e,b3fa4f8e6fd095545917d728a4491ae4008e2c843617ec2f08a08c996ee8aeaa
720,"(20261006, 720)",-5257443940915580445,13189300132793971171,3600926d8925b6157f9e138f16d4521c9786a02d90b108200ec83a8b1bb12713,041d8c4bfb7fedd0aca9be579fd2ec32b413a192b05d36b8e3c451a579af9d7e
721,"(20261006, 721)",-3148160567797950148,15298583505911601468,a85baf083c401d1dcf6d321aadc8acee0f26880f1a3d26be37ae375185a9fffc,c00c79c9f962a498875b171337a34595eba7360d9745bf96fe0ea8097629bc40
722,"(20261006, 722)",3359480188304048277,3359480188304048277,e99d139359f0b39aafa01da8406ad99fd1cd4ebecc978e85b09fc601102e3fe1,2794107e24502a92e49442117c2663cbfb8c09b748cfe8dae629f648da4f2b7b
723,"(20261006, 723)",-1533593840668648089,16913150233040903527,5a782c5f744986157c97fe6898821b6a40222ef7d3e7a6dd63b9ffbac99d25a6,6faacefb30d3369a8201b23aa0cff21039b240d544a0e5d7164ccd08a6b9b47c
724,"(20261006, 724)",4974046915433350336,4974046915433350336,55db9f766ae5b14db6314d5cf4b76a9f703c5c66d3451ac6e3b240bd557a6e44,6e66eb572445c4639f05c9827af45de4421a2163cd6728712d19d9508aed1e43
725,"(20261006, 725)",80972886460653970,80972886460653970,e6e4cabdc25ba0802fa06c40d85c5e02878c9c55517783bb9b722a24e9673a9c,2b8342de439a8431c220e72e4b1cf6aa83dd20ee44a2ee5eafc14badf75ceb1b
726,"(20261006, 726)",2190256259578284267,2190256259578284267,8a24a54ea9b1d97bbc49a6ef10c0fa9be4f11ac363d2da01c7592379893f3d65,c20eca553601271a396b1813e13a30ab1896bf8f27d1cb2d1b8d44a2d1fa7733
727,"(20261006, 727)",-2702817769394412099,15743926304315139517,e0b2a67bee565c775c8d822d489c1e47daf4fabb1a4391a59e1a0aa1f42c3039,cf17e23aa2b2df9f1cae734a9e41dca9d91cca70288a3fc91c4e63452bbc6bc1
728,"(20261006, 728)",3804822986707586326,3804822986707586326,c69bcfc3c9e209da2500f5a55c330a29b974d7cfa43aa9f4ec86213e34bc447c,9f99a3e7cfa1054720e5fac332b16da19c2d7871626dd69219f0743ab1be7b92
729,"(20261006, 729)",-8134280330899966865,10312463742809584751,b0cea04bdad17f8df3c7257076d2f93f2e887794e9f61ff8a6684ca729f28aa5,3db057c9b70457d470e730c7d569738ee342eae53ead9a809a7e31b935c72174
730,"(20261006, 730)",1021032330852520257,1021032330852520257,f7882fcd491625dfb881fd3e63d520084c7d66326ec6ace9d0effda3b6496c7f,a69fe7756f70fb5c373813bc138d47bd1372e3b1fe2c7e5c5a69bf052872b29f
731,"(20261006, 731)",7528673086954518682,7528673086954518682,69de7ec6408815b853852e1bfae7e19939cf247cd8ba8002a8d472b5dc918ba6,be0293c4df0cddc25afb0b62142faeeb2f56db15b7234808af2baa6f9734f9d6
732,"(20261006, 732)",2635599057981822316,2635599057981822316,07d2803cc4da29a48dac4c2f73db17a41883857e3ebe93be64ef738ccea2210b,792fb11e252d6b6b7a8fc3771bdba732abc24fc078de492ca2945be2a0b61132
733,"(20261006, 733)",9143239814083820741,9143239814083820741,9973552954054c7a92e376e460bec13244b0bba300f49f6e63eecf23da4d5933,fe2eda3755d8f9a7c8dc86999e2661958b171f57e3f6e95467b90d749328a589
734,"(20261006, 734)",-148191597873243753,18298552475836307863,1f0b80980ec61250e31b50f4a49b7053ca4caf93fe7097c6364353032d11c256,2b043f6529442e60c0c6f7af2190113ccaaebe28dcb6fdde6c45c4839a9640cc
735,"(20261006, 735)",6359449158228754672,6359449158228754672,ae915cbe7af166060bd263d47e2fb98efac6add87b72a1e06dc74a76607566d4,888eca2d9a2b7d8332bb729b630713c21a2e51bba64309ad8d7929a01ea5ab05
736,"(20261006, 736)",-5579654159378798519,12867089914330753097,fa2955ca25e45d6df82b530f4ecfb7e9029c3d1dca73d9aa2adf6ae2d118aea0,98c2429610ddd2c0bbda57357185c1fee65198ce76c4a4477c7cc59ddce52541
737,"(20261006, 737)",7974015885358056731,7974015885358056731,a410d54a59ca7f4437d272e1daac61283af8e8719a79bf4a45f814835148f77a,67b25c842b8f5be8d3c778e5d22bb0583e7adbc3ad399215bba7bacb1601cdaf
738,"(20261006, 738)",-8363444815233864588,10083299258475687028,0acdd16977a73dd6eb1b67e652f55e4879748545220f744e782c41014f48df99,305a670e527f4def5d6ba770cec15700dbd943817c9db8534672db736391a93a
739,"(20261006, 739)",5190225229502990662,5190225229502990662,a6217551cf0d2eddd93dbb858b3c7565eb165a6aa13a1c1f648e789d405b4e39,120fbe618b6ff9b42a7b46bec7d7b9f904a9b107074956eee4d5c9ce0b252d56
740,"(20261006, 740)",-6748878088104562529,11697865985604989087,03fc17694e255ad66d20642326ccc4247a1f708b703642a8afd8c87aeca901d5,5fd76faf1955e179a303ba2ac9224abfd1beecae526b768e63c6e60953bf361e
741,"(20261006, 741)",-241237332002564104,18205506741706987512,341d9d3a7752eff82d52d7463f46edc20ef4da1719afcc1439192644f50c09c4,d3baff783a0f41ebc71f18054593fd4a9a5301bc2ab4acd6044b3fc00424bc22
742,"(20261006, 742)",8914075329749923018,8914075329749923018,ba06143f403d4c9ff4837a04f3e2b69cb5070b29fdf2036ba1b3c36c34c9643f,b2da0a39dc559d9acf13340cb7a53e757fb3aeedaa04c6e7a036b4a7bbcbcf35
743,"(20261006, 743)",-3025027987857630173,15421716085851921443,b5749fb0f813f4346c082de01eac29cfb5d83283a8e13cd1e8d216a434bf9d78,6f8b47fb94bbff4a19d7e1d70589f1e2ff3eb1300f70feb6f1dcb79c216f4a0d
744,"(20261006, 744)",-7918102016830326539,10528642056879225077,b005aefd9c70d718dd5ad71294cc4f08d0fde8b9cc2822dcb369df24b9c2b98a,fbcceb3ccef3a17c085afd00a6171f0e690eab1cf95aac650374a8d157d0eb9b
745,"(20261006, 745)",-1410461260728328114,17036282812981223502,bff065d8e21bbfe37753012e36e9d6bdd01496e3eca2eab9a42d05afbe05794f,899ff9643bc0f0c349d0f5b6a0767de21582b632c8ba1085307187448e25d3d1
746,"(20261006, 746)",-6303535289701024480,12143208784008527136,073ab43142fe939bf3da438d524e5de82e2d2c2a901cc8dc13fbec4ff891626d,9de2afc50fb6aba8b1d938317e6c2e0fe29105908dd09e95221619d6566c202f
747,"(20261006, 747)",-4194251916583394183,14252492157126157433,cb9008a5ac7b0e6a249895b4250329048107482531012710c35093e648fa33d1,b6120a371f52025a369fec076d114b043a08a2c3b63255eccc48364869dc051e
748,"(20261006, 748)",2313388839518604242,2313388839518604242,8535243f8c19af952f84758d3c282b086f03cd9ed24d0378a48e5ce334301875,1d4ce1d535257b054fec7c552f69952b3c1c8dffcccaa72df654d28edcefd04c
749,"(20261006, 749)",-2579685189454092124,15867058884255459492,ccb95b042cb64375fb7a22dec4c508c1a33b33e2690b0e7e8b4edb65a11034ec,0939e8a778b83ca84eabee57af892dd466fd01ba4f68ea1c85e6783ce7ad0d7f
750,"(20261006, 750)",3927955566647906301,3927955566647906301,837f6d1e0bb90bc04d7dcc185d35cd63d3d26bfa106fd93089bf3ba70bdc1e18,e1e1d589be70ea9a5e870d52ea4a508f3958d41cdcb498e3371f919cc05a6d50
751,"(20261006, 751)",-5363475845309158193,13083268228400393423,b1ded614d7c3d6277d14c0ebc38dfc1df79c3340563d043f98fdeacfb74231eb,494ad9d42174af69baa15b52868a1fea94b5479249dd1c5088301a2817901248
752,"(20261006, 752)",1144164910792840232,1144164910792840232,6fd990baa1364f3549914801a88e1a3baf72e7ff524363a945e1d688f15e4665,75ac3a4e85d6ad8ef7695c3135cfadad1aca7bd9e0e2672d129db2fe33257d9c
753,"(20261006, 753)",-3748909118179856134,14697834955529695482,9d959b05dcf92effeda7fc3591400d6586cc4850b9a834066c2ce79dfe90e1b5,c8a2ed1cad9e7f198a38683349a434fe98e5c0a1a37554e4cf52e5d1a11eac91
754,"(20261006, 754)",2758731637922142291,2758731637922142291,7609d530e586784d205e43c790b3a3f80ce22caef159c0b454966a7593f88cc2,e0ac9b36eec7ae5facf9ab3ca89426753dbacd33370f8482e33ba110b9040842
755,"(20261006, 755)",4868015011039772588,4868015011039772588,2f5704c6a8ea83654278e23fcadf17ad086293abeaa5efa58f505f206fd9ab55,81286c616499c3d22a2de1735b79104b7711a3b651ef8bce136d77b1733312f2
756,"(20261006, 756)",-25059017932923778,18421685055776627838,d3541a5e445225f3c21927f3bf131921bcf09dd429677a99f4c0c5354b295be9,1d71f2b04191267a3d9d38434cc6a0f2c3834c7e5c3ed6196101bf81690f11fa
757,"(20261006, 757)",6482581738169074647,6482581738169074647,a23b9647553d00af270f5fe0c4d335f1687e95aa657881436cefe4a3b15d7511,4b0267dabccd450c838d6dcbdb563ad59a887faf9b845079901c48180cd15650
758,"(20261006, 758)",1589507709196378281,1589507709196378281,348bb25c22a0ee24d21373448a136d82c8f75cedb08cced36019569f71ebd7b5,6a591fe3eb8f5ec39e7832871851138ae8e5a39d8550337ba7874c83d4d84a8f
759,"(20261006, 759)",3698791082314008578,3698791082314008578,a57c36d10ad72ab0de79456a5326235d802aea18643deb31806989f23f569d99,78b74b1cb76f7c790ed6be3eb9efad4ea8a88937cf4f9cb2bfa952b014f251af
760,"(20261006, 760)",-1194282946658687788,17252461127050863828,9329dfe3bb3cf70f68d435e39b92b86e052a982a73ccd401266238a2bc8d61e6,72556a8885af9ad45a0c7c0deb94cb9a6f0963aa26de0ef03cd261d46597e398
761,"(20261006, 761)",5313357809443310637,5313357809443310637,672b343c71599ac4d51a24ea4d3f1e89b5abd42d19aeef5d7611562596cd2ca4,165eca1020fa5ec80a9b2c7e98fb988d5623ec5de396ec574dee52877e1380dd
762,"(20261006, 762)",-6625745508164242554,11820998565545309062,77b5d9c9bab54aaba5496a86160995c0a029ec07820e57bd5564f58015dbfd84,6b2f0c03060edd146174e32ded323349ebebeb438c323a6a5bdeaae66f6e2255
763,"(20261006, 763)",2529567153588244568,2529567153588244568,e4184de5d01bbc33d2130631a31281e29100e952256002aa4ab056b25b33d8b5,3abb78a25eb01a7b9f912c67cc2787bd11a562273b88747f2e7c20150b3ca8a6
764,"(20261006, 764)",9037207909690242993,9037207909690242993,35a58722262f7688d4ff1bf76631142812ea822c5264160defac499c3a293d4f,4c46c3ce511a6b857bccbde7a0a81e39abcf279ebfe7b341249a380dae7246a6
765,"(20261006, 765)",4144133880717546627,4144133880717546627,5aca559c93712bc29dba97acefd27ac33277e731dd67a39d8b63b30191fbe5eb,4c89d4a379f0d878633a79b88f7c4963c19d09acf6d6651626e4a1d79a290a2e
766,"(20261006, 766)",-7794969436890006564,10651774636819545052,b724d250432ef78ef989b4d4246fef12e5f0e152e761f17e103298f253c32c83,de93d4f7d507f6ccbd7f5367c1678eec979285b6089bf48a4f0f252721e94948
767,"(20261006, 767)",-5685686063772376267,12761058009937175349,e4587581c97949b1406e3639ae99fe5aa82070e8bc8011de159a0d53504a0bbc,fa36553f1a75557133a093da90eb24b1e27a50320546b7635649f5409bec1fc8
768,"(20261006, 768)",7867983980964478983,7867983980964478983,31e926e0d222c10561d60bc866f389a5d33bc280e251400f34da84a758d0b247,8301c0673bd5055db9a18aabeeff3071059b08a0a53be44db75602fc9b60b985
769,"(20261006, 769)",-4071119336643074208,14375624737066477408,3a5ed90ebda3fa634cf650440cd276c36b2a947a182bbca8468e30473d1f632c,827404b17cd7a4225adbe1705e6902364e36647f52c41cf7cabfb0f511b29b7c
770,"(20261006, 770)",-8964193365615770574,9482550708093781042,41a2b061e8f16207b15a92a6b5668b1fcadc5922e9371957b431a82d9f2087bb,a41423387d75eea3f5b8ffb742f958e54a9c185a53540898c257e038a1647a4b
771,"(20261006, 771)",-2456552609513772149,15990191464195779467,b5ff9b90656800801bb6233d3e7f8a023194ad55908210a1d9c0f184f013fc97,ee4ca6f942b5a273e1aad389615270156d8a299158564aa555f31450a8812169
772,"(20261006, 772)",6698760052238714973,6698760052238714973,2b17a9184a904eb2f9eb43001dce23cabed6df01d732aca7f8d92fdc43c5f614,4e2823903e6ca540b61373f8231e16c7820d3f67e72b2a47580c0f95076b449e
773,"(20261006, 773)",-5240343265368838218,13206400808340713398,81f2e9157e4f8735ab2602d9fe73d4aefa03762bc0174c13d195fc52420d31f5,c6a95456fc0c27d61ccb5ef2a13bff42a23e12b12a34504ac6bfb3bf6ae905b9
774,"(20261006, 774)",1267297490733160207,1267297490733160207,0c4fb816a4655b7d0e8369b2b9de3c91a55a19e538627b3aa74818a598c24440,8f5115819544467b48aafdf4015987e41881f2237d950f1d6e38bd7fc05f9caf
775,"(20261006, 775)",-3625776538239536159,14820967535470015457,0c0e7c8ffd14c31179d63dfdd6f5da30286d9835460660331ca2f66f92735495,fe2ef873c1db412a09602a25a4be5bfc2ebf5d5a8ec6f796dfa756f5487cf437
776,"(20261006, 776)",-1516493165121905862,16930250908587645754,c52bd477e9f17df728e2a1c6e19f6535d0f988811aeb960faa5fd1df010a0893,92f26beb4cd2d5c0f4d4596219aa1b3791b39054c316147361b32b5d74d5080a
777,"(20261006, 777)",-6409567194094602228,12037176879614949388,8eecb2862b333e243d932d5b9ec3345e486d0d2d0f324cb4d9b2aac09c42f89e,9a021c336511b7560d57819f883faf1bdc53dbea050df2bb10f60cbbfc7d1806
778,"(20261006, 778)",98073562007396197,98073562007396197,e9978f9cd127438974c817e9fdb5c229d9b03c0a67df12dd1084601a2db0c471,542dc4e7623d6733f78e4dc24b096b864e30a19b6d1c7f85cf8b9302f7757b04
779,"(20261006, 779)",-4795000466965300169,13651743606744251447,b817d5734d44d482d433f4a2af9230cfd536b25efc5582c20f4d26fbb3887fd8,cc6aaf17444b490c7ceda0589e151e2f19b0a861bfc97f9211a61d629ccef0b3
780,"(20261006, 780)",-2685717093847669872,15761026979861881744,015a8f08894b9b25282a49884bb2b2984278c55ad8b0698a421ebb5c85361e47,567b9c56caa719313305e4f92a38e4db1f9dc86aff5d9abd8cb534cfe94651f3
781,"(20261006, 781)",3821923662254328553,3821923662254328553,a25a4c7ec34bc37c9402dfe141df1f782f2e5eebed54152f54bb96b5566bb36c,1099c1dfc297f8fae881f68c8dd379b7a891dfab52a889759c0e6469c866b1fe
782,"(20261006, 782)",-1071150366718367813,17375593706991183803,7869a9fef90df52a47cb89160625b5424aab9603ae2f36c8eaf10f4245cdd10f,3bafc4e5e940eb378e38737babfe8202c333e2e5439942895e32a4f781843c06
783,"(20261006, 783)",5436490389383630612,5436490389383630612,f460ced91eff7bb5d7e3ba87f61f7ce12aab22ec15e78cea00e368c1178e63fc,aeef1e7fcd11326bedbef440c2ec2cb312c817fd974f0a0e8050b7b02eb6ee31
784,"(20261006, 784)",-3854941022573433882,14591803051136117734,ec3e2844468845a5109c2e02c8fa6b4e7cbd74fa5dd644243112a5d3a9e709f6,c51c43c0e0e559b52d67297ad15bfd0b94b251e46059dc0abb4af49990d6c319
785,"(20261006, 785)",2652699733528564543,2652699733528564543,1c69615bf26993ffbaa4378724b653bf706395e3b48f429bad94e86d4bc73155,62c6312d6430f11af245cfd074b0891eff4e084c145637c4a91a0cef1c5bc5fb
786,"(20261006, 786)",9160340489630562968,9160340489630562968,54f9b4e7e1e9ae81c89e09346c662fa85bc0280ae7d46bae5a0596cb2ecf138b,aba4cd6cbbb27895e82c83cc6236f3e84ee7434cec293bfcb2b6705d86aad64c
787,"(20261006, 787)",4267266460657866602,4267266460657866602,a2820d15a90d8e4abb22a61c57abf48164aa820340b2f7061197d82773089c43,5411f2c722981ab02df108835d33705217314bb28052cd5cf733967ee5250759
788,"(20261006, 788)",6376549833775496899,6376549833775496899,1fe5294709d307afed6b6b54d4bf9926cd2c032ec2b9613ecbc597fd8d44e883,1a9540ff05b893d4dc2c707cb6f6cb31a6ae8374742ae2b218ab654c3173595f
789,"(20261006, 789)",1483475804802800533,1483475804802800533,1fa7bc0dafc5a89d2bc4827e3234f01f156832ad22bdf78f87b98cf49ca54544,27cbb5aee89d7b3456a20b080887f531bb8b6f97cfe69a7482cbb7b9725eacbc
790,"(20261006, 790)",7991116560904798958,7991116560904798958,42570a589f51ffc4ad4c533c8e0f861cc8667143df58b6f052c2e929603c2a2a,eb8a87b13559bd9e070af0dc7087cc69d37a7b0bba662f5a47e1b838d2b0de05
791,"(20261006, 791)",3098042531932102592,3098042531932102592,e0bef29c657d833e9b081b340e6bcf9afee33ff4cc7916f75b905c7055dbecc0,681f4d0d1a4767feaeb9b509dc47b49af21e50b2ea4959854fdae460ce6a0b64
792,"(20261006, 792)",5207325905049732889,5207325905049732889,565abfcb3197cfa7396a958f5d47b8286f2fe8f1e5f6baea5c65839c1db29a3c,7d4d7c5290d424c69f5ec87c8c5e36e1b7d7a8dc56e1bfe3a889a3668ff84ae9
793,"(20261006, 793)",-6731777412557820302,11714966661151731314,fbde6e12ec5d642980eeec68a37c02c9e4cf76e89b69d10f89a17442c0577c06,7a87049a9f75ab2f832e220e9a40d58fd2d3fffbee5f5917064051c0b6d8e38e
794,"(20261006, 794)",6821892632179034948,6821892632179034948,97b0a10f3a42f0fd3545aeba57a9f0acc330162f8ce62bf0dbd30798bd9d2fa7,5f3952043a86ecaec539798e1f79eb74703cf5f6e5b62b79886ed4b5676b4116
795,"(20261006, 795)",-5117210685428518243,13329533388281033373,6807e05726f4bcd8bdc1e38faa18d4b21afd5de793baa6ed4d1cf403ec99a7b9,4a2aeea792926e289d8bc5b1346557dc98f383b4b0795d509aa3a819e4260cfb
796,"(20261006, 796)",8436459359308337007,8436459359308337007,29d2dc32d4267e69e63c475713a3fa30b24d2f9c2790cb67282dff48ff81fdc0,7614e30e2f38ec600cad0bd5fb23a387f85e83ac34d556bb23df35e167ded256
797,"(20261006, 797)",-7901001341283584312,10545742732425967304,d4ffec6a453d47a14e7ac9acba115273cc133d775edf82dff1d6def0abe72b9f,685abb1f99cce7475a1aa0885acb71f98c14fabc4c05f00097decd3ab47fafe8
798,"(20261006, 798)",5652668703453270938,5652668703453270938,3289986d098d4216471b8104c0e811e32bd6b85fdd445581c0b47bb84738ca3d,facb33c7a063fa764141fe5663e2114f46554d97e0af59c7852d1c1b878a85e2
799,"(20261006, 799)",-6286434614154282253,12160309459555269363,8a3234bbaecfe0491d98cc597ec44dd8e18acb42a003db20e3cb6eb5e6f536e9,f67c093d1051597fdefe4efcbace7757ec4521ebdfbfcf37bf762e8832c2cc64
800,"(20261006, 800)",221206141947716172,221206141947716172,99e8a0174435f97601626e082e53fdec58e35caf711d380624cb8f366e394432,05934313b23c83f97d3725ca40f568e33a2ebfa18da78e95e7d91c31dea5e801
801,"(20261006, 801)",-9070225270009348322,9376518803700203294,685189a3e076c259da41aadc6df98c1b2bde9c9d189bd7ec63ab4db0b87f9c6c,f5f4d406dc6d7552864882052a3597d90df67f9f1f5b39edc0d39cb8e3ac7161
802,"(20261006, 802)",-2562584513907349897,15884159559802201719,19da093ab476f116c08acea1b465a156bb8f2c2127fcd5c0006821d6d18fe01b,ee92c7fd4543a4d10369152c443b541968e7008075775145646f6faa9878f709
803,"(20261006, 803)",-7455658542880046263,10991085530829505353,7aff8c8942c336334f32b9f7d3d57b909bd3216e17b703b4656a9ce94f50bf1b,4acabfad5f7eba49291f06b2cf5f318641030310cd19b90db1c26f02d99d709d
804,"(20261006, 804)",-948017786778047838,17498726286931503778,95dc8971c7822649b0b2495b7f625804dcf62ed8943ef089b45645ddd8b860e8,4d05495fcb40f9b05c4b8d406a6b1ccf7ef9a24ac8978ba9b74a7a3aedd8958c
805,"(20261006, 805)",8207294874974439284,8207294874974439284,ff9bba6e548a732ad1b094c22973cabfaa1fc088ad26f2afde96549ab3d473b2,b7eadf21d4dc7c0adf0214d2f45ca109da7282821c8e7e0422823b411b7c0eda
806,"(20261006, 806)",-3731808442633113907,14714935631076437709,2de253315dbd89ec1dbfbbcc6f2cabd7814fee08fa5a50207332ce5ffa362e27,3f043253d0440b63f3ff352d7e626fd23361bfce4b02a7ffacf106a8fd1f5271
807,"(20261006, 807)",2775832313468884518,2775832313468884518,caf1104b94e4a9bdefcd06c5a5814cb322c1254461f0aba08d0a50e273cf6f5f,e3c6107c8c68eabd854af69757770dfe804004fcd9739e78ab55fcce7d5e4fe7
808,"(20261006, 808)",-2117241715503811848,16329502358205739768,b04562740d20ef303b5a6146a4b0c7b54b6ee2e36959a097bae875a4925daadd,5bd2d53f807813231d5df29e896e927c54ccae69d2b9b8372edf87b1f5ff1cf0
809,"(20261006, 809)",-7958342386181551,18438785731323370065,8f069a3ed72b796cf3c51f10f1242ca6e83039d80f8bf636e72900606de27cba,7a554353ef9cfb0587d9874e9419ba0996c37bb0a08395faaece7886c6693509
810,"(20261006, 810)",-4901032371358877917,13545711702350673699,1f50078192fa8bfbe5bfcac073dcaaea3910d0ca2c781d587752d49491dda482,987f3ae29292e926478e8930f6574e888acb2d07ef73137b31de6940516f0753
811,"(20261006, 811)",1606608384743120508,1606608384743120508,21824c05fcf42246c5577b5ebfc15bca8a1b894811398dc0381b7fdf5d1b4340,269e293139095d9d2f870f1f9ece01e8bd52616885800e2933906c90a030d623
812,"(20261006, 812)",8114249140845118933,8114249140845118933,040b89b7cc1478b81e71b6c7f6bc031af42569b45e3c1bcc1caf85cc05d18965,4176161a0190946cf7ac9c832494b43282c06b5323d853e59ac6773527d1f189
813,"(20261006, 813)",-1177182271111945561,17269561802597606055,becd13f8697ff67c26189116d52e3cc1cd491a623193aab33f0a416b4885fa79,0727c7dfaec31e1bfb088495652a4c53f6e461df1e049f2c503d48206e88b1df
814,"(20261006, 814)",5330458484990052864,5330458484990052864,a2b1cbd69f7fce091be48043634ce9a326a2fa59780effaf55d108de37048c65,ef92feb3f33d5aec5a084dd7f163d9902d3f348d6b7fb584866cdf2c0d6fb6ce
815,"(20261006, 815)",437384456017356498,437384456017356498,6ec11f3e558f81d2572e36bf5bd302ea4dcd35d4125b43288c40521e742bee81,8cf1b4043651bd48e3508d3d18b0264662142c13a9d0dd5e74dcbf4b3094f2e4
816,"(20261006, 816)",6945025212119354923,6945025212119354923,7b5087f6dfbeb136c961cc6c19beeaef305f127deee9671e9e19732725fdacf4,c09a4f4e6ab22133ed015cb4ea06a26f9747b1e4d5fe964610331dccda521bd9
817,"(20261006, 817)",2051951183146658557,2051951183146658557,f903b5de12fca59a6c9c414c49385302fb83a04e2fa310520a7775f574187bbd,25cf4fe8257cb2e207c8d1b01115c7c79be93bc4e842501818c1bd19d11d25bc
818,"(20261006, 818)",4161234556264288854,4161234556264288854,a0ee46f9265490915a01ab56e155a3304722d6d8df62f85d5d503f32f0403f3d,6b618ff7906cea180366783b88f76196924529c4a2f63ac7ac54679c9b7736eb
819,"(20261006, 819)",-7777868761343264337,10668875312366287279,e5dae01e37d62bb6876f5d338b918cca800083da18b98d6c4861ec5e874f38ed,924747d9c5633a892e74d6f12a48d679e5a2707b7f686bebf5b7b9d4763cb59e
820,"(20261006, 820)",5775801283393590913,5775801283393590913,7e9ca09f5488c9edc15e11e6520fe44d87ecf335402d1698d9c4b28f15fa407f,6981b11c55d2e7a49cbc8a40676ec345bc5ed0d4aed23195b44105a71e4f69a5
821,"(20261006, 821)",-6163302034213962278,12283442039495589338,7628afb5cbd8767e10656bb7e5c14e2886f63ca05df8e7ac9748af923ae4a4a7,5dc7eb0c3cd0d7296f0c4e13af391ed1eab37c07357c30a315055dd1a496cd70
822,"(20261006, 822)",2992010627538524844,2992010627538524844,320c3a268edcbd365ddd4c54e2f6b44e62d45a06c6b4e87b05c834cf04c14f36,17d5ac658adefa991c3f742ff8ac65cdf7e3a2876ec8fcca6e615f231a78b248
823,"(20261006, 823)",-8947092690069028347,9499651383640523269,d74d53d6a0b1de40d879e2dacb463b6684874d0fd24ef2f56ddd7f6ed297bdd2,3993dcf976f2f2aacaf82902feb0fa1ce90a444966f45c4cb47cd5bf2e681687
824,"(20261006, 824)",4606577354667826903,4606577354667826903,dea872949d7ae7281428f1d19fc1b646f23ba50326d37853cde09c28f91e64fb,94f06df40a7fbb1244a30ad4897df086353f828bf23a1bb5c8605a28b45f0887
825,"(20261006, 825)",-7332525962939726288,11114218110769825328,c18e9ca8b23b5baeb4e4fec233709909e43fe48cd27ed2106174b8e8e95f84ef,e65770568fb798b805c72440faf1cf8201261df2c221e19d71c3c6756db498a3
826,"(20261006, 826)",-5223242589822095991,13223501483887455625,013b44cf2e69c97a955419f792784875b8cd69ad397918a39eaa8ed9fd375c88,1a608350f1e7f55e225474d6aa68c515b1cbdb920247fd4ab4033445dd19b236
827,"(20261006, 827)",8330427454914759259,8330427454914759259,d8099b2920e802dcf856280409dce07fc3d8f39e2057843b964bc60c6563bfe9,ceaa6aeb7d745a103df377ddacb251f5b4cc0c53d12c0539d6461ee90b60333e
828,"(20261006, 828)",-3608675862692793932,14838068211016757684,09dce6b50607ba2092cff0a756fd8d24afd239391c00532d9a47852c4b73a16f,a6b17fc2fd2532322a1ecd0389259a9527e61cb6e574f191bc095d192f700ee6
829,"(20261006, 829)",-8501749891665490298,9944994182044061318,c6a56eb11618088c2ba800b5d04df480e570a5cf1f727ec5d07eccf311b8bac9,309f02cf68947dfdee14f5feab3bc6f5d190d6f737c69444919a8d1b53927cb2
830,"(20261006, 830)",-6392466518547860001,12054277555161691615,51c395ccee735529653b00f1136186c249b5895e3713d46e0430d4603927201d,62490ad14bb4c7d1edd540e7f90573e771fd51160657105af4757180be1f9f07
831,"(20261006, 831)",115174237554138424,115174237554138424,3f745f8cb266fcee0bf9baa0da1a18d88bd9c6c631a6d33dc00ef9e4a88b06bb,98f409cfda5ee1574c45f558ca8cf2a40fb42392eb089c9ceedd7ee5b274121e
832,"(20261006, 832)",-4777899791418557942,13668844282290993674,b3e0c86d22154dd280e29cf15f9f8d9038bbe44ca843b580d2b33c9ec75665f7,f0b1cf7f602648aa1b457cf15973a99995d29eecd969be55674e31c3cc11012e
833,"(20261006, 833)",1729740964683440483,1729740964683440483,7875f55a58dde56a4ec919cb2878e7e19a74cbc49e39cdd36aabe608b1fcb405,0b3bdd7a8e67507d70afa9b86cac80f0b05a7fd0d54963a6621d7b93c33ddb13
834,"(20261006, 834)",-7561690447273624011,10885053626435927605,ff14c9dc496dcfe8fd08be266e042d39a0d16bc2274fb5bed0e14a391080709b,bd5b4b21b806782da9b854eddae94fdeec3688191db8b6c51fa9b0e9fcd77445
835,"(20261006, 835)",-1054049691171625586,17392694382537926030,89c602442efe8d00996afd0fc468236ede508abd52cf84f5681250b36def0baf,a868e68a282632a2ac9613b6763b4b9e46004efd8571ffb48a42e5797335d269
836,"(20261006, 836)",-5947123720144321952,12499620353565229664,76621343b8f2195b4a10cb74f9bf3cb19342eab11dc931a68729da06b2f79877,e66e181265cac3081eb9a7e14d6226df405dff3ab6e8d77096215fb345684527
837,"(20261006, 837)",560517035957676473,560517035957676473,0e8c256ce249879ac1f38e24336a4f7db99731e5eb00d75fdfc4020f6a06d437,3fd14d5080936f19d960fd8be9fc90e427d001d48fde9ca5736393bf4a5e3c24
838,"(20261006, 838)",2669800409075306770,2669800409075306770,9430e0b60d862e2ac9cc84d07e0320841fa94151f0f1400a71e7bcbd672e5c6e,e54a752e3657b196669bd54d85e9d3dd8e6a1b1d68cf7eebb1a7be5e71daf30c
839,"(20261006, 839)",-2223273619897389596,16223470453812162020,db7b349a211282a55af0e4fa9b751a1ce28df08f8820c596c95282d1abf25f90,04829732bee897c86bdad1961658a1aa55399674286511d8e36d8ffb7f2f19c8
840,"(20261006, 840)",4284367136204608829,4284367136204608829,9c6393b259d5f08c48300e874f79985f8d05dc2b73e2e374cfe39573c59b254b,6ed46c43f8829c5cc200ccc1ebb3fd1a8b20fbf4e4359babbc0a3ed39c93ff6c
841,"(20261006, 841)",-608706892768087537,17838037180941464079,7076fafb80141871525f8fa1ba3a2d70ef14c5897d246b108ea23676f2cb0b82,264ee159697ef12c27a57046192bc515e3ad14a5f266906ac6426ce5f35d5def
842,"(20261006, 842)",5898933863333910888,5898933863333910888,cfd7fdd63f45b0efe26222c7ad4cb49a39a7092a891cb9f32c0afa413d9ea46b,7cb430a63fda4a921c9ca5992f4f55d71ef39c0dd9cca5ba2e600c9dd237cc2e
843,"(20261006, 843)",-3392497548623153606,15054246525086398010,ece0a0c5271422f79a88bb43b7014385432f461468a7b4d28a0c29d66b0d4280,af60632aa5362651f89bdb712a9d9d940bdbcff938ce04b0e836eed4b6587b9d
844,"(20261006, 844)",3115143207478844819,3115143207478844819,ae6077a498eb471fcfc77647e70d6fc1eb115aa24c5cf16daa2a081f0bbc0bfd,dee22f457d7d2a7a214fa752cd6e2e7f9292d75366afcfc14a50a1167a4e093b
845,"(20261006, 845)",-8823960110128708372,9622783963580843244,9906ae2c464bbc37defb5307f3b730f008684aafeebbb991174574186b892a93,daf80e25d28cb2c6ccfe8127b11f8d6da4d6b5321d334c69ae06888b29e46dff
846,"(20261006, 846)",4729709934608146878,4729709934608146878,704b4a10f658116c316fc0936cf736ebd1a62a0d9c4f03892a3aa95aab8b8941,6bac8a6958392f0ec3e4f95872e6f76e4329b5d80f4c37c9703ed89a84b74c0c
847,"(20261006, 847)",6838993307725777175,6838993307725777175,3d347c087f8f10bbef725cb3cf119dd93d30e9e85ea3dd235feae98603b20423,2aea59289354d23d37fcad5316433d7b20689797eaf3c97fc5b36a2e435977f7
848,"(20261006, 848)",1945919278753080809,1945919278753080809,a1ce3deba4ba1e19606a2db87ace69751b1dce9034d316252ffd8828eb525bb0,b0dc996431bdf58edc96599945900c9f32c2276a0fab14e0cc90ad9caea3ff10
849,"(20261006, 849)",8453560034855079234,8453560034855079234,5e63af7c7547160f0310001141232e85f7fdc532477bc282790fa4074afe8e46,701d8278be8b609367d0cf98a1b318bde7973f1d753c8fc9451b33930fac8926
850,"(20261006, 850)",3560486005882382868,3560486005882382868,a28bae30773582bc4454ede439a165c2ddaeed0e1ffe94653d437756aa718cdb,b5924cd4a611c48c92d4d995458312c551919d29a8d404f3721dd84ee48ab908
851,"(20261006, 851)",5669769379000013165,5669769379000013165,418dde298869786dc8f884d962a62780c6a556c87efa9e02ed090d2fdbaedacf,ffe10964ee5786e9fbf9a990c1a8b816dcaa526039f197957818203337d771fe
852,"(20261006, 852)",-6269333938607540026,12177410135102011590,e884aa1057dd20fb6fff0435e5eb8d75995057a5bdf94bd8bb2cd187c465f693,9bca5fe5cca710583c1ade749b50ddb5e0e9bf72d0ca1c580c2d2bb7f2fc2b0a
853,"(20261006, 853)",7284336106129315224,7284336106129315224,9ece0ee53ae2419041a5f4c8c61b8dd8d5770a3e6ad4f8be3d91f8edc0585170,2d301283b5080432d52ec3903fa57fffdf7f351501f51a624443e6bcdb4835ef
854,"(20261006, 854)",-4654767211478237967,13791976862231313649,9fc927a54a1fd3ed320a2baad45b00eff5f2dca49982ba31c0abab607e8cbdda,62558e4e23650d0bf43074ea199edbf2055f35a3021ad62149743aab4cc33ad2
855,"(20261006, 855)",4500545450274249155,4500545450274249155,4abaaae1bc4257788828602c3c519298218555aa113252cf2a9aed337c4bf78c,add0a3be7d37543276be0b918d57d4576da8dc82a8bb82df7afbd5334ce2421f
856,"(20261006, 856)",-7438557867333304036,11008186206376247580,4e9b7d75685f260382d0c68d7b7d373c699fb65e13a6483bacfd6648d494d42e,6d949afa54f924e2e4bf7644aac4744b7945c7cec1c5c00019f99dbd57b77f5b
857,"(20261006, 857)",-930917111231305611,17515826962478246005,42cf0b059c964a60038baaba2e7ec96099d78801435f11325a0197d0887660a5,d502bd23be435391ced4fb7fa2c061c752e4d172576534eb8388c5bca3304a88
858,"(20261006, 858)",-5823991140204001977,12622752933505549639,06059285af664e9966d0eb0f5f74c9def99acf79f541ce8af5f36418954a7515,6d2dbe1e8234cb7d582f7ab048fe1934a7ee2dd70a110ff9ce4a086946665e1f
859,"(20261006, 859)",-3714707767086371680,14732036306623179936,9bb29e17b4551a496e3f36fbd4164c508c27267665b33504f00ba7ade667d487,eebffccc9ed0d79a5347b2969005518f7df3cd9bc96708c72accf4a917856299
860,"(20261006, 860)",-8607781796059068046,9838962277650483570,8ebf21828476c9fdb84a030c158751f566aa8eed1be585931870afbe1d4b8962,a783b5cf670d1ada8a24ae39c8c30205bf07268561e0bef31d6cbbb1b9f4214a
861,"(20261006, 861)",-2100141039957069621,16346603033752481995,3c023e59e90ab7202852961f8d37bb63e6af43f97dac7d4d6fb17118d8fe1278,c5191c441aaabb3fe3978a4d98a9fd53ed86b950ca60c75f717455e343d1972b
862,"(20261006, 862)",-6993215068929765987,11453529004779785629,a57272fcfc0c4ad511ae97c01d8bc0785bc314e77d98d67dc7df398200a768c1,1d3d0bd974cc460c0e47c96a7792ef31be8ee13e1d3190e1ad8b61289e5d3e52
863,"(20261006, 863)",-4883931695812135690,13562812377897415926,3f6f0605e2949ce9d4b07b05932f8e4408da533c055ede651e88a26c4b4adfbc,e02e8df5a1cef38127dc906158c4777624de10362b4e22e595a83aa7dd706697
864,"(20261006, 864)",1623709060289862735,1623709060289862735,3c474738f047934525ad65e8cac01f6d65bdbc1dc728c9baccd0ef777895c990,101568f0655a0899f3199cbc54d6d6c79ae964fe61e61b6cebf5994b17803d7d
865,"(20261006, 865)",-3269364968682833631,15177379105026717985,6aa5ba891b9c00a1bdb009dfd8eb1bf66f4ebeb29a960cdf19a31796926f3002,b256b96b16d45502b19a1a6d5c98e96c3eb3cf16d9445b8354d962f4162d1ca0
866,"(20261006, 866)",3238275787419164794,3238275787419164794,c439998b201a654f2b0e0838db0a7447126f7de98344fb4e8291ec5e60cb59f4,5e69b143312e6919f48749d8a1407a19bdd0375a37703eee7a2d0c7fe5e5c593
867,"(20261006, 867)",-1654798241553531572,16791945832156020044,37765a0bae4d7de7a84f123c67ca794f6019767e23ea6f4c262b119e5d5d1c87,f20bade5d99ceb323cca6f5ef0c9ad4f50a3fb9abf619487adce1a55cb46d14c
868,"(20261006, 868)",454485131564098725,454485131564098725,78abf1847d7ef0bceeb6abe31c4a4da0ab7549291319bda164047e842c3d977e,c026484614cabd84486c11848bb69bf9b87b029368c1392d4384dc6af1b5c652
869,"(20261006, 869)",-4438588897408597641,14008155176300953975,16516af7ef4e9a0961d4c22547c9501c40aa751a2db419d735f60d268e13c8da,7126fc11a35acb38b6857a0495f4e17c3b2d10ab40cc798abb5e53263e06fbc3
870,"(20261006, 870)",2069051858693400784,2069051858693400784,f063b3a923e6a88b0ea9f0521f3fa34a159dfc69f949c4b97eb52a9d033dd209,81336845ae60e6d4f971a0c9f76227c0f4838628489b0bd9e563040471d4ac08
871,"(20261006, 871)",8576692614795399209,8576692614795399209,849488752753202264f6ce0c9977ce670625cbc2ce79956aca4c7de3cb5c741d,564f71ca3e0ad4a0fb3c12fd0a7512e1e8d38a0b9f641a09b816688915340bd4
872,"(20261006, 872)",-714738797161665285,17732005276547886331,97498db01fcb34659df96e01d78865f65946cdbb4437866c92c8cc40481ae376,3608a5588cf31a310d778ad32b5f66dc7f73d740b4142a647a286e47406166ab
873,"(20261006, 873)",5792901958940333140,5792901958940333140,ae37ad3c0597b07c719f6751739b08fce59f7949579c94d289e3afa4d731080d,0feb00781ff63d21eb7265fb58bb528e3022dac4841b167c83a00f52d5eceb9b
874,"(20261006, 874)",899827929967636774,899827929967636774,baaedf4e4af1f1060179ceed589707d8cd4da8a72d652c39263d4d2952d5a12b,e304e7cb35e69e0c4d40c1a6b1130ec8f8296ca17fccedfa5518e69dc239309d
875,"(20261006, 875)",7407468686069635199,7407468686069635199,e8558fd00d2f9116aae49798953aad0613ae8595ed509513b1fa0de53bd95cf1,e2d65ea2dfdf87237003054a40377402c7bcf8fe37caa285149f46892fc4961c
876,"(20261006, 876)",-8929992014522286120,9516752059187265496,1c1bfd3f13c4555af7f5b0a2077240459c1bbff8862cce43bc2ee93a61f97b3c,12b13636eff0ff3531d8c382a168e2c133484d9ff6c5b242947342726a92b20b
877,"(20261006, 877)",4623678030214569130,4623678030214569130,b2b89615ea72fb858b15bff905d949cadf05402600198430bc196f672fc4c413,52e8c315379cc2fdc5893ece1d47733c96f0794ef3e00f6a3c5b1625128aac33
878,"(20261006, 878)",-7315425287392984061,11131318786316567555,8749ea449554de4e9b9fbc1be94c539fec4910ed8d283aeb27b93db81ec8abae,a9e703feedce1fff73a74754c7bcdd998e00a679ffde53ae406c150dcfe593eb
879,"(20261006, 879)",6238244757343871189,6238244757343871189,8dddb2a0fa00d937bfa14113fc0aac5fd381a52974d6ada8ab27c4ea92ad4427,1cfa6113d2bf2f7550dbe14a94386b7f84c6a421e6ee952e3d2eba97ab2ea5a7
880,"(20261006, 880)",8347528130461501486,8347528130461501486,442ac94ef4eb40e03c2305f491eacdb148bf791471b3ee19a1a2ca5ddb44b4c0,c0a46b13642214cf657ae64155a7c7bc08ee1c1a9d56e440a645fbbd71f9cc89
881,"(20261006, 881)",3454454101488805120,3454454101488805120,af227d4b20cdd82a35d8075acf3d0da438344d17775a8051a40bae05ab7517c8,28c74cab313d92e58b8d957aef60977826bdd174741911e1392867ea309e393f
882,"(20261006, 882)",-8484649216118748071,9962094857590803545,297fa576c3e9497dbde2539142072a2d779542a89f28d4cf19d3d4e2114dff45,a68265b5c4cb26c62f5eecbafaab8f5905c3a3d749283b7ecb581a9507d86fe8
883,"(20261006, 883)",-1977008460016749646,16469735613692801970,a7b70c106a773f1e739078b996d42d77ff29175fb1236bf7e6475e172aa04b92,b6ad59474a04db002eb4f2cc16c71cd8f57b782d90ec79dd2f94327686b6f8a1
884,"(20261006, 884)",7178304201735737476,7178304201735737476,bbefbd3a7e8d669b1603a8c97299e427948b5811545e664aad2a960b085ee237,1c20328f045f6a7fd08bd887bbf0469b25cdce8fcc73077145f4cf00cf07d06d
885,"(20261006, 885)",-4760799115871815715,13685944957837735901,fa8d98cd8ef14e6bfb2953e4b4f9335f4425e931abc1164316b234f3174fcc8f,72723b745a71cd501e1b46f77eadd90ff245cc38b7c250f16b4f303ab97a016a
886,"(20261006, 886)",8792870928865039535,8792870928865039535,1d1bab0ea84ed86731e2d620e8cdd6d94264fee3c936b885801cc0cd99ceacc5,951c02cedb630f14cb7a62cddeac33b6680e6305682f027b512d10e018719849
887,"(20261006, 887)",-3146232388742513656,15300511684967037960,f39e84e4920cf4b9b779d30624e7391666363ba3d4d0606737a5ecdff6cdf52a,920bee5e76a45df1219f73e43e429de9312a476f43e1fbb095c20aa82cc8085c
888,"(20261006, 888)",-8039306417715210022,10407437655994341594,07a0479db0e558a30683c323630bedff251e5f8a46ff6028bbd8f314cc0c39d2,c80b9d4768a0a56eea77b45389c74ba89c642c56af360279c6d855e9622fd785
889,"(20261006, 889)",-5930023044597579725,12516721029111971891,20f254f42fb88aa869233b2a9f5d497e0dc69d5826645befe18c9dea01e46e9f,964f68edee52071ffb1b6a4e0feff273ac2c8d06d8edd1dc0537ad10e690a18a
890,"(20261006, 890)",577617711504418700,577617711504418700,294f1420aad65b5f5dff84a64ce7fa84de014bd69b849bdf600695ff40df6dd2,0ed19b5aebf371a29625be79a0877ba36aa61f890bc0f0cdb53397e86689acae
891,"(20261006, 891)",-4315456317468277666,14131287756241273950,72d1c4b7f7bfa9ae08c4c33b981d26f67be2175f5e0822949f325cd891fb94a0,d9852c729affd1271cbe6eb59d0e51f42d47c7da401383654610dd60405081c0
892,"(20261006, 892)",2192184438633720759,2192184438633720759,82b6aa4f3e7da4778ca23a2328ab794bf93c7724aa88349e095a0318d8d00a7e,16ac282e0c5662447e07c339a5ceef55da41705dc9f54a050bf4c93191c7919f
893,"(20261006, 893)",-7099246973323343735,11347497100386207881,651893a75b43e3d6ae7c198990e216087d75ef3feb807f73e3c32528e4b570c1,bef88881efaab3912af678b0023de2897d667958fa0d8bed62f6a6c34bab15f2
894,"(20261006, 894)",-591606217221345310,17855137856488206306,33f59d204142d6c68b60627d7a7af00b78cea7e9b7bca44d19830894e916c70a,478b56d2f62b587ba0fc1e95e5ecedb4311075932bc2aa5a936237ccd8748ec1
895,"(20261006, 895)",-5484680246194041676,12962063827515509940,995bb2049cca52a41bd402e2fb36db7b94261387bf82aa22d825241e0366b05e,af4bd35de551ddae712c88c6297dce5796a704a46134c0825ef7f92f0f185200
896,"(20261006, 896)",1022960509907956749,1022960509907956749,f1569829f4adc8adcca1b27889ac36be807b691647bc05ecc69e651bed528bc1,992854a8854cf37f284821eecb1751f9435060179ead4b009888f3bf611f8c8e
897,"(20261006, 897)",3132243883025587046,3132243883025587046,fce1dfe137f639ad1d29bf7ff149fd7229fcee983ddc81c89765444b485dbe88,7ab4716631c5f1d3dd4594f825ca3c240776d766cbc45fe6b8ab7ceda2f11c6f
898,"(20261006, 898)",-1760830145947109320,16685913927762442296,7c9b1044bbd5fc12c75b1fc007f3be024697ee5e3a56e987a49fd2532f427972,fe05ad00d321b7a183e4fc40cff8bcf58d51c09268743e9b5d47b6bb95b904d1
899,"(20261006, 899)",4746810610154889105,4746810610154889105,e2cb5c04ed3eb1646b09dee24ce81ff704e5955799dcebceb6dd27fbe9c8ba5c,93c2fd083296129bdfedc58c5246c15b1830672a216ae22175f349eb0e37ebbf
900,"(20261006, 900)",-146263418817807261,18300480654891744355,06979a72604a858a707f0585a739b7038365fe2964314a8b346c825741e25041,31450bb8b414ed0e25cff30fe2d870a17a34273d7388e3788a0732b91fca2623
901,"(20261006, 901)",1963019954299823036,1963019954299823036,fa770b99e463d4d2c6c116776897ebded7c8f9543c42f0a1a9bda86a031f85fe,8e20930d19e41f33a812f7ca1e7b57090c8c79502684e99ee45a8fdfc3123f9b
902,"(20261006, 902)",8470660710401821461,8470660710401821461,e652c4456d276f7e184439b303658d23df5feb577a5dbb75f95a3bfdbba7a36e,183a8edee4cfd71205a83392bda4d3e3b61c5e3617560d391ea3a2a851b141a1
903,"(20261006, 903)",3577586681429125095,3577586681429125095,d2664fc613b81768e023b47f71ca949bc277b8b343ac7a00a4115bf4e3ba352e,826337ae698e2e34eae109afedef615480d8cb9cc3932b3fd05b65bec7c5011f
904,"(20261006, 904)",-8361516636178428096,10085227437531123520,bd5fe47483b6c128b41b27d60e6e00280b78e5a95f12256078507d60d0f231ba,27993400b5b1f915486b81957ec89a7b2eacf47b9bd43519dc573c7f4f269816
905,"(20261006, 905)",793796025574059026,793796025574059026,7c83e0982bc50ea95e0bef98427c718ca44b123f12a822840271e39cd69b8ec8,467c59749040235edd184fbb744a9057757c46b75f3c379884b5819545480186
906,"(20261006, 906)",7301436781676057451,7301436781676057451,7520d0c63f0b831ce7aa8f132747a5edadd96a6480ecc668e20b5622be822464,d2d523d2d0f16d338383fcd682197e0bee1481bf3b045d166bc4656a5d870c3c
907,"(20261006, 907)",2408362752703361085,2408362752703361085,c4c27dc7b197aff397bc7b11868ebce1b42f4e6edffe54d74a81b7d758f257a4,87e764e69a33c755e2c5c94f55eae485c9aba42d6b80db7022a58586496488bb
908,"(20261006, 908)",8916003508805359510,8916003508805359510,eb36397f9bdc27bed40b1ef2de029b7aa500a26054ad2f6537abafebabe6fa29,a50547e92ccfb7167d96819af2b0301a3f8b79615faec08b382735a846bd92bd
909,"(20261006, 909)",-7421457191786561809,11025286881922989807,fadf1d3412dee74ec65d68bc60d1452e1d64ea79861b7a713b7a7dee89551d44,d2654dc940cb6abd3ff8be1074718b066b593dea27268231a6790b1fc994df6c
910,"(20261006, 910)",6132212852950293441,6132212852950293441,ddff9897e920bf55b38b5f30de68bafbe8fe015ed05ab8bee04ace1286200e8b,579a3e7208e8b606107568fee6da988a6a17002e478759c541e5146451481ea1
911,"(20261006, 911)",-5806890464657259750,12639853609052291866,089e6ef50d88f5d05f86a49fde60934217a246d444652ed23c9410bbda808ebc,403d987a3fe38221d480ffc8d0be248ca6b6549c29b4c6660c1fe5fc05907056
912,"(20261006, 912)",7746779580079595500,7746779580079595500,03ff8611a6b9114b47d6ddbaec9794ab5725addf96022368277581d39acb48fd,fae59a16beef3c3add8b84d9207e99d4ff7d9012e9486253f37517ecdf56f43d
913,"(20261006, 913)",-4192323737527957691,14254420336181593925,43a6ee9493c455d0373ebe0e47d685946fbc991f88a981cea4af71bed0b08112,81e61b4f8440e57f4efb18a06188ab0d22a46eb507bbdebdbeba4382dcbdd82f
914,"(20261006, 914)",4962988924224529431,4962988924224529431,f2fbebd653d58a6ec32b165f4a900ada71d9416783c4e7ea04df16629bdadb1b,1d18fc0c21a435e14933fb76d7769270a1f2d5fb689b4d40b6db647b2812c1c2
915,"(20261006, 915)",-6976114393383023760,11470629680326527856,696c525d6ba26b4672edc87b92e08dfc87af144df5fdf39d84d9e96d9b8a611c,3744dd99f14d58224108bcfebc2720c27d572312111558da3fced6940b13cf5b
916,"(20261006, 916)",-468473637281025335,17978270436428526281,628bcb0062dee47fb856f93302985471f4fc5190dc78c4c2a25ae6369390ca9a,4fb4262c2591454b7da67b4a2cf799755de0a46c05db259fe337614f45b0d593
917,"(20261006, 917)",-5361547666253721701,13085196407455829915,f70b6671326299eba0984b20c49602e45b7cf22dbe70437a0f802757e6ab5e08,42411ffc240979b2c75d51082a4e02166afb89227879b444a7430bbe885e433f
918,"(20261006, 918)",-3252264293136091404,15194479780573460212,563d6e5c07eebab9896fea9871e24addc0240c1e081b7b46c214af449d49bfc0,632bcba8deb135f652629155f0a6a04c54433c3776e203a2c5f5f7fd7c0da107
919,"(20261006, 919)",-8145338322108787770,10301405751600763846,9c464d20018cee0b9eafa8a1d49bca7b7c100bc3820cbc4a76bb140cee728e2c,104a95a2e194940ff81969de5c5508fc9790eac1db94793db3b765985961aba5
920,"(20261006, 920)",-1637697566006789345,16809046507702762271,8609c5f793e03fc5c254e6a36e52a3cf5dc9cd85e8bd8df978af7484ac36d372,18d8a27e553a9f04eb6ed96c21e422b8d9a2931241dad5cc4e8770385bc28b63
921,"(20261006, 921)",4869943190095209080,4869943190095209080,b29f0e945bd24f0e09c0b719899cc98f00e93114acb213a1b4bf79f1060995c4,28fa92a43528e08833f9b78980ca1098c4c27af7d11ce841fa8ac96e1681c6ee
922,"(20261006, 922)",-4421488221861855414,14025255851847696202,84186ef73040dd1441e8e91ec0a3d92968fa3f255062fbeca9fdb6e361e8de7b,947dd757bd617a18374782dfe8053dbb3695a0fcc26a278115322cceb4eb71aa
923,"(20261006, 923)",2086152534240143011,2086152534240143011,7a55dfacf28fc640042ae66e3513e2d149e2035656036d27e2e822ad2040f932,d042e9a16e971445b172c077ad708e45fe812e79376c941893f848bcd01f9fa7
924,"(20261006, 924)",-2806921494732553355,15639822578976998261,6e969c1ced4cf09a277d4e564e1e680cf02a042ca04a4154258321161c0036a7,bd0e91683389d873a91324537f1ef38b840edfae724e17309df84aa4727c1c49
925,"(20261006, 925)",3700719261369445070,3700719261369445070,cafaa5039ec5c29bfb4ee63f4f7bbd558346af9a3756b2136cad64d9132311f5,8b8937c77afcc4c0c51f82196eef0ab17206a245b5d03a54332bb8129035b870
926,"(20261006, 926)",-5590712150587619424,12856031923121932192,a5d5382bf2654288e0d104bcb608293664532eadca0fead537bc1323b355568f,611f4cf0c6e693bbe8322d6cc0e943452ee4a1de3578feaa92d77648316cf081
927,"(20261006, 927)",916928605514379001,916928605514379001,2120a221ac0cfc6abe1d1aad21756b18dda90716a17fd717a34038d1dc3ddca5,cd5881d50a8686f3edf2caa00b810eb4e1e73039fed9d5a34cbace05203b62fc
928,"(20261006, 928)",7424569361616377426,7424569361616377426,9d70501e26ca08c3ce0b88b6a19ab40f481ce94d2252ef67747dd28c4a8a0667,70fed9b8bdbfb6ce7de6f3ec93a0b933d862f20abea9c6828407eb655521211a
929,"(20261006, 929)",2531495332643681060,2531495332643681060,6fee7fc5144ba2cb07ff43cd9db75a925d04621846e5f8e23b73402eb5d78bcd,fc2648790b7000487af22709b8323d6179f61e4c93d50fdbd1234c2cbb824489
930,"(20261006, 930)",4640778705761311357,4640778705761311357,7e8850e717e1aa3ce526626a17872e1aa7e0ff68fc777f4857ba937df28f06f1,1993ad60f9b6e507dee829dc0d22e182311e6e146ab7ac9843a098363f558319
931,"(20261006, 931)",-252295323211385009,18194448750498166607,9d87218142f3e0be7661c58dbc0992ec5711ca15f39b0c6f38f5c13418acfe57,56bc5b70600f97424b95d3aaf3ac1ebb45faff1a5d84a7b723338553a80152e4
932,"(20261006, 932)",6255345432890613416,6255345432890613416,f6a08fc03056204228565e5cf1b40474febb7e46673664bd9d56f3533c19bd81,2afff2c36f528d9b193b06f0d56eb016b2e8a800067d26caf70564f1a463ade6
933,"(20261006, 933)",1362271403917917050,1362271403917917050,0669a5be858b19287677ea105015f1e021bf13e229208d9c78f4d9a54e678df5,485dabbf71f1e6d455b15d4e6a9523dfb097dd12264b543023f717bfcb4f2697
934,"(20261006, 934)",3471554777035547347,3471554777035547347,a82df2cedb73d5784a2a113ffad86910b0be630b0724e1963fc527e5a4eedab2,e16e32f1f377db44a492b67084dedeaedf3a76c3ea0fe0c28656668d3f66d984
935,"(20261006, 935)",-8467548540572005844,9979195533137545772,8f36fc85816e06031d22c669cbb6e9fcf110bd481da95da728d730befe2d9786,633e8c92138eca4548f44ce7a9c33e9109113d2008f917b25b275bd6cbda430f
936,"(20261006, 936)",5086121504164849406,5086121504164849406,fbdfb7edbe29e7e0ce79fd09234399a749b6d18fb5c179650240db4d61f47a3d,c65e923c0da317b47ab9b3a83855c5e4008993f514994a2811e81b6d9b466a96
937,"(20261006, 937)",-6852981813442703785,11593762260266847831,01608cacbed9142905d58840ec062d32890579129bc25d21d346ace8267055c4,4c78b60244685f4c9b65fc38cfba58efdcb5d8915357b9ba84c39239e5bfb2ce
938,"(20261006, 938)",6700688231294151465,6700688231294151465,b32944d9ab72c8347ad980d847e7b21bafdb10cfdab41f3cbd3b592a34c51a55,6265d57b1b2b52352818336e25d321772251e581b2881f15dc69fbcee0bb8981
939,"(20261006, 939)",8809971604411781762,8809971604411781762,966fc99eb3cf25a92534538b558fac02d03f6f9434df28f508111f14eec3c9ff,9af29dad2931c671abef6288bd7260e8c06faebd2d782582f6859ffd4aa48ca0
940,"(20261006, 940)",3916897575439085396,3916897575439085396,3dc3374da29e52954373f05578dac62048c05642e6a7a5ec08dcdf25983e695c,6203201a8b58f8b8622329e238c5afa918ee81df3ac4a7c40ca178260422f011
941,"(20261006, 941)",-8022205742168467795,10424538331541083821,cc2e64ef0c8d8ceb28ff69de9f94e4c967ef0e45fe038a26fad22f489c942765,3b7fbb998c02446fa2e761e9ee0e08ab90bdc1a81e9d90f8004c229300bcd0ce
942,"(20261006, 942)",-1514564986066469370,16932179087643082246,85dce3a60207302bc8d3f1c357a1618e9541cea4909ad950e2af690763e8a984,51799e7423215608876822a1765c446ea473b71aadd080ff9cc7110b2ff16b00
943,"(20261006, 943)",7640747675686017752,7640747675686017752,6aeb5ecb4ea09ff44cfbd59eff5f8800e02315a5fba74002fb12fc654a741d2f,13e7d1245ee868c03b37c8cfa32e7c59f0916f423540f046fbac9fe55b1a5b1e
944,"(20261006, 944)",-4298355641921535439,14148388431788016177,2ad45fb67514a9002d1e8c23ffe2712d47a70a20fda380567d3dda7e0557d3f6,5319f122391612120376a81e268b9a9b1593e6512c51c5abd5a3db0755487056
945,"(20261006, 945)",-9191429670894231805,9255314402815319811,d4a1c946da2cb4532d363be8cdcb7bac3f90f2e429ae16f1345c63ad97a216cd,adf0a56102adef663c925867b03e392e94ddfd1f15738d756bfff2390bdc6e89
946,"(20261006, 946)",-2683788914792233380,15762955158917318236,df0753ca982a396716cbc36f9adce3845feb3178f2c5d817d79f750639d9dff4,80193d540f4b2018a35eedff7e903894ccb0c6484d48dcd32c66557b5b4214ea
947,"(20261006, 947)",-574505541674603083,17872238532034948533,240f8c0f0f0ed187b5875c411f528dad2719eb607f82b151ca6c6fc3dccaaf7d,caa174451d2f9502b9785d280f1e5ba6c8f2696fcc6418188c17501c5a70ebeb
948,"(20261006, 948)",-5467579570647299449,12979164503062252167,edc186c664ad8886bd89542430a7e1f911d0cc26b9f824499d245dbdcf4789dd,2686c9d9acefaff779cb4aa07a91e53d766c30548171732d1e3ad1ba07ae4f55
949,"(20261006, 949)",1040061185454698976,1040061185454698976,76e98edb7f752b4802ae1d1a862295c1776da66ebb9ed64804d1e18237643495,c163061eee7b5222ac80ccf7e40ce8a78278feaeeb7e300c8c813b872eb47dcd
950,"(20261006, 950)",-3853012843517997390,14593731230191554226,24f3121591f2f1062761dc7d3130255e242e66608b67796fbd79fc174e56bd0e,dd4a32645d87b3154d5e606cabea514aa1400c78e1b0d1d020013ca90484f58e
951,"(20261006, 951)",-1743729470400367093,16703014603309184523,0100c6c26ee1c376f096398d84d72f9c0db9d00c9ea9c77cd1cf19e422034ab1,cbded006b678bef42f05219eb2d48baa6d8fded68d2c64e496e71ef4baa0991c
952,"(20261006, 952)",-6636803499373063459,11809940574336488157,cfe898e559a02d76403c35f57dbfb71dc4029a127cd708ee5d9bfdd2632568f0,2c24d23d21a49fc409712a5a6501207a708380284dd36c7ff2bdb29811827518
953,"(20261006, 953)",-129162743271065034,18317581330438486582,452858d7ec0611ec17c24cddc9b3f08b35ff06abf7eb148a20fc9bd529587ec3,9a11a312ea5cb759eb49b9077e20864f5148a67160f7aff1ec799e342a5a2080
954,"(20261006, 954)",6378478012830933391,6378478012830933391,533ccdb6d6046d2fe73a0d64d46382d59a9ddf59157f980e43fa1de9a54881e0,b21dbb4e7541e6469f2e7aad426338eacdcd84547e5cb6a7f81027f1c5d8a0ca
955,"(20261006, 955)",-2912953399126131103,15533790674583420513,bd66f7668c9d0a57e4f36bf5d9374917a7e340a297ceba0f02d451d60e9116fb,2782d036932981e5156c6dd7611f2c0f1da6c30ac226b2a200ff7ce9253dee4a
956,"(20261006, 956)",3594687356975867322,3594687356975867322,f68d28e107b2d1ae707bf046dce3285c6bf5d90cc94214ca562ff1ba6e209d41,068fd7021a850e9d1bf56e6f461e40001ffffff44bd2604818ed498fbe734f7c
957,"(20261006, 957)",-1298386671996829044,17148357401712722572,65c37cf5641c2409f2cc02d5037d70bad8ce614cc4e4c1d7d0785f689f2c9756,40ae9b5feaa795cd3ff61ceee3034e771b2c04818a85e9a57a4631bb8b74d8c9
958,"(20261006, 958)",5209254084105169381,5209254084105169381,31791af4cdd3bf146dbe2709be1bebc63fadbf41105e126d352929e3d199403b,bf4593dece107dce9c580b96b1fa964a7b2b10c549018fe48584ca390ebe0b7b
959,"(20261006, 959)",316180055132473015,316180055132473015,ba12fc1c55d31a0a18fc70825221b7f99d6718f1bb84dd3b24f8ae232e751b5b,28bf1c1668be6835f778bc0734a58bc61b2110740277e2000fb63b27102009c8
960,"(20261006, 960)",2425463428250103312,2425463428250103312,1cef9366c8ca86403ea0d1d9bad2d37e2a5c54fa2a8b36ebfafdb8c35be2715e,69af3988a22c002810e770fe6554a204df09d298c7a7af19262d6e3b70f177a1
961,"(20261006, 961)",8933104184352101737,8933104184352101737,7449b823d1dc051a5ac38c9321ab3b556233592f1565aae0026a63258775ed1f,b24cb804c6e2b9ff836437fea89c35550bc2a4467a2b83b885564e4e7b0b9705
962,"(20261006, 962)",4040030155379405371,4040030155379405371,5e66c6cfa7b4856d7013edf454f048a8d5d71222c2df39cfc3a87f6fd4a38039,9cbfb045bcc5ded011f59a88079ef394bf4a3c279f252c0390e98e69baa20aaa
963,"(20261006, 963)",-7899073162228147820,10547670911481403796,098e8c1eaee647e8ba628ee827f9e15c0a48e5c067b805206b00d9c3407a4c21,52255aff134355e5e55002b75e1a3f2639bd68b13b1f404d56d3f1df214fd365
964,"(20261006, 964)",1256239499524339302,1256239499524339302,7b8aaab3107c3ee115d1a7d11f3fba8a76c40498bd4ba89b68e5a346001f608e,d2e68c5dfa482c160d661992b488d2f7f7e537e87487f9cfa263abe3f1a72e93
965,"(20261006, 965)",7763880255626337727,7763880255626337727,eb6045bf9b40345110c54228b828931fb36c4ab66a753de4d56a7e3834f650f1,0381e4eff6785caf0772a00067d8b9db2f90ddc326afd7cb93ead84e92f8593e
966,"(20261006, 966)",-4175223061981215464,14271521011728336152,cf033db955138123c82496f7b526acdfde1a3f23ad332833892224d22de9ea1b,545c5a0a117023c92f8caf80162218c414f952c3ac1b7f2e355889041a9863ea
967,"(20261006, 967)",-9068297090953911830,9378446982755639786,172198198c33ba443fed34bfd87fec50f60417668129a8260c416806b16f4195,b33854ccfaf99dc48f99b79f8e6bc5cb1b114ee76ab328881587df78a76032df
968,"(20261006, 968)",-6959013717836281533,11487730355873270083,bb73bed9edf5474787dcd6596820027a99973b57a5e843240d38efadd2d70c1e,392d27f2997db11774394ac1e240cd847a61920c50a54c6a3728008434045623
969,"(20261006, 969)",6594656326900573717,6594656326900573717,5fc4898bbf5e829f2500dab6faab9e8d931b02e0d441654dbb271b519f38b8fe,080c624e8a667297fa19c4ed2e27ef6a732c5c666107b5dcd99bdae50ea3c51b
970,"(20261006, 970)",-5344446990706979474,13102297083002572142,5b8e23ed46821ae24f2f92e442fb4b56c628299a6f5a3f46ffd7859209ad2cdb,f5f48483419a5d077e7df00d95e7aeea91af84fbcf3010ce6626fff756b0d4b2
971,"(20261006, 971)",8209223054029875776,8209223054029875776,6d50973393ee5748d4c44694434f42b1c6ceac2e29f0d59d7450a9df022341bd,17b8398c3596c434c68eabb2a3f7d798933fae8628eba8e37fe7eb239061cd87
972,"(20261006, 972)",-8128237646562045543,10318506427147506073,904055549f831797e70dac930f8c3930738fc30b3bce7e8a866addf8718c36a3,d28329f2e304b35af35ac69cc11b05ddb9857a8c47a3bb2d444208e61e989330
973,"(20261006, 973)",-1620596890460047118,16826147183249504498,bcbd79890d97d65d3daaf59c357ba589f3d853ab66884746bde2c050656c5ece,9c851a9486d73f7ee5f8ae5b128aceab20f01394eed3ddaa55940780fe13d1ba
974,"(20261006, 974)",-6513670919432743484,11933073154276808132,142aa62d5de4b16d128ffb1c8774e4a00916b9c8e83874db0e6488fd3fb01e12,7c739005e9688fddfe06ef47d7762c9eb3a155745ffe13bdb873c4e92c2fcc06
975,"(20261006, 975)",-6030163330745059,18440713910378806557,754d200e2c7bacdfc403c3774ee2978a49af42739cc1c3e4d0aceff101398b0a,665e6bbb7f54683984e959c6101123b9e4b1366d60eef3c4ca57688b52c3c0e5
976,"(20261006, 976)",9149282498421742063,9149282498421742063,da3b5ddc4af58690827f8bb9c96d36fc4e0a93b1b58b5331132ffe1ec4a8aa9f,914e57f2546657d6ca3967222c1f5e68b77fb16b5b5cc99f1c465ad3d292d666
977,"(20261006, 977)",-2789820819185811128,15656923254523740488,0a1f3386d80976096779bd3b73cda88942522d2fe38603d8ab91773245e3eef7,2e1abe124bdf13dfaf7c97ccde2f30e9444075bdfa6756b34cf14890ae05af0a
978,"(20261006, 978)",-7682894848158507494,10763849225551044122,514e3ae341c4883f32961de0f09fa1484732bb714f5a3f4f41befa74ad51c817,5dd13e873eb1dcc6789891e3a095f6385432adbff984dfcd6062fa5133f464d7
979,"(20261006, 979)",-1175254092056509069,17271489981653042547,456463e0b68ecf82caa85a59ad547929f727e378a221f6bff2cfd56d42e5e27f,5ad130312ed79097f6284a820c8e2879072b9f8c00ddf97cff1be4da51cbcfd3
980,"(20261006, 980)",934029281061121228,934029281061121228,a63e89ecfe604e7076294e2cd459b762c572bb2a1f39389c2d71a8ed9719a473,dbbcb071f02c2a234e7e9df7228437921eac0cc6b72699045e1365a56b5d0887
981,"(20261006, 981)",-3959044747911575138,14487699325797976478,2603714e410dcd99e14784c544d1cb293f64dc5b92613521d7a7acd0eb423623,5e64e487b6063bb403632c5d4dbceb1bbbc641673d2e20f309ca90c29aa6dccd
982,"(20261006, 982)",2548596008190423287,2548596008190423287,1891d704d0317a0f228e6ab4b9de8c0729c09b8dc49f07ac31ea099a1d3a9d17,d525aff1fd3cc5c3eebe399d10c9ccca3ce8bdf01fad10bfe39046d83d44eb9b
983,"(20261006, 983)",-2344478020782273079,16102266052927278537,b99a19e6b4d3dbe913a8bf4f15788978177b4a8e120956b542346de7660209a9,1d41a8ec46be0d27e487483ba63db6cca0e7ca40017c8b201e9583238932e72f
984,"(20261006, 984)",4163162735319725346,4163162735319725346,56007ef403c9cfa57d60033bac9532fca49eef1fcb54e464ec6fd06f7117de0e,2e6b23a56e6914d94d754a7af43873b0316a6dc0cdcf3004c9a7c3b21e692eca
985,"(20261006, 985)",-5128268676637339148,13318475397072212468,feebdabfe4f09d2bc5c3560171f4e8244fdc23abd8d1e414f09cffef258f764c,f82ce8cd86c3366268d7a2f3c8bdc52227b5cd5afb691e4ff6cdc3dfd62bbaac
986,"(20261006, 986)",1379372079464659277,1379372079464659277,ff6562cc9f479eca4fef8740f6e9077f955cdc74f3a0f025541f02d8a5f37447,cdf43d11daaa20d66a9a5f66652d9c4f34383a6182b13c84cbd59e6dbec29e54
987,"(20261006, 987)",7887012835566657702,7887012835566657702,1128c9218687d56b49eedc196b1b390399c80fd5d38c0bfdc65552f7394ffff8,6e53fd25be13d903996e01e9cfacce711907e1e75d883cbc217f1ffba844b2db
988,"(20261006, 988)",2993938806593961336,2993938806593961336,571f1c5916d9df25238da42b481abe6cb72f3d0573c8f7216d4d9b29dc6b56e4,1f66ce7c1773e3aa88170e4aa059fb6fc711b76e74322e83cbc4d417497d47ce
989,"(20261006, 989)",5103222179711591633,5103222179711591633,cd94d7086c347a6afdaffd100ffea9e0f6149da9209b15d1f566933d82404ea1,76d87aabb32237b40608bab7972de454249832137eb338c26fd765d5e89e32ad
990,"(20261006, 990)",210148150738895267,210148150738895267,9938029d2a6b797f36bbf2dbb8a9005e9118b8d544b8aa5c6910b9c9150c41cf,090ccb5119becc09b2265830e5dcd7305f9af743957d739b137fea75e4984713
991,"(20261006, 991)",6717788906840893692,6717788906840893692,65c6aaea86612ea657eeffec3dd2bf3605daa272cbcd48a103e7adc7a5be73db,919d641989c870b9fa700ad7bd9a6e0fca402b67d8826d88e51b2330bb71d4cb
992,"(20261006, 992)",-5221314410766659499,13225429662942892117,4dd12a9eba436f15d763c678a0c3cb45a2716efd415a3e3fd6086b34b2348be2,9799b875cd9a0ee8f1f7eaf6700a843f13883e5f39c6665be281b53ba3d6183b
993,"(20261006, 993)",3933998250985827623,3933998250985827623,2066b5e1d3fc43e2137f5df1b444fa8f39288600f8f09bad595e0cecb31e2760,712824553e4b2d0f663f21560c2672c41fff4588f8e3898a324a0555b8417b0a
994,"(20261006, 994)",-8005105066621725568,10441639007087826048,8a72751abafd48c643579c7ea58e314465116ef99c93bbf6815e8671ba0d5074,76c95f1f675232ef89cc586e7189e1c3ba15ba2b043c3b9cf312cd7646ae9b55
995,"(20261006, 995)",5548564978115129682,5548564978115129682,65bc45d90265d010622ac3f3dc20121c712b6abaec0285fa15aa194044dd7539,5ad03eab97d436930b849a5e1bd5f3c73889d8805d4519906efd1a2e383b40e5
996,"(20261006, 996)",-6390538339492423509,12056205734217128107,ee9619b64bdb2ce31d37b2cf4b99563596da05121399a2a0b714b68ac5b1a874,16ac153ece8497d7d584808f4333ea9cc54cf77b9e6f8823c9afd2a172636339
997,"(20261006, 997)",2764774322260063613,2764774322260063613,b45737dbcda7334134436a32607b7868cbb6f246fcb4ed9b7f48699ddcf58216,c8fba25745c0830d7994ff7f3086b90a64c4fb352688e8ec9b2a6d7ad9e3cf16
998,"(20261006, 998)",-9174328995347489578,9272415078362062038,b33dc463d4f847ca85425dab6d31119d5d167e2b6b969b8021784c99cd89dcc0,15401c335c95279ee7263ea5985a75a671cf57e96c0157a8593ddb3fa056c5af
999,"(20261006, 999)",-2666688239245491153,15780055834464060463,7072ff94ebbf19c4d630c981ee65d2d85a5673579fac5975e159c5691b7185c2,3d7be7d83fb90504638230e5086a41d7b185376c56b8b3ae868f71d9d63bf420
